OBJECTID,LAND,BEZ,UJAHR,UMONAT,USTUNDE,UWOCHENTAG,UKATEGORIE,UART,UTYP1,ULICHTVERH,IstRad,IstPKW,IstFuss,IstKrad,IstGkfz,IstSonstige,USTRZUSTAND,LINREFX,LINREFY,XGCSWGS84,YGCSWGS84,,,,
50631,11,6,2019,9,13,5,2,0,7,0,1,0,0,0,0,0,0,791258,3711,5818953,72,13,28608,52,44299
50632,11,9,2019,12,14,6,3,3,6,0,0,1,0,0,0,1,1,804585,2809,5823115,895,13,48535,52,47303
50633,11,1,2019,6,1,7,3,2,6,2,0,1,0,0,0,0,0,798817,9365,5827216,851,13,40437,52,51298
50634,11,1,2019,7,22,4,3,5,2,2,1,1,0,0,0,0,1,796420,2339,5826327,806,13,36835,52,50632
50635,11,4,2019,4,10,3,3,2,6,0,0,1,0,0,0,0,0,792237,8672,5823643,684,13,30455,52,48451
50636,11,11,2019,11,7,4,2,5,2,0,1,1,0,0,0,0,1,804910,9235,5827464,538,13,49411,52,51183
50637,11,5,2019,11,14,1,3,5,3,0,0,1,0,1,0,0,0,783586,991,5826696,289,13,18009,52,51644
50638,11,2,2019,7,14,4,3,0,6,0,1,0,0,0,0,0,0,803298,6276,5827613,424,13,47056,52,51406
50639,11,3,2019,4,5,3,2,6,7,0,0,1,0,0,0,1,0,799924,4786,5828818,274,13,42207,52,52673
50640,11,2,2019,10,10,4,3,6,7,0,0,0,1,0,0,1,1,803535,8601,5827604,205,13,47404,52,51385
50641,11,2,2019,9,9,5,3,3,6,0,1,0,0,0,0,0,0,801423,4153,5827821,687,13,4432,52,51697
50643,11,7,2019,5,6,6,3,5,3,0,0,1,0,0,0,0,0,798153,95,5819054,333,13,38732,52,44017
50644,11,4,2019,7,13,4,3,5,2,0,1,0,0,0,1,0,0,790539,6547,5826379,5,13,282,52,50994
50645,11,6,2019,4,11,3,3,5,7,0,1,1,0,0,0,0,0,789806,2785,5817997,214,13,26394,52,43518
50646,11,9,2019,6,20,5,3,6,4,0,1,0,1,0,0,0,0,802623,8516,5825153,23,13,45841,52,49238
50647,11,7,2019,9,6,5,3,2,6,0,0,1,0,0,0,1,1,799900,908,5821458,253,13,4151,52,46077
50648,11,3,2019,12,7,4,3,6,2,0,0,1,1,0,0,0,0,800362,7305,5829550,808,13,42918,52,53305
50649,11,4,2019,5,13,6,3,5,2,0,1,1,0,0,0,0,0,792530,1872,5826706,702,13,31153,52,51181
50650,11,1,2019,7,18,3,3,6,6,0,0,0,1,0,0,1,0,799602,4777,5828290,816,13,41687,52,52217
50651,11,4,2019,11,5,6,3,5,2,2,0,1,0,0,0,0,0,793267,3649,5823001,754,13,3191,52,4782
50652,11,1,2019,7,23,3,3,5,3,2,1,0,0,0,0,1,0,796761,8094,5826668,139,13,37367,52,50918
50653,11,1,2019,9,17,6,3,2,6,0,0,1,0,0,0,0,1,795911,1028,5831794,589,13,36574,52,5556
50654,11,1,2019,4,11,3,3,2,6,0,0,1,0,1,0,0,0,796696,3823,5826198,215,13,37229,52,50501
50655,11,4,2019,10,0,5,3,5,3,2,0,1,0,0,0,0,1,791852,3909,5826614,513,13,30149,52,51135
50656,11,11,2019,9,5,5,3,2,6,2,0,1,0,0,1,0,1,805670,2008,5827389,169,13,50519,52,51073
50658,11,3,2019,5,19,6,2,1,5,1,1,1,0,0,0,0,1,799020,1086,5832456,654,13,41206,52,55983
50659,11,3,2019,7,22,3,3,3,2,2,0,1,0,1,0,0,0,798366,2622,5833481,99,13,40336,52,56938
50660,11,1,2019,4,14,3,3,2,6,0,0,1,0,0,0,1,0,796047,5943,5829313,553,13,36553,52,53328
50661,11,7,2019,11,11,1,3,2,2,0,0,1,0,0,0,0,1,797832,5631,5822297,24,13,3855,52,46942
50662,11,12,2019,6,23,7,3,2,7,2,0,0,0,0,0,1,0,794965,4817,5833754,585,13,35357,52,57368
50663,11,7,2019,9,11,4,3,2,7,0,0,1,0,1,0,0,0,797753,6946,5818876,23,13,38129,52,43879
50664,11,1,2019,12,17,5,3,2,6,2,0,1,0,0,0,1,0,796049,1337,5831335,307,13,36736,52,55141
50665,11,3,2019,7,10,3,3,5,2,0,1,1,0,0,0,0,0,799165,6544,5830375,764,13,41232,52,5411
50666,11,3,2019,4,15,3,3,5,2,0,1,1,0,0,0,0,0,798156,5373,5836034,116,13,40257,52,59237
50667,11,12,2019,7,12,3,3,9,1,0,0,1,0,0,0,0,0,795351,9093,5833718,23,13,35923,52,57314
50668,11,7,2019,4,16,3,3,6,4,0,0,1,1,0,0,0,0,799193,9926,5816469,338,13,40026,52,41644
50669,11,1,2019,6,16,5,3,2,6,0,0,1,0,1,0,0,0,796029,631,5827319,402,13,36349,52,51542
50670,11,7,2019,9,9,4,3,3,6,0,0,1,0,0,1,0,0,797907,3508,5820219,669,13,38474,52,45075
50671,11,2,2019,12,6,6,3,2,2,2,1,1,0,0,0,0,2,800965,48,5827869,77,13,43651,52,51764
50672,11,12,2019,5,19,6,2,9,1,0,0,1,0,0,0,0,1,795348,7113,5833720,231,13,35918,52,57316
50673,11,3,2019,7,22,2,3,1,5,2,1,1,0,0,0,0,1,801768,2644,5831341,757,13,45146,52,54833
50674,11,9,2019,11,19,6,2,3,6,2,0,1,0,0,1,0,1,804172,3069,5819873,27,13,47633,52,4442
50675,11,1,2019,7,19,2,3,0,6,0,1,1,0,0,0,0,1,799537,7873,5828290,475,13,41591,52,52221
50676,11,4,2019,4,16,3,3,2,6,0,0,1,0,0,0,0,0,790567,3827,5828674,639,13,28441,52,53051
50677,11,7,2019,10,1,6,2,5,3,2,0,1,0,0,0,0,1,797459,2005,5817897,972,13,3761,52,43019
50678,11,7,2019,9,8,4,3,2,6,0,0,1,0,0,0,0,0,796526,9485,5822539,904,13,36655,52,4723
50680,11,2,2019,5,12,6,3,5,2,0,1,1,0,0,0,0,0,803090,9533,5827650,824,13,46754,52,51451
50681,11,1,2019,7,19,2,3,5,2,0,1,1,0,0,0,0,1,796270,7976,5830435,403,13,36982,52,54322
50682,11,9,2019,4,3,2,3,9,1,2,0,1,0,0,0,0,0,806224,7776,5818442,596,13,50513,52,43023
50683,11,7,2019,11,18,2,3,2,6,2,0,1,0,0,0,0,1,798511,2796,5822073,55,13,39526,52,46704
50684,11,9,2019,6,16,1,3,2,6,0,0,0,0,1,0,0,0,806501,944,5821232,81,13,51175,52,45508
50685,11,1,2019,9,7,4,3,2,6,0,0,0,0,1,1,0,0,798660,557,5827051,53,13,40191,52,51158
50686,11,7,2019,12,7,6,3,2,6,1,0,1,0,0,0,0,1,795628,9396,5823246,817,13,35399,52,47913
50687,11,7,2019,7,19,2,3,5,3,0,0,1,0,0,0,1,1,795173,5391,5822937,231,13,34703,52,4766
50688,11,3,2019,4,10,7,3,0,2,0,0,1,0,0,0,1,0,798367,724,5833482,413,13,40338,52,56939
50689,11,7,2019,10,6,2,3,0,3,1,1,0,0,0,0,0,1,797517,372,5818159,42,13,37719,52,4325
50690,11,9,2019,9,8,3,3,2,6,0,0,1,0,0,0,0,0,802667,7069,5825212,573,13,45911,52,49289
50691,11,6,2019,7,16,2,3,0,5,0,1,1,0,0,0,0,0,789381,241,5818024,569,13,25773,52,43565
50692,11,2,2019,4,12,6,3,6,6,0,1,0,1,0,0,0,0,802379,3853,5827724,511,13,45716,52,51557
50693,11,7,2019,10,17,6,3,5,3,1,0,1,0,0,0,0,1,797577,2551,5818423,189,13,3783,52,43483
50694,11,4,2019,6,15,6,3,5,2,0,0,1,0,0,0,0,0,789823,4338,5826278,803,13,27139,52,50942
50695,11,3,2019,9,16,3,3,5,2,0,1,1,0,0,0,0,0,799148,5951,5832225,673,13,41374,52,55769
50697,11,4,2019,5,14,5,3,2,6,0,0,1,0,0,0,0,0,789070,6124,5826145,973,13,26021,52,50863
50698,11,4,2019,4,10,6,3,2,6,0,0,0,0,1,0,0,0,790514,8098,5826393,411,13,28165,52,51008
50699,11,1,2019,11,22,2,3,3,6,2,0,1,0,0,0,0,0,797757,8125,5826850,54,13,38847,52,51027
50700,11,1,2019,5,4,5,3,5,3,1,1,1,0,0,0,0,0,799788,505,5828606,632,13,41988,52,5249
50701,11,12,2019,11,12,7,3,2,6,0,0,1,0,0,0,0,0,790339,1278,5835572,793,13,28709,52,59247
50702,11,4,2019,7,14,2,3,3,6,0,0,1,0,0,0,0,0,790445,9188,5827708,9,13,28178,52,5219
50703,11,7,2019,4,14,6,3,2,2,0,0,0,0,0,0,1,0,797577,8701,5818425,59,13,37831,52,43485
50704,11,7,2019,10,16,3,2,1,5,0,0,1,0,1,0,0,0,796739,4483,5816072,572,13,36393,52,41421
50705,11,1,2019,9,15,3,3,2,2,0,0,0,0,1,1,0,0,796719,975,5826660,95,13,37305,52,50913
50707,11,9,2019,7,13,2,3,2,6,0,0,1,0,1,0,0,0,805870,5267,5821880,593,13,50308,52,46124
50708,11,5,2019,4,15,6,3,0,1,0,0,0,0,1,0,0,0,785788,1699,5826107,782,13,21195,52,51002
50709,11,1,2019,9,17,6,2,6,7,0,0,0,1,0,0,1,0,798716,7651,5827910,532,13,40351,52,51925
50710,11,2,2019,6,19,2,3,1,5,0,1,1,0,0,0,0,0,802050,5554,5827245,4,13,45189,52,51145
50711,11,10,2019,9,11,3,3,0,7,0,0,1,0,0,0,0,0,811396,2318,5827110,197,13,58903,52,50499
50712,11,2,2019,12,19,3,3,1,5,2,1,1,0,0,0,1,0,802093,3197,5827298,508,13,45257,52,51191
50713,11,11,2019,5,20,4,3,2,7,0,0,1,0,0,0,1,0,805508,9502,5827401,898,13,50284,52,51093
50714,11,1,2019,7,10,2,3,5,3,0,0,1,0,0,0,1,0,799243,3114,5827891,124,13,41123,52,51879
50715,11,7,2019,4,10,5,3,3,6,0,0,1,0,0,0,0,0,795591,8619,5822927,991,13,35317,52,47629
50716,11,1,2019,11,12,4,3,5,7,0,0,1,0,0,0,0,1,796471,57,5826435,462,13,3692,52,50725
50717,11,7,2019,11,13,7,2,6,7,0,0,1,1,0,0,0,0,798566,8107,5817919,341,13,39236,52,42978
50718,11,6,2019,7,11,2,2,2,7,0,0,1,0,0,0,0,0,794019,9639,5821081,374,13,32846,52,46058
50719,11,3,2019,4,20,5,3,0,6,0,0,0,0,0,0,1,0,799195,1632,5831413,187,13,41369,52,55039
50720,11,11,2019,10,9,3,3,6,2,0,0,1,1,0,0,0,0,805621,7,5827378,86,13,50446,52,51065
50721,11,12,2019,9,9,3,3,1,7,0,0,1,1,0,0,1,0,795737,6391,5832775,984,13,36406,52,56449
50723,11,2,2019,5,22,4,3,3,6,2,0,1,0,1,0,0,0,802522,3777,5827692,65,13,45923,52,5152
50724,11,7,2019,7,8,2,3,0,7,0,1,0,0,0,0,0,0,797820,982,5822902,835,13,38587,52,47485
50725,11,2,2019,4,22,5,3,5,2,2,0,1,0,0,0,1,0,801649,525,5828882,665,13,44748,52,52635
50726,11,7,2019,11,18,5,3,3,6,2,0,1,0,0,0,0,1,799852,9028,5813577,152,13,40733,52,39015
50727,11,7,2019,6,14,5,3,2,6,0,0,1,0,0,0,0,0,797873,5393,5822329,355,13,38613,52,46968
50728,11,4,2019,9,12,3,3,0,3,0,1,1,0,0,0,0,0,790254,7236,5826331,522,13,27777,52,50967
50729,11,4,2019,12,20,3,3,5,3,2,1,1,0,0,0,0,1,792252,8762,5826682,22,13,30744,52,51174
50730,11,10,2019,7,8,1,2,9,1,0,0,1,0,0,0,0,0,808887,1721,5833369,86,13,558,52,56251
50731,11,2,2019,10,4,5,3,8,1,2,0,1,0,0,0,0,0,797756,1273,5824212,571,13,38609,52,48663
50732,11,6,2019,7,23,1,3,0,7,2,0,1,0,0,0,0,0,792888,1641,5821605,395,13,31231,52,46589
50733,11,2,2019,9,15,6,3,2,6,0,0,1,0,0,0,0,1,797757,786,5824183,643,13,38607,52,48637
50734,11,6,2019,4,18,5,3,0,1,0,0,0,0,1,0,0,0,788314,1793,5817727,135,13,24182,52,43355
50735,11,4,2019,10,9,4,3,2,6,0,0,1,0,0,0,0,0,790576,3811,5825143,406,13,28146,52,49884
50736,11,4,2019,9,12,3,3,0,3,0,1,1,0,0,0,0,0,790253,9521,5826331,389,13,27776,52,50966
50738,11,1,2019,5,21,4,3,2,6,0,0,1,0,0,0,1,0,795912,6741,5831785,72,13,36575,52,55552
50739,11,2,2019,7,19,1,3,5,2,0,0,1,0,0,0,0,0,802180,3977,5827726,857,13,45423,52,5157
50740,11,2,2019,4,10,5,3,6,4,0,1,0,1,0,0,0,0,801848,5111,5828476,69,13,45004,52,5226
50741,11,1,2019,11,16,7,2,0,3,1,1,0,0,0,0,1,0,796554,24,5826609,774,13,37057,52,50877
50742,11,9,2019,6,18,7,2,3,6,0,0,1,0,0,0,0,0,803724,8217,5824774,557,13,47423,52,48838
50743,11,12,2019,12,11,4,3,3,6,0,0,1,0,1,0,0,0,795813,558,5832426,551,13,36487,52,56132
50744,11,5,2019,7,18,1,2,5,3,0,1,1,0,0,0,0,0,780177,9311,5822275,813,13,12628,52,47857
50745,11,2,2019,4,9,5,3,1,5,0,0,1,0,0,0,1,0,797565,4461,5825536,42,13,38447,52,4986
50746,11,7,2019,10,17,6,3,5,3,0,0,1,0,0,0,0,0,797428,4492,5817758,982,13,37552,52,42896
50747,11,1,2019,9,15,2,3,0,7,0,1,0,0,0,0,0,1,796323,3157,5826085,27,13,36671,52,5042
50748,11,4,2019,7,23,7,3,5,2,2,0,1,0,1,0,0,0,788931,6399,5826124,422,13,25815,52,50851
50749,11,9,2019,4,10,5,2,5,3,0,1,1,0,0,0,0,0,806600,3741,5821135,892,13,51311,52,45416
50750,11,3,2019,10,8,4,3,2,7,1,1,1,0,0,0,0,1,798195,9765,5835325,318,13,40252,52,586
50751,11,10,2019,6,7,5,2,5,2,0,1,1,0,0,0,0,0,808948,2401,5827441,17,13,55339,52,50935
50752,11,1,2019,9,11,2,3,5,2,0,0,1,0,0,0,0,1,796187,744,5830191,845,13,36838,52,54108
50753,11,7,2019,12,14,5,3,1,5,0,0,1,0,0,0,1,1,799859,2541,5813506,61,13,40736,52,38951
50754,11,2,2019,5,10,4,3,2,6,0,0,1,0,1,0,0,0,803518,3622,5827606,266,13,47378,52,51387
50755,11,1,2019,4,17,5,3,2,6,0,0,1,0,0,0,0,0,795879,5741,5832054,493,13,36551,52,55795
50756,11,1,2019,11,5,1,3,8,1,2,0,1,0,0,0,1,1,795965,1762,5829433,598,13,36443,52,5344
50757,11,4,2019,5,11,4,3,5,7,0,1,1,0,0,0,0,0,793482,5843,5826888,823,13,32569,52,51293
50758,11,3,2019,11,18,5,3,5,2,2,1,1,0,0,0,0,1,798367,2917,5833482,288,13,40338,52,56939
50759,11,4,2019,7,22,7,2,0,1,2,1,0,0,0,0,0,0,791699,87,5826588,62,13,29922,52,5112
50760,11,10,2019,4,7,4,2,5,2,0,0,1,0,1,0,1,0,808054,6151,5827457,618,13,54028,52,51
50761,11,3,2019,10,14,1,3,5,2,0,1,1,0,0,0,0,0,798113,3353,5835761,436,13,40169,52,58995
50762,11,4,2019,9,23,2,3,9,1,2,0,1,0,0,0,0,1,790478,1635,5825452,627,13,28029,52,50167
50764,11,4,2019,5,17,4,3,3,6,0,0,1,0,0,0,0,0,790304,672,5826358,429,13,27853,52,50988
50765,11,2,2019,7,10,7,3,3,6,0,1,1,0,0,0,0,0,802023,83,5827761,53,13,45196,52,51609
50766,11,5,2019,4,11,4,3,2,6,0,0,1,0,0,0,1,0,783701,118,5826664,788,13,18175,52,5161
50767,11,2,2019,10,20,7,3,0,7,2,0,0,0,1,0,0,0,797834,3426,5824980,697,13,38792,52,49347
50768,11,7,2019,9,21,2,3,5,3,2,0,1,0,0,1,0,1,796008,6585,5822735,546,13,35911,52,47434
50769,11,3,2019,7,10,7,3,2,6,0,0,1,0,1,0,0,0,799196,197,5831434,82,13,41373,52,55057
50770,11,4,2019,4,12,4,3,2,6,0,0,1,0,0,0,0,0,788070,3675,5825985,465,13,24538,52,50772
50771,11,1,2019,10,6,4,3,2,6,2,0,1,0,0,0,1,1,796236,3585,5829969,632,13,36889,52,53906
50772,11,1,2019,6,8,6,3,5,2,0,1,1,0,0,0,0,0,796318,2849,5830074,317,13,37019,52,53996
50773,11,4,2019,9,19,2,3,5,3,2,0,1,0,0,1,0,1,790744,2734,5826506,209,13,28512,52,51097
50774,11,3,2019,12,7,7,3,4,6,0,0,1,0,0,0,0,0,798141,409,5835428,657,13,40181,52,58696
50775,11,3,2019,5,13,4,3,5,2,0,0,1,0,0,0,1,0,799122,8826,5832333,516,13,41346,52,55867
50776,11,7,2019,4,13,4,3,3,6,0,0,1,0,0,1,0,0,799325,1052,5821562,99,13,40675,52,46202
50777,11,12,2019,11,14,1,3,2,6,0,0,1,0,0,0,0,0,787549,6002,5837851,569,13,24801,52,61438
50778,11,7,2019,5,15,4,2,9,1,0,0,0,0,1,0,0,0,799594,566,5821357,214,13,41052,52,46003
50779,11,7,2019,11,13,7,2,0,1,0,0,0,0,1,0,0,1,797691,1569,5822311,706,13,38343,52,46963
50780,11,9,2019,7,0,7,2,5,3,2,1,0,0,1,0,0,0,806605,4902,5821130,875,13,51318,52,45411
50781,11,12,2019,4,14,4,3,0,2,0,1,0,0,0,0,1,0,795766,7536,5832692,731,13,36442,52,56373
50782,11,4,2019,10,13,2,3,2,6,0,1,1,0,0,0,0,0,791378,94,5826534,643,13,29446,52,51089
50783,11,4,2019,9,15,2,3,4,1,0,0,1,0,0,0,0,1,789057,543,5826144,105,13,26002,52,50862
50785,11,7,2019,5,7,4,3,5,3,0,1,0,0,0,0,0,0,798590,7036,5817920,223,13,39271,52,42977
50786,11,1,2019,7,23,6,2,0,7,2,0,0,0,1,0,1,0,798678,4684,5827875,934,13,40291,52,51896
50787,11,1,2019,4,15,4,3,2,6,0,0,1,0,0,0,1,0,796695,7199,5826198,656,13,37228,52,50501
50788,11,3,2019,6,14,2,2,0,3,0,0,0,0,1,1,0,0,797957,5,5834563,755,13,39831,52,5793
50789,11,2,2019,9,9,2,3,2,6,0,0,1,0,0,0,0,1,797886,552,5825489,672,13,38914,52,49801
50790,11,1,2019,12,19,2,3,5,3,2,1,1,0,0,0,0,1,798831,5822,5827234,522,13,40459,52,51313
50791,11,2,2019,5,9,4,3,5,2,0,1,0,0,0,0,1,0,802178,5289,5827741,531,13,45422,52,51583
50792,11,7,2019,7,12,6,3,1,5,0,0,1,0,0,0,1,0,797815,411,5823023,164,13,38589,52,47594
50793,11,4,2019,4,17,3,3,3,6,0,0,1,0,1,0,0,0,792573,3053,5826713,954,13,31217,52,51186
50794,11,6,2019,11,14,3,3,2,6,0,0,1,0,0,0,0,1,792374,8156,5819694,561,13,3031,52,44903
50795,11,1,2019,11,13,6,2,5,3,0,0,1,0,0,0,0,0,796343,923,5830077,937,13,37057,52,53997
50796,11,4,2019,7,12,6,3,2,6,0,0,1,0,0,0,0,0,791831,613,5826589,522,13,30116,52,51114
50797,11,4,2019,4,21,3,3,2,6,2,0,1,0,0,0,0,0,794498,6583,5823072,204,13,33724,52,47817
50798,11,6,2019,10,15,2,3,5,7,0,0,1,0,0,0,0,0,793108,744,5820189,965,13,31431,52,45308
50799,11,9,2019,9,8,2,3,3,6,0,0,1,0,0,0,1,1,802776,3895,5825334,796,13,46081,52,49393
50801,11,4,2019,5,7,4,2,5,7,0,0,1,0,1,0,0,0,786958,6726,5825809,561,13,22889,52,50673
50802,11,4,2019,7,18,6,3,2,6,0,0,1,0,0,0,0,0,786783,131,5825842,369,13,22634,52,50712
50803,11,11,2019,4,20,3,3,1,5,2,0,1,0,1,0,0,0,804015,2677,5827555,826,13,48103,52,51314
50804,11,2,2019,11,21,4,3,3,6,2,0,1,0,0,0,1,0,801127,5477,5827835,843,13,43886,52,51726
50805,11,4,2019,6,13,4,3,5,2,0,0,1,0,0,0,0,0,790257,3477,5826350,577,13,27783,52,50984
50806,11,7,2019,9,14,2,3,2,6,0,0,1,0,1,0,0,1,798224,539,5818774,69,13,38811,52,43763
50807,11,4,2019,12,17,2,3,2,6,2,0,1,0,0,0,0,1,792128,2643,5823765,982,13,30305,52,48567
50808,11,1,2019,7,20,6,3,0,1,1,0,0,0,0,0,1,0,799322,871,5827972,354,13,41246,52,51947
50809,11,9,2019,10,18,4,3,2,6,2,0,1,0,0,0,0,0,803738,5056,5820195,2,13,47026,52,44733
50810,11,2,2019,9,0,1,3,9,1,2,0,1,0,0,0,0,0,802054,3155,5828002,373,13,45263,52,51824
50811,11,4,2019,7,9,6,3,2,6,0,0,1,0,0,0,0,0,790611,3276,5828778,1,13,28515,52,53141
50812,11,3,2019,4,19,3,3,5,3,0,0,1,0,0,0,0,0,802807,7368,5832172,436,13,4675,52,55519
50813,11,5,2019,10,11,3,3,2,6,0,0,1,0,0,0,0,1,783497,6986,5826692,429,13,17879,52,51646
50814,11,7,2019,9,4,1,3,1,1,0,0,1,0,0,0,0,0,798755,3482,5817463,518,13,39472,52,42559
50816,11,4,2019,5,8,4,3,8,1,0,0,0,0,1,0,0,0,791555,1596,5829121,317,13,29932,52,53398
50817,11,2,2019,7,2,6,3,3,6,2,0,0,0,0,0,1,0,801877,7814,5827775,571,13,44983,52,5163
50818,11,4,2019,4,18,3,3,5,3,0,1,1,0,0,0,0,0,792758,2877,5826766,69,13,31494,52,51223
50819,11,1,2019,11,4,7,3,0,3,2,0,0,0,0,0,1,1,799190,2375,5828394,367,13,4109,52,52333
50820,11,1,2019,5,9,3,3,5,2,0,1,1,0,0,0,0,0,796184,661,5830195,38,13,36834,52,54111
50821,11,2,2019,12,7,3,3,5,2,1,1,1,0,0,0,0,0,802590,2623,5827701,719,13,46023,52,51524
50822,11,10,2019,7,11,5,3,5,3,0,0,1,0,0,0,1,0,808903,356,5833412,582,13,55828,52,56289
50823,11,9,2019,4,17,3,3,4,7,0,1,1,0,0,0,0,0,802819,2752,5825432,68,13,46153,52,49477
50824,11,2,2019,10,11,6,3,5,2,0,1,0,0,0,0,1,0,802144,1501,5827755,655,13,45373,52,51598
50825,11,2,2019,9,20,7,2,6,4,2,0,1,1,0,0,0,0,802567,4021,5827688,131,13,45988,52,51514
50826,11,4,2019,7,23,5,2,3,1,2,0,1,0,0,0,0,0,792233,6238,5829352,6,13,3095,52,53569
50827,11,3,2019,4,7,3,3,5,2,0,1,1,0,0,0,0,0,798001,1958,5833659,639,13,39815,52,57118
50828,11,1,2019,10,9,3,3,5,2,0,1,1,0,0,0,0,1,799595,725,5828279,342,13,41676,52,52208
50829,11,4,2019,6,18,4,3,2,6,0,0,1,0,0,0,0,0,790620,6013,5827200,323,13,28391,52,51726
50830,11,7,2019,9,12,7,3,3,6,0,0,1,0,0,0,0,0,794723,4767,5823149,647,13,34061,52,47875
50831,11,1,2019,12,16,2,3,6,2,2,0,1,1,0,0,0,0,796042,4921,5831349,744,13,36727,52,55154
50832,11,1,2019,5,8,3,3,5,2,0,1,0,0,0,1,0,0,796184,661,5830195,38,13,36834,52,54111
50833,11,2,2019,4,17,3,2,6,4,0,1,0,1,0,0,0,0,800961,2254,5827853,204,13,43644,52,5175
50834,11,6,2019,11,10,7,3,0,2,0,1,1,0,0,0,0,1,791021,6546,5818794,891,13,28246,52,44169
50835,11,1,2019,5,8,3,3,2,2,0,1,0,0,0,0,1,0,799571,12,5828269,929,13,41638,52,522
50836,11,7,2019,11,17,4,3,2,6,2,0,1,0,0,0,0,1,797378,7454,5822327,423,13,37886,52,46994
50837,11,3,2019,7,16,5,3,3,6,0,1,1,0,0,0,0,0,801584,3731,5829015,65,13,44665,52,52757
50838,11,7,2019,4,17,3,3,5,2,0,0,1,0,1,0,0,0,795640,762,5823234,294,13,35415,52,47901
50839,11,12,2019,10,9,6,3,5,3,0,0,1,0,1,0,0,0,792376,7482,5837733,564,13,319,52,61075
50840,11,7,2019,9,12,7,3,5,3,0,0,1,0,1,0,0,0,796007,2839,5824868,98,13,36099,52,49346
50842,11,1,2019,5,17,3,3,6,4,0,1,1,1,0,0,0,0,795944,3302,5831686,674,13,36613,52,55461
50843,11,3,2019,7,13,5,3,2,6,0,0,1,0,0,0,0,0,798390,5097,5833450,388,13,40369,52,56909
50844,11,7,2019,4,12,2,3,5,2,0,0,1,0,0,0,0,0,797869,6447,5820429,477,13,38438,52,45266
50845,11,5,2019,6,12,7,3,4,6,0,1,0,0,0,0,0,0,781147,7721,5823608,577,13,14164,52,49002
50846,11,2,2019,9,11,7,3,2,6,0,0,1,0,0,0,0,0,797761,1633,5824670,24,13,38657,52,49073
50847,11,7,2019,12,3,1,3,5,3,2,0,1,0,0,0,0,1,797832,7128,5822294,185,13,3855,52,46939
50848,11,3,2019,5,11,3,2,0,2,0,0,1,0,1,0,0,0,799982,3608,5830224,387,13,42419,52,5393
50849,11,7,2019,7,8,5,3,2,2,0,1,1,0,0,0,0,0,795230,4544,5823534,838,13,3484,52,48193
50850,11,12,2019,11,0,1,2,1,1,2,0,1,0,0,0,0,1,795706,4796,5832855,902,13,36368,52,56522
50851,11,2,2019,7,6,5,3,5,2,0,0,1,0,0,0,0,0,802147,322,5827743,728,13,45376,52,51587
50852,11,12,2019,4,22,2,3,0,3,2,0,1,0,1,0,0,0,795712,6231,5832840,6,13,36375,52,56508
50853,11,7,2019,10,13,7,3,5,3,0,1,1,0,0,0,0,0,798153,95,5819054,333,13,38732,52,44017
50854,11,4,2019,9,20,6,3,0,1,2,1,1,0,0,0,0,0,790860,6487,5826431,28,13,28676,52,51024
50856,11,7,2019,5,10,2,2,0,7,0,1,0,0,0,0,0,0,796423,8577,5815399,872,13,3587,52,40836
50857,11,12,2019,7,17,4,3,1,5,0,1,1,0,0,0,0,0,795413,5367,5833583,149,13,36001,52,5719
50858,11,1,2019,4,18,2,3,0,5,0,1,0,0,0,0,1,0,798902,6546,5828084,716,13,4064,52,52071
50859,11,5,2019,11,17,3,1,6,4,1,0,1,1,0,0,1,1,785375,764,5826217,721,13,20597,52,51122
50860,11,1,2019,6,11,3,3,5,2,0,1,1,0,0,0,0,0,799761,8956,5828627,234,13,41951,52,5251
50861,11,6,2019,9,6,6,3,3,6,0,0,1,0,0,0,0,0,785936,5173,5819063,562,13,20809,52,44678
50862,11,4,2019,12,18,6,2,2,6,2,0,1,0,0,0,0,1,790481,2,5828459,686,13,28296,52,52862
50863,11,2,2019,7,15,4,3,0,1,0,1,0,0,0,0,0,0,802030,3993,5828104,722,13,45237,52,51917
50864,11,9,2019,10,13,3,3,2,6,0,0,1,0,0,0,0,0,806635,9127,5821121,58,13,51361,52,45401
50865,11,4,2019,9,13,6,3,3,6,0,0,1,0,0,0,1,0,790463,3745,5825454,988,13,28007,52,5017
50866,11,12,2019,6,15,7,3,2,6,0,0,1,0,0,0,0,0,792033,1386,5831711,134,13,30863,52,55694
50867,11,12,2019,9,13,6,3,0,6,0,0,0,0,0,0,1,0,791557,862,5830732,139,13,30078,52,54842
50868,11,12,2019,12,13,2,3,3,6,0,0,1,0,0,1,0,0,795749,2545,5832703,992,13,36417,52,56384
50869,11,2,2019,5,9,2,3,3,6,0,1,1,0,0,0,0,0,797758,56,5824138,596,13,38606,52,48596
50870,11,3,2019,7,19,4,2,2,7,0,0,1,0,0,0,0,0,801220,704,5837679,906,13,44916,52,60544
50871,11,5,2019,4,15,2,3,0,7,0,0,1,0,0,0,1,0,783319,4461,5826476,398,13,17598,52,51461
50872,11,7,2019,11,12,2,3,0,6,0,0,1,0,1,0,0,1,798192,196,5818900,192,13,38774,52,43877
50873,11,7,2019,7,7,4,3,2,6,0,0,1,0,0,0,1,0,798084,3215,5819322,401,13,38654,52,44262
50874,11,4,2019,4,8,2,3,5,2,0,1,1,0,0,0,0,0,791173,6869,5826482,474,13,29141,52,51053
50875,11,7,2019,10,17,1,3,0,7,0,1,1,0,0,0,0,0,797871,8593,5821606,167,13,38546,52,4632
50876,11,12,2019,9,12,6,3,6,7,0,0,0,1,0,1,0,0,795493,1487,5833372,1,13,361,52,56997