OBJECTID,LAND,BEZ,UJAHR,UMONAT,USTUNDE,UWOCHENTAG,UKATEGORIE,UART,UTYP1,ULICHTVERH,IstRad,IstPKW,IstFuss,IstKrad,IstGkfz,IstSonstige,USTRZUSTAND,LINREFX,LINREFY,XGCSWGS84,YGCSWGS84,,,,
51625,11,2,2019,7,1,3,3,6,4,2,0,1,1,0,0,0,0,801832,6717,5826406,21,13,44793,52,50405
51626,11,10,2019,3,16,7,3,2,4,0,0,1,1,0,1,0,0,807741,9955,5830568,99,13,53857,52,53806
51627,11,2,2019,6,11,6,3,6,4,0,1,0,1,0,0,0,0,802965,243,5827663,582,13,46571,52,51469
51628,11,1,2019,8,10,4,2,6,4,0,1,0,1,0,0,0,0,796753,7114,5826688,729,13,37357,52,50937
51629,11,7,2019,12,22,6,3,0,1,2,0,0,0,1,0,0,0,798587,65,5817928,991,13,39267,52,42985
51630,11,1,2019,5,11,3,3,0,7,0,1,0,0,0,0,0,0,796341,9513,5827359,311,13,36812,52,51561
51631,11,3,2019,7,17,2,3,2,6,0,0,1,0,0,0,1,0,800068,211,5833964,478,13,42884,52,57277
51632,11,6,2019,3,21,7,3,5,3,2,0,1,0,0,0,1,0,783872,709,5815945,427,13,17514,52,4199
51633,11,2,2019,11,3,7,3,5,3,2,0,1,0,0,0,1,1,803314,3808,5827611,864,13,47079,52,51404
51634,11,2,2019,7,17,2,3,2,6,0,0,1,0,0,0,0,0,797289,4801,5825592,967,13,38047,52,49926
51635,11,4,2019,3,13,6,3,3,6,0,0,1,0,0,0,1,0,790664,1556,5824993,776,13,28262,52,49745
51636,11,2,2019,10,18,6,3,5,2,2,0,1,0,0,0,0,1,802146,9379,5827744,22,13,45376,52,51587
51637,11,1,2019,8,10,4,3,3,6,0,1,1,0,0,0,0,0,797799,545,5827595,386,13,38974,52,51693
51639,11,3,2019,5,19,3,3,3,6,1,1,0,0,0,0,0,0,800985,514,5830503,538,13,43919,52,54125
51640,11,12,2019,7,12,2,3,5,3,0,1,1,0,0,0,0,0,793552,5689,5835835,292,13,33463,52,5931
51641,11,2,2019,3,7,6,2,3,5,0,1,0,0,0,1,0,0,799825,808,5828730,512,13,42054,52,52599
51642,11,5,2019,11,17,2,2,6,4,2,0,1,1,0,0,0,1,783517,187,5826715,15,13,17909,52,51665
51643,11,10,2019,6,21,3,2,2,6,2,0,1,0,0,0,0,0,808323,5527,5832068,282,13,54851,52,55117
51644,11,11,2019,8,20,3,3,5,2,1,1,1,0,0,0,0,0,804246,8861,5827532,79,13,48442,52,5128
51645,11,2,2019,12,18,6,3,3,6,2,0,1,0,1,0,0,1,797270,414,5825597,445,13,38019,52,49931
51646,11,3,2019,7,10,2,3,1,5,0,1,1,0,0,0,0,0,798256,1563,5834745,759,13,40288,52,58077
51647,11,7,2019,9,12,4,3,0,1,0,0,0,0,1,0,0,1,797480,5118,5817992,549,13,3765,52,43102
51648,11,7,2019,3,4,6,3,1,5,2,0,1,0,0,0,0,0,798761,9309,5817448,101,13,3948,52,42544
51649,11,11,2019,10,15,2,3,2,6,0,0,1,0,0,0,0,0,804463,8903,5827510,12,13,48758,52,51248
51650,11,4,2019,8,17,3,3,2,6,0,0,1,0,0,0,0,0,790928,519,5824683,9,13,28623,52,49454
51651,11,7,2019,7,11,2,3,5,3,0,0,1,0,0,0,0,0,797550,3388,5818305,246,13,3778,52,43379
51652,11,3,2019,3,12,6,3,6,4,0,0,1,1,0,0,0,0,800302,4708,5829454,412,13,4282,52,53222
51653,11,7,2019,10,21,7,2,3,6,2,1,1,0,0,0,0,1,796006,2673,5825100,501,13,36118,52,49554
51654,11,9,2019,6,12,7,3,2,2,0,0,1,0,0,0,1,0,806743,136,5821017,248,13,51509,52,45302
51655,11,4,2019,8,14,3,3,2,6,0,0,1,0,0,0,0,0,791525,3342,5830618,584,13,3002,52,54742
51657,11,7,2019,5,18,3,3,5,2,0,1,1,0,0,0,0,0,797560,1968,5818348,521,13,37798,52,43417
51658,11,6,2019,3,20,5,3,2,6,2,0,1,0,0,0,0,0,785183,4067,5816009,336,13,19443,52,41979
51659,11,12,2019,11,14,3,3,2,6,0,0,1,0,0,0,0,0,795354,3248,5833735,888,13,35928,52,5733
51660,11,3,2019,5,17,3,3,0,6,0,0,1,0,0,0,1,0,799147,3902,5830774,18,13,41241,52,54468
51661,11,4,2019,12,12,1,3,2,6,0,0,1,0,0,0,0,0,790676,1609,5827056,134,13,2846,52,51594
51662,11,7,2019,7,11,2,3,5,3,0,1,0,0,0,0,0,0,800144,919,5813083,223,13,41117,52,38556
51663,11,12,2019,3,15,5,2,2,6,0,0,1,0,0,0,0,0,790688,1414,5834901,369,13,29164,52,58626
51664,11,2,2019,10,18,3,3,5,3,1,1,1,0,0,0,0,0,797033,4452,5825871,963,13,37695,52,5019
51665,11,4,2019,8,9,3,3,5,5,0,0,1,0,0,0,0,0,793530,1804,5826879,716,13,32638,52,51283
51667,11,12,2019,9,11,4,3,2,6,0,0,1,0,0,0,1,1,793461,5389,5835935,336,13,33338,52,59404
51668,11,1,2019,7,9,2,2,5,3,0,1,1,0,0,0,0,0,795877,5628,5832065,929,13,36549,52,55805
51669,11,2,2019,3,13,5,3,2,6,0,0,1,0,0,0,0,0,803575,8673,5827599,493,13,47462,52,51378
51670,11,1,2019,9,15,7,3,2,6,0,0,1,0,1,0,0,1,799780,2054,5828593,32,13,41975,52,52479
51671,11,2,2019,6,16,3,2,0,6,0,0,1,0,1,0,0,0,803158,3383,5827627,271,13,46851,52,51426
51672,11,7,2019,8,18,3,3,2,6,0,0,1,0,0,0,0,0,795695,8197,5823157,98,13,3549,52,4783
51673,11,2,2019,12,7,4,3,5,2,2,1,1,0,0,0,0,0,802589,4725,5827701,802,13,46022,52,51525
51674,11,4,2019,5,13,3,3,3,6,0,0,1,0,0,1,0,0,790462,79,5828451,14,13,28268,52,52856
51675,11,2,2019,7,15,2,3,0,5,0,1,0,0,0,0,1,0,802831,3065,5825819,702,13,46206,52,49824
51676,11,7,2019,3,8,5,2,5,2,0,0,1,0,1,0,0,0,795340,4482,5823460,913,13,34995,52,4812
51677,11,12,2019,11,6,4,2,6,2,2,0,1,1,0,0,0,0,792726,6964,5837425,986,13,32388,52,6078
51678,11,6,2019,11,13,1,3,5,3,0,0,1,0,0,0,0,0,790163,3678,5818265,487,13,26941,52,4374
51679,11,1,2019,7,14,2,3,0,1,0,1,0,0,0,0,0,0,799164,8063,5828336,733,13,41048,52,52283
51680,11,3,2019,3,8,4,3,2,6,0,1,1,0,0,0,0,0,798981,5646,5832525,15,13,41155,52,56047
51681,11,3,2019,10,19,4,3,0,7,2,0,1,0,0,0,0,1,800615,2918,5838918,414,13,44138,52,61687
51682,11,4,2019,8,18,3,3,3,6,0,0,1,0,0,0,0,0,788403,4015,5822716,164,13,24744,52,47823
51684,11,1,2019,5,9,3,3,3,6,0,1,0,0,0,0,0,0,796395,1068,5827381,123,13,36892,52,51577
51685,11,4,2019,9,11,4,3,2,6,0,0,1,0,0,0,0,1,790750,1952,5826318,491,13,28504,52,50928
51686,11,3,2019,6,18,1,3,5,2,0,1,1,0,0,0,0,0,799969,4387,5830202,222,13,42398,52,53911
51687,11,3,2019,3,12,4,2,4,6,0,0,1,0,0,0,0,0,803617,9172,5833949,872,13,48104,52,57067
51688,11,2,2019,6,18,5,3,3,6,0,0,0,0,1,0,1,0,797888,9733,5825475,97,13,38917,52,49787
51689,11,12,2019,8,9,3,2,5,3,0,0,1,0,1,0,0,0,792366,8111,5837742,379,13,31886,52,61083
51690,11,3,2019,12,16,3,3,1,5,2,1,0,0,0,0,1,1,799408,5844,5830311,762,13,41584,52,5404
51691,11,3,2019,5,7,3,3,5,2,0,1,1,0,0,0,0,0,798986,517,5832517,149,13,41161,52,5604
51692,11,10,2019,6,12,1,3,2,6,0,0,1,0,0,0,0,0,810870,4032,5827099,286,13,5813,52,50519
51693,11,7,2019,9,15,4,3,3,6,0,0,0,0,0,1,1,1,797907,708,5818832,246,13,38351,52,43832
51694,11,4,2019,9,7,3,3,2,6,0,0,1,0,0,0,0,0,793428,49,5822988,127,13,32146,52,478
51695,11,3,2019,6,11,1,3,2,6,0,0,1,0,0,0,0,0,800882,3927,5838672,216,13,44509,52,61452
51696,11,2,2019,3,8,3,3,5,2,0,1,1,0,0,0,0,0,801643,5413,5828891,937,13,4474,52,52644
51697,11,4,2019,9,15,1,3,9,1,0,0,1,0,0,0,0,1,790014,486,5825102,82,13,27316,52,49877
51698,11,1,2019,6,12,4,3,3,6,0,1,0,0,0,0,1,0,797333,537,5827548,511,13,38285,52,51676
51699,11,4,2019,8,9,3,3,5,2,0,0,1,0,0,0,0,0,790527,7224,5826395,576,13,28184,52,51009
51700,11,7,2019,12,17,6,3,2,6,2,0,1,0,0,0,0,0,797953,4285,5820021,885,13,38524,52,44896
51701,11,1,2019,5,14,3,3,5,3,0,0,1,0,0,0,1,0,798774,4349,5827160,772,13,40368,52,5125
51702,11,7,2019,6,1,7,3,8,1,2,0,1,0,0,0,0,0,795712,25,5823161,87,13,35514,52,47831
51703,11,2,2019,3,8,3,2,1,5,0,0,1,0,1,0,0,0,797784,3283,5825472,631,13,38763,52,49791
51704,11,4,2019,11,23,5,3,3,6,2,0,1,0,0,0,0,0,790535,1799,5825734,4,13,28137,52,50416
51705,11,6,2019,8,16,2,3,2,6,0,0,1,0,0,0,0,0,787009,4824,5820634,871,13,22518,52,46031
51706,11,1,2019,11,11,3,3,2,2,0,0,1,0,0,1,0,0,796200,2701,5830207,888,13,36858,52,54122
51707,11,7,2019,6,23,6,3,3,6,2,0,1,0,1,0,0,0,798862,1628,5817210,354,13,39606,52,42326
51708,11,2,2019,3,15,3,3,6,6,0,1,0,1,0,0,0,0,803058,482,5827654,155,13,46706,52,51456
51709,11,12,2019,10,11,5,3,2,6,0,0,1,0,0,0,0,0,792815,9013,5837285,75,13,32507,52,6065
51710,11,2,2019,8,17,2,3,4,6,0,1,0,0,0,0,0,0,801840,6426,5826428,535,13,44806,52,50425
51712,11,10,2019,5,13,2,3,3,6,0,0,1,0,1,0,0,0,808732,8884,5827423,2,13,55021,52,5093
51713,11,7,2019,9,14,3,3,0,7,0,0,0,1,0,0,1,0,797847,59,5818950,959,13,38273,52,43941
51714,11,1,2019,6,10,6,3,5,2,0,1,1,0,0,0,0,0,799130,5,5827673,989,13,40937,52,5169
51715,11,1,2019,3,9,2,2,6,4,0,0,0,1,0,0,1,0,797916,5581,5826875,486,13,39082,52,51041
51716,11,1,2019,6,16,5,3,1,5,0,1,1,0,0,0,0,0,796685,2359,5827430,174,13,37323,52,51605
51717,11,9,2019,8,17,2,3,3,6,0,0,1,0,1,0,0,0,805353,342,5819077,259,13,49292,52,43641
51718,11,3,2019,12,16,6,3,6,2,1,0,1,1,0,0,0,0,799992,4904,5830221,621,13,42434,52,53927
51719,11,10,2019,5,13,2,3,0,1,0,1,0,0,0,0,0,0,807885,269,5831010,476,13,54108,52,54193
51720,11,5,2019,6,16,6,2,4,6,0,1,0,0,0,0,0,0,785757,176,5826116,78,13,2115,52,51011
51721,11,7,2019,9,12,3,3,5,2,0,0,1,0,1,0,0,0,797116,2149,5816949,5,13,37023,52,42187
51722,11,2,2019,11,17,6,3,0,1,2,0,0,0,1,0,0,1,803085,262,5827634,511,13,46744,52,51437
51723,11,4,2019,6,16,6,3,2,6,0,0,1,0,0,0,0,0,791368,9245,5830210,337,13,29754,52,54384
51724,11,2,2019,9,20,5,3,1,5,2,1,1,0,0,0,0,1,797500,375,5825541,444,13,38352,52,49868
51725,11,7,2019,3,15,2,3,2,6,0,0,1,0,0,0,0,1,795242,3605,5823551,714,13,34859,52,48207
51726,11,11,2019,10,20,5,2,0,7,2,1,0,0,0,0,0,1,803674,8878,5835180,18,13,48301,52,58167
51727,11,12,2019,8,15,2,3,2,6,0,0,1,0,0,0,0,0,793322,431,5836598,829,13,33192,52,60007
51729,11,1,2019,5,6,2,3,2,6,0,0,1,0,0,0,0,0,799764,4811,5828631,767,13,41955,52,52514
51730,11,7,2019,6,7,6,2,3,7,0,0,1,0,0,0,0,0,799348,1321,5821553,96,13,40707,52,46192
51731,11,8,2019,3,7,2,3,2,6,0,0,1,0,0,0,0,0,801823,2025,5821815,812,13,44363,52,46291
51732,11,12,2019,11,18,2,3,6,2,2,0,1,1,0,0,0,1,795337,5764,5833744,481,13,35904,52,57339
51733,11,4,2019,6,14,1,2,4,7,0,0,1,0,0,0,0,0,787380,774,5825874,565,13,23515,52,50709
51734,11,7,2019,8,15,2,3,8,1,0,0,1,0,0,0,0,0,796247,3251,5822702,136,13,36259,52,47391
51735,11,3,2019,12,9,5,3,2,6,0,0,1,0,0,0,0,0,798558,4412,5833142,407,13,40588,52,56623
51736,11,4,2019,6,7,6,3,3,6,0,0,1,0,0,0,1,0,793006,6512,5829567,107,13,32106,52,5372
51737,11,7,2019,9,8,2,3,2,6,0,0,1,0,1,0,0,0,799134,7252,5821626,527,13,40401,52,4627
51738,11,3,2019,3,6,2,2,5,3,1,1,1,0,0,0,0,0,800091,1576,5834035,624,13,42924,52,5734
51739,11,2,2019,10,1,1,3,8,1,2,0,1,0,0,0,0,0,802258,1951,5827720,61,13,45537,52,5156
51740,11,4,2019,8,15,2,3,5,3,0,1,0,0,0,0,0,0,789152,9582,5826158,183,13,26143,52,5087
51741,11,2,2019,6,16,5,1,6,4,0,0,1,1,0,0,0,0,801117,5862,5827836,882,13,43872,52,51727
51742,11,4,2019,3,10,2,3,5,2,0,0,1,0,0,0,0,0,790530,9694,5826396,121,13,28189,52,5101
51743,11,4,2019,10,15,6,3,2,6,0,0,1,0,0,0,0,1,790563,932,5825164,603,13,2813,52,49904
51744,11,7,2019,6,14,6,2,2,6,0,0,1,0,0,0,0,0,800160,7262,5821487,491,13,41894,52,46089
51745,11,3,2019,8,14,2,3,3,6,0,0,1,0,0,0,0,0,800244,5434,5830074,533,13,42791,52,53781
51747,11,1,2019,5,20,1,3,5,3,1,1,1,0,0,0,0,0,800021,6778,5828096,112,13,42285,52,5202
51748,11,1,2019,3,12,7,3,2,7,0,1,1,0,0,0,1,0,798920,9609,5828128,171,13,4067,52,52109
51749,11,2,2019,11,17,2,2,6,4,2,0,1,1,0,0,0,0,802289,3182,5827717,176,13,45583,52,51555
51750,11,7,2019,5,14,1,3,3,6,0,0,1,0,1,0,0,0,797810,7131,5823117,125,13,38591,52,47678
51751,11,1,2019,11,11,7,3,6,4,0,0,1,1,0,0,0,0,796778,2369,5826693,333,13,37394,52,5094
51752,11,4,2019,6,18,5,3,6,7,0,0,1,1,0,0,0,0,792253,6645,5826682,156,13,30745,52,51174
51753,11,5,2019,3,14,7,3,3,6,0,0,1,0,0,0,0,1,783997,3434,5826585,762,13,18604,52,51524
51754,11,10,2019,10,7,2,3,5,7,0,1,1,0,0,0,0,0,808755,6146,5827439,69,13,55056,52,50944
51755,11,7,2019,8,19,2,3,1,5,0,1,1,0,0,0,0,0,795580,5488,5823905,614,13,35387,52,48506
51757,11,1,2019,6,10,5,2,5,2,0,1,1,0,0,0,0,0,796343,923,5830077,937,13,37057,52,53997
51758,11,11,2019,3,15,7,2,5,3,0,1,1,0,0,0,0,1,803768,941,5827581,823,13,47743,52,51352
51759,11,4,2019,6,18,2,3,0,7,0,0,0,0,1,0,0,1,792740,2784,5826763,643,13,31467,52,51221
51760,11,3,2019,8,13,2,3,5,3,0,1,1,0,0,0,0,0,800899,6528,5830368,747,13,43781,52,54008
51761,11,7,2019,12,5,3,3,3,6,2,0,1,0,0,1,0,1,797061,5637,5822358,78,13,37424,52,47039
51762,11,10,2019,5,14,1,2,2,2,0,0,1,0,1,0,0,0,807973,501,5827458,15,13,53908,52,51005
51763,11,2,2019,6,22,5,2,0,7,2,1,0,0,0,0,0,0,797424,2517,5825533,618,13,38239,52,49865
51764,11,4,2019,3,17,7,3,2,6,1,0,1,0,0,0,0,1,790454,6119,5827635,375,13,28185,52,52125
51765,11,10,2019,11,20,3,2,6,7,2,0,0,1,0,0,1,0,809438,1075,5834508,785,13,56717,52,57241
51766,11,3,2019,11,20,7,3,2,7,2,0,1,0,1,0,0,0,800266,5907,5831419,837,13,42945,52,54986
51767,11,2,2019,6,7,5,3,3,6,0,1,0,0,0,0,0,0,803398,9906,5827603,219,13,47202,52,51391
51768,11,3,2019,3,8,6,3,3,6,0,1,1,0,0,0,0,1,801555,4789,5831202,207,13,44821,52,54719
51769,11,8,2019,10,14,3,2,3,6,0,0,1,0,0,1,0,0,802041,149,5821834,953,13,44685,52,46296
51770,11,3,2019,8,7,2,3,6,4,0,1,0,1,0,0,0,1,799215,471,5831327,486,13,41391,52,54961
51772,11,1,2019,5,22,7,3,5,3,2,1,1,0,0,0,0,0,800001,1693,5828076,528,13,42253,52,52003
51773,11,6,2019,6,15,5,2,1,7,0,0,1,0,0,0,0,0,784436,3142,5815847,251,13,18334,52,41873
51774,11,12,2019,3,11,6,3,6,7,0,0,1,1,0,0,0,0,795697,9534,5832843,843,13,36354,52,56512
51775,11,2,2019,11,18,5,3,3,6,2,1,0,0,0,0,1,1,802148,5585,5827565,454,13,45362,52,51427
51776,11,7,2019,6,14,5,3,2,6,0,0,1,0,1,0,0,0,799116,2572,5821698,347,13,4038,52,46335
51777,11,9,2019,8,22,1,3,2,6,2,0,1,0,0,0,0,1,802593,7958,5825111,505,13,45793,52,49203
51778,11,1,2019,12,18,3,3,2,6,2,0,1,0,0,0,0,0,796187,744,5830191,845,13,36838,52,54108
51779,11,3,2019,6,8,5,3,2,6,0,0,1,0,1,0,0,0,799029,4043,5832440,163,13,41218,52,55968
51780,11,4,2019,10,19,5,3,7,7,2,0,1,0,0,0,1,0,788373,205,5826034,533,13,24987,52,508
51781,11,1,2019,6,23,4,3,5,3,2,0,1,0,0,0,0,0,796200,945,5830200,858,13,36858,52,54115
51782,11,9,2019,9,16,5,3,0,7,0,1,0,0,0,0,0,0,805667,4643,5822054,261,13,50026,52,46291
51783,11,3,2019,3,14,6,3,4,5,0,0,1,0,0,0,1,1,802878,7741,5833097,358,13,46939,52,56344
51784,11,1,2019,10,14,4,3,5,2,0,1,0,0,0,0,1,0,796952,4059,5826724,472,13,37652,52,50958
51785,11,1,2019,8,21,1,3,5,3,2,0,1,0,0,0,1,0,798809,356,5827996,493,13,40494,52,51997
51787,11,2,2019,5,13,7,3,5,2,0,1,1,0,0,0,0,0,797898,9333,5825429,765,13,38927,52,49746
51788,11,12,2019,6,16,4,3,0,5,0,1,0,0,0,0,1,0,795682,4422,5832918,224,13,36338,52,56579
51789,11,4,2019,3,12,6,3,2,6,0,0,1,0,0,0,1,0,790610,2346,5827223,146,13,28377,52,51747
51790,11,1,2019,11,14,7,3,5,2,0,0,1,0,0,0,0,1,796453,881,5827390,807,13,36979,52,51583
51791,11,3,2019,6,0,7,3,2,7,2,1,1,0,0,0,0,0,800293,471,5829439,337,13,42805,52,53209
51792,11,4,2019,12,7,4,3,5,3,0,0,1,0,0,0,0,1,788356,4062,5826031,855,13,24962,52,50799
51793,11,3,2019,6,15,4,3,2,6,0,0,1,0,0,0,0,0,797969,9946,5834305,932,13,39827,52,57699
51794,11,3,2019,3,11,6,3,5,2,0,1,1,0,0,0,0,0,800370,86,5829563,819,13,42931,52,53316
51795,11,4,2019,10,14,6,3,5,3,0,1,1,0,0,0,0,0,791568,8779,5826566,607,13,29729,52,51107
51796,11,3,2019,8,8,1,2,0,1,0,1,0,0,0,0,0,1,798627,2403,5833015,72,13,40678,52,56506
51797,11,1,2019,6,14,4,3,6,7,0,0,1,1,0,0,0,0,799196,968,5828373,541,13,41098,52,52314
51798,11,2,2019,3,18,5,3,0,6,2,0,1,0,1,0,0,1,802114,3166,5827861,156,13,45338,52,51694
51799,11,6,2019,10,17,5,3,2,6,2,0,1,0,0,0,0,0,793496,6517,5820406,5,13,32019,52,45481
51800,11,12,2019,6,14,4,3,2,6,0,0,1,0,1,0,0,0,793477,7967,5835916,491,13,3336,52,59387
51801,11,1,2019,9,15,5,3,5,3,0,1,1,0,0,0,0,0,795861,876,5832068,328,13,36526,52,55808
51802,11,7,2019,3,20,5,3,3,2,2,0,1,0,0,0,0,1,795708,9189,5823145,272,13,35508,52,47817
51803,11,11,2019,10,13,5,3,5,2,0,0,1,0,0,0,0,0,804172,65,5827539,743,13,48332,52,51291
51804,11,10,2019,8,8,1,2,0,7,0,0,1,0,0,0,0,1,807685,7674,5830275,576,13,53747,52,53546
51806,11,7,2019,5,17,7,3,6,7,0,0,1,1,0,0,0,1,797776,9441,5823516,879,13,38577,52,48038
51807,11,10,2019,6,13,4,3,5,3,0,0,1,0,0,0,0,0,807965,934,5831210,966,13,54245,52,54369
51808,11,3,2019,3,20,5,3,5,2,2,1,1,0,0,0,0,1,799995,3404,5830193,596,13,42436,52,53901
51809,11,9,2019,11,3,1,2,5,3,2,1,1,0,0,0,0,0,802586,7331,5825078,403,13,4578,52,49173
51810,11,12,2019,6,22,7,3,2,6,2,0,1,0,0,0,1,0,794967,9907,5833754,412,13,35361,52,57368
51811,11,11,2019,8,6,7,3,2,6,0,0,1,0,0,0,1,0,807011,5851,5827382,533,13,52489,52,50991
51812,11,3,2019,12,15,5,3,5,2,0,0,1,0,0,0,1,0,800041,508,5828989,963,13,42395,52,5282
51813,11,4,2019,6,13,4,3,5,3,0,0,1,0,0,1,0,0,790669,2166,5828852,893,13,28607,52,53205
51814,11,7,2019,3,15,5,3,2,6,0,0,1,0,0,0,0,1,795184,8199,5822467,795,13,34678,52,47238
51815,11,2,2019,10,19,7,3,2,6,2,0,1,0,1,0,0,0,803062,3053,5827653,723,13,46712,52,51455
51816,11,7,2019,8,9,7,3,0,5,0,0,1,0,0,0,0,0,799241,6791,5816300,144,13,40081,52,41489
51817,11,3,2019,6,12,4,3,3,6,0,0,1,0,0,0,0,0,801086,2854,5838395,945,13,44784,52,61193
51818,11,3,2019,3,4,4,3,5,2,2,0,1,0,0,1,0,1,799163,1003,5830601,119,13,41249,52,54312
51819,11,7,2019,10,6,4,3,6,7,2,1,0,1,0,0,0,1,796533,241,5815693,925,13,36057,52,41093
51820,11,9,2019,6,6,5,3,5,3,0,0,1,0,0,0,0,0,804104,3832,5824364,862,13,47943,52,4845
51821,11,1,2019,8,18,7,3,5,3,0,0,1,0,0,0,0,0,795879,195,5832056,529,13,3655,52,55796
51822,11,3,2019,12,6,7,2,5,3,2,1,1,0,0,0,0,1,800844,6477,5830326,904,13,43696,52,53974
51823,11,10,2019,5,10,7,3,6,2,0,0,1,1,0,0,0,0,810877,819,5827088,89,13,58139,52,50509
51824,11,4,2019,3,12,4,2,3,6,0,0,1,0,0,1,0,0,790718,4837,5828897,653,13,28683,52,53242
51825,11,1,2019,11,14,1,3,6,7,0,0,0,1,0,0,1,0,796039,793,5827321,99,13,36364,52,51543
51826,11,7,2019,5,9,6,2,2,6,0,0,1,0,1,0,0,0,796315,5613,5822674,788,13,36357,52,47363
51827,11,4,2019,11,16,6,3,2,6,2,0,1,0,1,0,0,0,790191,5075,5826320,649,13,27683,52,5096
51828,11,9,2019,6,10,4,3,2,6,0,0,1,0,0,0,0,0,802855,2671,5821389,311,13,45839,52,45852
51829,11,3,2019,3,14,4,3,5,3,0,1,1,0,0,0,0,0,798772,7797,5832845,876,13,40877,52,56346
51830,11,1,2019,10,22,2,3,5,2,2,0,1,0,0,0,1,0,798797,7584,5828013,255,13,40479,52,52013
51831,11,7,2019,8,8,6,3,6,2,0,0,0,1,0,0,1,0,795225,438,5823516,568,13,34831,52,48176
51833,11,10,2019,5,17,6,2,6,4,0,0,1,1,0,0,0,0,809405,3473,5834433,224,13,56662,52,57175
51834,11,2,2019,6,20,3,3,5,2,0,1,1,0,0,0,0,0,797850,2547,5825505,588,13,38862,52,49817
51835,11,2,2019,3,18,4,3,3,7,1,1,0,0,0,0,0,0,801820,579,5826233,408,13,44759,52,50251
51836,11,12,2019,6,14,2,3,5,2,0,0,0,0,0,0,1,0,793624,5902,5835746,789,13,33561,52,59226
51837,11,9,2019,8,15,6,3,5,3,0,1,1,0,0,0,0,0,805566,483,5822152,35,13,49886,52,46385
51838,11,2,2019,12,7,2,3,5,3,1,0,1,0,0,0,1,0,801649,818,5828881,302,13,44749,52,52634
51839,11,4,2019,5,13,6,3,2,6,0,0,1,0,1,0,0,0,789689,8023,5826244,859,13,2694,52,50919
51840,11,1,2019,6,12,3,3,2,6,0,0,1,0,1,0,0,0,796190,571,5830189,938,13,36841,52,54106
51841,11,1,2019,3,19,4,3,2,1,2,0,1,0,0,0,0,1,796199,5866,5830207,27,13,36857,52,54121
51842,11,3,2019,11,12,3,2,6,3,0,0,1,1,0,0,0,0,800162,904,5832358,348,13,42876,52,55833
51843,11,12,2019,11,9,6,3,5,3,0,0,1,0,0,1,0,1,790296,294,5835658,787,13,28654,52,59326
51844,11,9,2019,6,10,3,3,6,7,0,0,1,1,0,0,0,0,806365,1115,5821364,634,13,50986,52,45634
51845,11,7,2019,3,17,3,3,2,6,1,0,1,0,0,0,0,0,796401,5823,5822622,724,13,36478,52,47311
51846,11,1,2019,10,12,2,3,3,5,0,1,1,0,0,0,0,0,799327,4473,5827976,894,13,41254,52,51951
51847,11,12,2019,8,15,6,3,5,3,0,1,1,0,0,0,0,0,794058,9855,5835089,782,13,34142,52,58614
51849,11,3,2019,5,15,5,3,5,2,0,1,0,0,0,1,0,0,799220,299,5831446,957,13,41409,52,55067
51850,11,2,2019,6,10,3,3,3,2,0,0,1,0,1,0,0,0,802364,948,5826026,878,13,4554,52,50036
51851,11,2,2019,3,10,3,3,5,2,0,1,1,0,0,0,0,1,802592,568,5827701,53,13,46026,52,51524
51852,11,7,2019,11,12,4,3,2,6,0,0,1,0,0,1,0,1,797410,563,5817681,447,13,37519,52,42827
51853,11,5,2019,6,14,4,3,2,6,0,0,1,0,0,0,1,0,783585,389,5826696,579,13,18007,52,51645
51854,11,4,2019,8,8,6,3,2,6,0,0,1,0,0,0,1,0,787396,225,5825877,46,13,23537,52,5071
51855,11,7,2019,12,15,2,3,2,6,1,0,1,0,0,0,0,1,796507,734,5822553,84,13,36627,52,47243
51856,11,9,2019,6,9,3,2,5,2,0,1,1,0,0,0,0,0,806441,4061,5821308,445,13,51093,52,4558
51857,11,11,2019,9,8,2,3,5,2,0,1,0,0,0,0,1,0,803744,8283,5827568,52,13,47707,52,5134
51858,11,7,2019,10,17,4,3,5,2,2,1,1,0,0,0,0,0,795792,998,5824121,94,13,35716,52,48688
51859,11,10,2019,8,12,6,3,5,3,0,1,1,0,0,0,0,0,807870,2942,5830969,554,13,54082,52,54158
51860,11,7,2019,6,9,3,2,5,3,0,1,0,0,1,0,0,0,795341,7031,5823442,265,13,34995,52,48104
51861,11,9,2019,3,5,3,3,2,6,1,0,1,0,0,0,0,0,803094,3065,5820911,759,13,46146,52,45411
51862,11,10,2019,10,5,3,3,2,6,2,0,1,0,0,0,0,0,811009,3661,5827105,733,13,58335,52,50517
51863,11,4,2019,8,9,6,3,5,2,0,1,1,0,0,0,0,0,793675,884,5826903,623,13,32853,52,51296
51865,11,3,2019,5,9,5,3,0,7,0,1,0,0,0,0,0,0,799138,1249,5830640,271,13,41216,52,54349
51866,11,8,2019,6,17,3,3,2,6,0,0,1,0,0,0,0,0,801845,6948,5821805,429,13,44395,52,46281
51867,11,3,2019,3,8,2,3,5,3,0,1,1,0,0,0,0,1,800037,6218,5833458,724,13,42793,52,56826
51868,11,10,2019,11,16,6,3,2,6,2,0,1,0,0,0,0,0,810649,813,5827082,467,13,57804,52,50517
51869,11,4,2019,5,9,5,3,2,6,0,1,1,0,0,0,0,1,790849,932,5826429,535,13,2866,52,51023
51870,11,3,2019,12,20,3,3,0,1,2,0,0,0,1,0,0,2,802749,7488,5831845,321,13,46635,52,55229
51871,11,3,2019,6,16,3,3,5,2,0,1,1,0,0,0,0,0,801171,3728,5830805,388,13,4422,52,54385