OBJECTID,LAND,BEZ,UJAHR,UMONAT,USTUNDE,UWOCHENTAG,UKATEGORIE,UART,UTYP1,ULICHTVERH,IstRad,IstPKW,IstFuss,IstKrad,IstGkfz,IstSonstige,USTRZUSTAND,LINREFX,LINREFY,XGCSWGS84,YGCSWGS84,,,,
191632,11,5,2019,1,8,5,3,5,3,0,1,1,0,0,0,0,0,782166,5597,5820304,85,13,15381,52,45987
191633,11,8,2019,1,8,5,2,0,7,0,0,1,0,0,0,1,1,800748,3652,5823739,16,13,42959,52,48074
191634,11,7,2019,1,7,5,2,6,4,0,0,1,1,0,0,0,1,793475,5396,5822279,375,13,32153,52,47162
191635,11,5,2019,1,7,7,3,2,6,1,0,1,0,0,0,0,0,784651,4847,5827814,719,13,1967,52,52592
191636,11,11,2019,1,7,5,2,6,4,1,0,1,1,0,0,0,1,805042,6877,5833519,319,13,5016,52,56602
191637,11,7,2019,1,7,5,3,6,2,2,0,1,1,0,0,0,1,798480,383,5819047,379,13,3921,52,43993
191638,11,1,2019,1,7,5,2,6,4,2,0,1,1,0,0,0,1,796708,2376,5831916,147,13,37757,52,55625
191639,11,1,2019,1,13,7,3,0,7,0,0,1,0,0,0,1,0,797904,2411,5827375,28,13,39109,52,5149
191640,11,11,2019,1,16,5,2,0,6,2,0,1,0,0,0,1,0,805253,864,5834308,505,13,50542,52,57297
191641,11,8,2019,1,19,5,3,5,3,2,0,1,0,0,0,0,0,800877,2852,5820926,169,13,42895,52,45546
191642,11,9,2019,1,15,7,2,6,2,0,0,1,1,0,0,0,0,812045,5,5821382,95,13,5932,52,45329
191643,11,11,2019,1,19,5,3,4,5,2,0,1,0,0,0,0,0,804464,4352,5828170,772,13,4882,52,51841
191644,11,2,2019,1,13,7,3,5,2,0,1,1,0,0,0,0,0,802616,697,5827005,742,13,45999,52,50899
191645,11,7,2019,1,10,7,2,5,3,0,0,1,0,0,0,0,0,800194,112,5813681,92,13,41242,52,3909
191646,11,3,2019,1,16,5,3,2,6,1,0,1,0,0,0,1,0,801236,4821,5833180,149,13,44531,52,5651
191647,11,2,2019,1,16,5,3,5,3,2,1,1,0,0,0,0,0,801104,6444,5827046,2,13,43781,52,51019
191648,11,8,2019,1,14,5,3,1,5,0,0,1,0,0,0,0,0,806821,3765,5816427,28,13,51203,52,41184
191649,11,12,2019,1,9,7,3,2,6,0,0,1,0,0,1,0,1,793214,4397,5832428,47,13,32664,52,56274
191650,11,4,2019,1,14,5,3,1,5,0,1,1,0,0,0,0,1,793661,2877,5825550,702,13,32713,52,50084
191651,11,11,2019,1,9,7,3,4,6,0,1,1,0,0,0,1,0,806625,4321,5825212,511,13,51722,52,49068
191652,11,1,2019,1,14,5,3,2,6,0,0,1,0,0,0,0,0,796769,1176,5831912,5,13,37846,52,55618
191653,11,7,2019,1,14,5,3,6,4,0,1,0,1,0,0,0,0,794891,554,5823273,455,13,34318,52,47977
191654,11,12,2019,1,20,7,2,6,2,2,0,1,1,0,0,0,0,793005,2381,5835697,26,13,32645,52,59215
191655,11,8,2019,1,13,5,3,5,3,0,1,1,0,0,0,0,0,801637,5642,5822641,488,13,44165,52,47042
191656,11,8,2019,1,13,5,3,5,3,0,0,1,0,0,0,0,0,802586,5066,5819158,421,13,45243,52,43867
191657,11,2,2019,1,12,5,3,1,5,0,1,1,0,0,0,0,0,803465,923,5827756,869,13,47315,52,51525
191658,11,12,2019,1,12,5,3,2,2,0,0,1,0,0,0,0,0,794132,1566,5833884,179,13,34143,52,57529
191659,11,7,2019,1,10,5,3,5,2,0,0,1,0,0,0,0,0,794983,1365,5823964,382,13,34515,52,48591
191660,11,3,2019,1,16,5,3,6,7,2,1,0,1,0,0,0,0,799348,9499,5831412,277,13,41595,52,55029
191661,11,12,2019,1,21,6,3,2,6,2,0,1,0,0,0,0,1,791228,8342,5830773,195,13,29598,52,54897
191662,11,10,2019,1,14,5,2,6,4,0,0,0,1,0,0,1,0,809945,5612,5831630,44,13,57194,52,54632
191663,11,10,2019,1,16,5,2,5,2,1,1,1,0,0,0,0,0,811947,6165,5828938,851,13,59885,52,52106
191664,11,12,2019,1,20,6,2,6,2,2,0,1,1,0,0,0,1,791921,23,5831503,672,13,3068,52,55514
191665,11,2,2019,1,22,5,2,6,4,2,0,1,1,0,0,0,0,800172,8261,5825048,39,13,42232,52,4928
191666,11,3,2019,1,20,5,3,5,3,2,1,1,0,0,0,0,0,799730,912,5832503,348,13,42255,52,55986
191667,11,8,2019,1,11,4,3,2,6,0,0,0,0,0,1,1,1,802082,5322,5820666,278,13,4464,52,45247
191668,11,6,2019,1,17,4,3,2,6,1,0,1,0,0,0,0,1,795146,6451,5820004,31,13,34404,52,45032
191669,11,2,2019,1,20,4,3,5,3,2,0,1,0,1,0,0,1,798287,67,5824774,714,13,39439,52,49138
191670,11,1,2019,1,20,4,3,2,6,2,0,1,0,0,0,0,1,799286,718,5828484,804,13,4124,52,52409
191671,11,6,2019,1,19,4,3,5,3,2,1,1,0,0,0,0,1,794705,6791,5819228,835,13,33689,52,44361
191672,11,4,2019,1,10,4,3,1,5,1,1,1,0,0,0,0,1,793529,9145,5825947,164,13,32555,52,50447
191673,11,1,2019,1,20,7,3,2,6,2,0,1,0,0,0,0,0,796688,788,5831951,893,13,37731,52,55659
191674,11,2,2019,1,8,4,3,3,6,0,1,0,0,0,0,1,1,803095,1421,5827081,85,13,46709,52,50941
191675,11,6,2019,1,16,4,3,5,3,2,1,1,0,0,0,0,1,787540,695,5817030,741,13,22988,52,42772
191676,11,5,2019,1,16,4,3,0,2,1,1,1,0,0,0,0,1,784281,1825,5830372,886,13,19345,52,54905
191677,11,2,2019,1,18,4,3,5,3,2,0,1,0,0,0,0,1,800315,8415,5827620,451,13,42674,52,51577
191678,11,3,2019,1,10,1,3,5,3,0,0,1,0,0,0,0,0,799651,5112,5832791,198,13,42165,52,56249
191679,11,7,2019,1,13,4,3,1,5,0,1,1,0,0,0,0,0,797000,8851,5820419,997,13,37162,52,45304
191680,11,3,2019,1,18,4,3,2,2,2,0,1,0,0,0,0,0,802697,3279,5831786,299,13,46553,52,55179
191681,11,11,2019,1,18,4,3,2,6,2,0,1,0,0,0,0,0,806140,3217,5830160,435,13,51465,52,5353
191682,11,1,2019,1,18,4,3,6,4,2,0,1,1,0,0,0,0,796772,268,5832418,203,13,37896,52,56072
191683,11,11,2019,1,7,4,3,2,6,0,0,1,0,0,0,0,2,807106,9992,5824823,515,13,52393,52,48693
191684,11,6,2019,1,17,4,2,6,4,0,0,1,1,0,0,0,0,794208,5794,5820908,636,13,33108,52,45893
191685,11,3,2019,1,18,5,3,2,2,1,0,1,0,0,0,0,0,799691,9182,5829228,377,13,41902,52,53053
191686,11,12,2019,1,7,4,3,6,4,0,0,1,1,0,0,0,0,796279,2704,5832416,61,13,37171,52,56097
191687,11,1,2019,1,6,4,3,5,2,1,1,1,0,0,0,0,0,794896,303,5830252,472,13,34944,52,54232
191688,11,4,2019,1,8,4,3,6,4,0,0,1,1,0,0,0,0,791953,4394,5824759,63,13,30135,52,49466
191689,11,4,2019,1,8,4,3,6,4,0,0,1,1,0,0,0,0,793441,9749,5824063,122,13,3226,52,48763
191690,11,1,2019,1,8,4,3,1,5,0,1,1,0,0,0,0,0,797139,1508,5833204,106,13,38506,52,56756
191691,11,3,2019,1,9,4,3,6,2,0,0,1,1,0,0,0,0,799261,9896,5837648,843,13,4203,52,60624
191692,11,7,2019,1,11,4,3,5,2,0,1,1,0,0,0,0,1,794949,9141,5824666,127,13,34528,52,49222
191693,11,1,2019,1,11,4,3,5,2,0,1,1,0,0,0,0,0,799097,1846,5828456,724,13,40959,52,52394
191694,11,2,2019,1,11,4,3,0,3,0,0,1,0,0,0,1,0,799301,9056,5826176,602,13,41055,52,50339
191695,11,7,2019,1,15,5,3,5,2,0,1,1,0,0,0,0,0,794523,7207,5825186,401,13,33948,52,49711
191696,11,10,2019,1,12,4,3,6,4,0,0,1,1,0,0,0,0,808338,209,5831339,162,13,54804,52,54462
191697,11,8,2019,1,12,4,3,6,3,0,0,1,1,0,0,0,0,801520,5707,5817350,688,13,43516,52,42306
191698,11,10,2019,1,17,4,3,6,2,2,0,1,1,0,0,0,0,812573,4091,5825142,229,13,60448,52,48668
191699,11,9,2019,1,12,4,3,5,7,0,0,1,0,0,0,1,0,805878,3136,5822759,563,13,504,52,46912
191700,11,5,2019,1,18,5,3,6,2,2,0,0,1,0,0,1,0,782360,7527,5830508,488,13,16532,52,55126
191701,11,1,2019,1,17,4,3,6,4,2,1,0,1,0,0,0,1,795432,5831608,641,13,35853,52,55419,
191702,11,12,2019,1,15,4,3,2,6,0,0,1,0,0,0,0,0,795684,1318,5832532,916,13,36306,52,56234
191703,11,3,2019,1,8,4,3,5,3,0,0,1,0,1,0,0,0,799731,6201,5829841,19,13,42016,52,536
191704,11,2,2019,1,19,3,2,6,4,2,0,1,1,0,0,0,0,800970,496,5826064,15,13,43495,52,50146
191705,11,9,2019,1,17,3,3,4,3,2,0,1,0,0,0,0,0,822259,9527,5819254,117,13,74096,52,42829
191706,11,1,2019,2,11,6,1,6,2,0,0,0,1,0,0,1,1,794560,497,5828452,45,13,34291,52,52637
191707,11,5,2019,1,18,3,3,2,6,2,0,1,0,0,0,0,1,783929,4016,5830120,882,13,18806,52,54697
191708,11,8,2019,1,18,3,3,2,6,2,0,1,0,0,0,0,0,801069,3678,5821999,639,13,43274,52,46498
191709,11,11,2019,1,16,3,2,6,4,0,0,1,1,0,0,0,1,805210,3,5828461,209,13,49942,52,52059
191710,11,1,2019,1,16,4,3,6,4,0,1,0,1,0,0,0,0,794085,4422,5827801,167,13,33535,52,52079
191711,11,8,2019,1,17,3,3,3,6,2,0,1,0,0,0,0,1,803201,1522,5818388,652,13,46074,52,43143
191712,11,6,2019,1,16,3,2,6,4,1,0,1,1,0,0,0,0,793576,1191,5820618,691,13,32154,52,45668
191713,11,2,2019,1,16,3,3,1,5,2,1,1,0,0,0,0,0,802725,2306,5827436,214,13,46197,52,51279
191714,11,1,2019,1,16,3,3,2,6,2,1,1,0,0,0,0,0,799111,41,5827120,157,13,4086,52,51195
191715,11,1,2019,1,16,3,3,5,2,2,0,1,0,0,0,0,1,796853,113,5830641,18,13,37856,52,54475
191716,11,6,2019,1,16,3,2,6,4,0,0,1,1,0,0,0,0,791389,3313,5817837,91,13,28702,52,43291
191717,11,1,2019,1,16,3,3,5,3,1,1,1,0,0,0,0,1,797876,2892,5826766,369,13,39013,52,50946
191718,11,7,2019,1,9,5,3,5,3,0,0,1,0,0,0,0,1,797649,579,5822184,11,13,38271,52,4685
191719,11,2,2019,1,16,3,3,6,4,0,0,1,1,0,0,0,1,798200,3969,5826387,35,13,39456,52,50588
191720,11,6,2019,1,15,3,3,5,7,0,0,1,0,0,0,0,1,795306,7108,5818397,412,13,34497,52,43583
191721,11,4,2019,1,18,4,3,2,2,2,0,1,0,0,0,0,0,793999,4002,5823931,394,13,33067,52,48614
191722,11,1,2019,1,7,3,3,0,5,0,1,0,0,0,0,0,2,794020,5141,5829170,534,13,33561,52,5331
191723,11,11,2019,1,20,3,2,0,1,2,1,0,0,0,0,0,1,804649,9764,5831115,506,13,49362,52,54469
191724,11,1,2019,1,15,3,3,5,3,1,1,1,0,0,0,0,0,796360,8606,5831925,964,13,37247,52,55653
191725,11,4,2019,1,14,3,3,2,6,0,0,1,0,0,0,0,0,788927,8765,5827612,146,13,25939,52,52185
191726,11,12,2019,1,13,3,3,2,6,0,0,1,0,0,0,0,0,790623,6358,5835957,565,13,29162,52,59577
191727,11,5,2019,1,13,3,3,6,4,0,0,1,1,0,0,0,0,788027,3196,5829548,271,13,24783,52,53969
191728,11,12,2019,1,6,5,3,3,6,2,0,1,0,0,0,1,0,791992,408,5831674,405,13,30799,52,55664
191729,11,4,2019,1,13,3,3,0,3,0,0,1,0,1,0,0,0,792153,9557,5827387,865,13,3066,52,51812
191730,11,2,2019,1,22,3,3,5,7,2,0,1,0,0,0,0,0,798359,8346,5826535,376,13,39703,52,50712
191731,11,6,2019,1,22,3,3,5,2,2,0,1,0,0,0,0,0,792945,1219,5817751,317,13,30977,52,43131
191732,11,12,2019,1,11,5,3,6,2,0,0,0,1,0,1,0,0,791318,374,5838660,837,13,30423,52,61963
191733,11,4,2019,1,10,3,3,2,6,0,1,1,0,0,0,0,1,793454,9108,5824440,13,32312,52,491,
191734,11,1,2019,1,8,3,3,1,5,0,1,0,0,0,1,0,1,794626,9052,5831293,958,13,34641,52,55181
191735,11,1,2019,1,8,3,3,5,2,0,1,0,0,0,0,1,1,799708,2841,5827840,626,13,41801,52,51808
191736,11,8,2019,1,13,4,3,5,3,0,1,1,0,0,0,0,0,803060,7012,5817397,383,13,45778,52,42263
191737,11,8,2019,1,7,3,3,6,2,0,0,1,1,0,0,0,1,801998,398,5823295,202,13,44754,52,47608
191738,11,10,2019,1,6,3,2,6,4,1,0,1,1,0,0,0,1,810287,3849,5830965,121,13,57635,52,54017
191739,11,11,2019,1,2,3,3,6,4,2,0,1,1,0,0,0,1,805401,1869,5833282,53,13,50666,52,5637
191740,11,1,2019,1,9,3,3,1,5,0,1,1,0,0,0,0,0,800407,3245,5826730,983,13,42728,52,50775
191741,11,4,2019,1,21,2,3,5,3,2,0,1,0,0,0,0,0,793162,5557,5826882,531,13,32098,52,51305
191742,11,7,2019,1,11,2,3,5,2,0,1,1,0,0,0,0,1,795039,8005,5821908,712,13,34416,52,46745
191743,11,6,2019,1,18,5,3,1,5,2,1,1,0,0,0,0,0,793681,6252,5819252,35,13,32189,52,44437
191744,11,5,2019,1,20,2,3,6,7,2,0,1,1,0,0,0,1,789558,6758,5829288,497,13,27012,52,53655
191745,11,3,2019,1,17,2,3,2,6,1,1,0,0,0,0,1,1,804167,6073,5841063,768,13,49566,52,63412
191746,11,10,2019,1,20,2,2,5,3,2,0,1,0,0,0,0,1,812995,2375,5828482,536,13,61381,52,51637
191747,11,8,2019,1,18,2,2,6,2,2,0,1,1,0,0,0,1,800583,1994,5824578,711,13,42793,52,48836
191748,11,7,2019,1,17,2,3,6,2,2,0,1,1,0,0,0,1,799350,898,5816114,549,13,40224,52,41317
191749,11,6,2019,1,17,2,2,6,4,2,0,1,1,0,0,0,1,794230,5542,5820895,585,13,33139,52,45881
191750,11,6,2019,1,17,2,3,2,2,2,0,1,0,0,0,0,1,792396,1322,5817836,175,13,30179,52,43236
191751,11,7,2019,1,16,2,2,5,3,1,0,1,0,1,0,0,1,798112,1228,5818348,383,13,38608,52,43387
191752,11,7,2019,1,8,2,3,0,1,0,1,0,0,0,0,0,2,796247,3589,5824305,958,13,36401,52,48829
191753,11,8,2019,1,15,2,3,5,3,1,1,1,0,0,0,0,1,802499,736,5818946,992,13,45096,52,43683
191754,11,4,2019,1,8,2,3,2,6,0,0,1,0,0,0,0,1,792731,345,5829907,454,13,3173,52,5404
191755,11,5,2019,1,15,2,2,5,3,0,0,1,0,0,0,0,1,785832,101,5831732,778,13,21743,52,56043
191756,11,8,2019,1,16,5,3,5,3,1,1,1,0,0,0,0,0,803891,3852,5818944,957,13,47137,52,43604
191757,11,6,2019,1,9,2,3,1,1,0,0,1,0,0,0,1,2,788970,5299,5818166,909,13,25183,52,43715
191758,11,10,2019,1,20,2,3,5,3,2,0,1,0,0,0,0,1,811348,1431,5831843,897,13,59276,52,54744
191759,11,6,2019,1,15,2,3,5,2,0,0,1,0,1,0,0,0,795365,259,5818449,578,13,34588,52,43627
191760,11,9,2019,1,13,2,3,5,3,0,1,1,0,0,0,0,1,807850,2902,5822047,757,13,53228,52,46163
191761,11,6,2019,1,8,2,3,0,1,0,1,0,0,0,0,0,2,787870,421,5818935,637,13,23635,52,44462
191762,11,8,2019,1,8,5,3,3,6,0,0,1,0,0,1,0,0,805566,5859,5818578,88,13,4956,52,43182
191763,11,1,2019,1,13,2,3,2,6,0,0,1,0,0,0,1,0,796273,9241,5830397,298,13,36983,52,54288
191764,11,4,2019,1,8,2,3,0,1,0,1,0,0,0,0,0,2,790428,262,5825937,222,13,27997,52,50604
191765,11,4,2019,1,6,2,2,6,2,2,0,1,1,0,0,0,1,791410,9962,5827471,696,13,29576,52,51927
191766,11,6,2019,2,13,6,3,2,6,0,0,1,0,0,0,0,0,794593,9593,5819172,286,13,3352,52,44316
191767,11,9,2019,1,6,2,2,6,2,2,0,1,1,0,0,0,1,809496,4126,5819862,729,13,55441,52,44112
191768,11,1,2019,1,19,2,3,6,2,2,0,1,1,0,0,0,0,794512,4543,5830640,418,13,34414,52,54601
191769,11,10,2019,1,13,2,3,5,2,0,0,1,0,0,0,0,0,813544,7329,5827163,202,13,62064,52,50423
191770,11,4,2019,1,9,4,3,5,2,0,0,1,0,0,0,0,0,793315,58,5823784,523,13,32049,52,4852
191771,11,5,2019,1,6,2,2,5,3,2,1,1,0,0,0,0,1,788058,1165,5829192,6,13,24797,52,53648
191772,11,10,2019,1,19,2,2,6,4,2,0,1,1,0,0,0,1,807802,9504,5830173,309,13,5391,52,53448
191773,11,10,2019,1,12,2,2,5,2,0,0,1,0,1,0,0,0,809936,3571,5827047,623,13,56754,52,50526
191774,11,8,2019,1,5,2,3,5,7,2,1,0,0,0,0,1,1,803907,9468,5821675,564,13,4741,52,4605
191775,11,4,2019,1,19,2,3,5,3,2,0,1,0,0,0,0,1,791647,4627,5826418,884,13,29831,52,50971
191776,11,4,2019,1,9,5,3,0,2,0,1,1,0,0,0,0,1,791251,1288,5829731,136,13,29539,52,53961
191777,11,1,2019,1,5,2,3,6,2,2,0,1,1,0,0,0,1,794528,8839,5831557,72,13,3452,52,55422
191778,11,12,2019,1,19,2,3,6,2,2,0,1,1,0,0,0,1,794862,4614,5833050,134,13,35143,52,56742
191779,11,4,2019,1,14,4,3,5,7,0,0,1,0,0,0,1,1,792431,728,5825396,85,13,30894,52,50012
191780,11,1,2019,1,10,2,3,1,5,0,0,1,0,0,0,0,1,793875,1106,5831584,432,13,33561,52,55482
191781,11,11,2019,1,18,2,3,2,2,2,0,1,0,0,0,0,1,803409,1863,5826631,554,13,47129,52,5052
191782,11,3,2019,1,10,2,3,5,3,0,1,1,0,0,0,0,1,799663,4472,5832816,884,13,42184,52,56271
191783,11,8,2019,1,22,4,3,5,7,2,0,1,0,0,0,1,0,800353,349,5824231,437,13,42424,52,48538
191784,11,6,2019,1,10,2,3,0,3,0,1,1,0,0,0,0,2,788959,44,5816405,45,13,25014,52,42136
191785,11,6,2019,1,18,2,2,6,2,2,0,1,1,0,0,0,1,794889,244,5819743,808,13,34004,52,44813
191786,11,5,2019,1,9,2,3,0,5,0,1,1,0,0,0,0,2,789373,9781,5829812,607,13,26786,52,54134
191787,11,7,2019,1,9,2,3,2,2,0,0,1,0,0,0,0,1,798004,1553,5819645,909,13,38565,52,44556
191788,11,1,2019,1,18,2,2,5,3,2,1,1,0,0,0,0,1,797249,6021,5829764,836,13,38361,52,53667
191789,11,12,2019,1,8,2,3,0,1,0,1,0,0,0,0,0,2,790207,5414,5839954,308,13,289,52,63182
191790,11,7,2019,1,13,5,3,1,5,0,1,1,0,0,0,0,0,794218,2167,5822611,839,13,33272,52,4742
191791,11,9,2019,1,9,2,2,0,1,0,1,0,0,0,0,0,2,821559,4225,5819114,733,13,73056,52,42746
191792,11,4,2019,1,11,2,3,6,2,0,0,0,1,0,0,1,0,791966,908,5825240,11,13,30196,52,49897
191793,11,1,2019,1,2,1,3,1,7,2,0,1,0,0,0,0,1,795287,2543,5828524,422,13,35366,52,52662
191794,11,1,2019,1,11,1,3,6,7,0,0,1,1,0,0,0,1,798238,4672,5828757,908,13,39724,52,52711
191795,11,5,2019,1,19,1,3,6,2,2,0,1,1,0,0,0,1,785231,4157,5831827,237,13,20867,52,56159
191796,11,5,2019,1,19,1,3,2,6,2,0,1,0,0,0,0,1,786362,486,5829159,866,13,22301,52,53708
191797,11,5,2019,1,20,1,3,6,4,2,0,1,1,0,0,0,0,783947,8378,5829087,194,13,18745,52,53769
191798,11,8,2019,1,11,1,3,5,3,0,0,1,0,0,0,0,1,801236,4954,5823388,131,13,43644,52,47733
191799,11,4,2019,1,8,1,2,1,1,0,0,1,0,0,0,0,1,792071,3117,5825297,793,13,30356,52,49943
191800,11,1,2019,1,4,1,3,5,3,2,0,1,0,0,0,1,0,796673,257,5831931,257,13,37707,52,55641
191801,11,8,2019,1,18,1,3,2,6,2,0,1,0,0,0,0,1,801571,2875,5824050,32,13,44196,52,48308
191802,11,4,2019,1,18,1,2,6,2,2,0,1,1,0,0,0,1,792174,5388,5827292,993,13,30682,52,51726
191803,11,3,2019,1,5,5,3,0,6,2,0,1,0,0,0,1,1,800514,9701,5836163,614,13,4374,52,59224
191804,11,1,2019,1,18,1,3,2,6,2,0,1,0,0,0,0,1,794993,2272,5827254,821,13,34821,52,5154
191805,11,7,2019,1,18,1,2,6,4,2,0,1,1,0,0,0,1,798886,1499,5819088,283,13,39809,52,44008
191806,11,5,2019,1,17,1,3,5,3,2,0,1,0,0,0,0,1,785102,5357,5831666,932,13,20664,52,56022
191807,11,6,2019,1,16,1,3,5,2,2,1,1,0,0,0,0,1,790624,575,5815222,265,13,27353,52,40987
191808,11,6,2019,1,15,1,3,4,6,0,1,1,0,0,0,0,1,791301,7079,5817703,782,13,28562,52,43176
191809,11,12,2019,1,21,7,3,4,6,2,0,1,0,0,0,0,1,789937,9016,5836472,864,13,28197,52,60075
191810,11,4,2019,1,22,7,2,6,4,2,0,1,1,0,0,0,1,792404,381,5825018,279,13,3082,52,49674
191811,11,7,2019,1,14,7,2,0,7,0,0,1,0,0,0,0,1,799159,8603,5814216,478,13,39775,52,39626
191812,11,11,2019,1,13,7,3,6,4,0,0,0,1,0,0,1,2,805353,7185,5833248,849,13,50593,52,56342
191813,11,1,2019,1,15,5,3,5,7,0,1,0,0,0,0,1,0,799069,859,5827094,875,13,40796,52,51175
191814,11,12,2019,1,13,7,3,5,3,0,0,1,0,0,0,0,1,796271,9056,5832762,798,13,37191,52,56408
191815,11,8,2019,1,12,7,3,6,4,0,0,1,1,0,0,0,1,801604,629,5817441,516,13,43648,52,42383
191816,11,9,2019,1,11,7,2,4,6,0,0,1,0,0,0,0,1,803784,9913,5823282,44,13,47375,52,47497
191817,11,1,2019,1,19,5,3,1,5,2,1,1,0,0,0,0,0,798948,102,5828428,245,13,40737,52,52377
191818,11,3,2019,1,11,7,3,5,3,0,0,1,0,0,0,0,1,799726,171,5832496,9,13,42248,52,55981
191819,11,7,2019,1,10,7,2,1,5,0,0,1,0,0,0,0,1,799320,5318,5820527,98,13,40575,52,45275
191820,11,1,2019,1,8,7,3,2,6,0,0,1,0,0,0,0,1,796651,1043,5831920,225,13,37673,52,55632
191821,11,5,2019,1,22,7,3,6,7,2,0,1,1,0,0,0,1,783704,8897,5830202,999,13,18483,52,54782
191822,11,2,2019,1,21,7,3,5,7,2,0,1,0,0,0,0,1,801349,7813,5826458,746,13,44088,52,50479
191823,11,4,2019,1,20,7,3,6,7,2,0,1,1,0,0,0,1,792137,4005,5825322,157,13,30455,52,49961
191824,11,8,2019,2,22,6,3,4,5,2,1,0,0,0,0,1,0,800631,815,5823089,626,13,4273,52,47499
191825,11,6,2019,1,20,7,3,6,2,2,0,1,1,0,0,0,1,790178,1242,5819768,77,13,27093,52,45087
191826,11,4,2019,1,17,7,3,0,3,1,1,1,0,0,0,0,1,791056,5208,5824827,522,13,28824,52,49576
191827,11,3,2019,1,4,7,3,9,1,2,0,1,0,0,0,0,2,800858,8465,5838764,336,13,44483,52,61536
191828,11,2,2019,1,12,4,3,5,3,0,1,1,0,0,0,0,0,797550,2237,5825154,341,13,3839,52,49518
191829,11,9,2019,1,18,7,3,6,2,2,0,1,1,0,0,0,1,805884,2688,5818982,364,13,50063,52,43526
191830,11,3,2019,1,17,7,3,5,3,1,0,1,0,0,0,0,1,799867,1621,5834294,351,13,42618,52,57584
191831,11,1,2019,1,17,7,3,5,2,1,0,1,0,0,0,0,1,797854,8529,5826860,54,13,3899,52,51031
191832,11,7,2019,1,17,7,2,5,3,1,1,1,0,0,0,0,1,797090,8214,5822167,274,13,37449,52,46866
191833,11,6,2019,1,0,7,3,1,5,2,0,0,0,1,1,0,1,794629,2608,5818129,887,13,3348,52,4338
191834,11,4,2019,1,12,5,3,5,3,0,0,1,0,0,0,0,0,793998,148,5826068,87,13,33254,52,5053
191835,11,9,2019,1,17,7,3,6,4,1,0,1,1,0,0,0,1,811048,6838,5820499,259,13,57777,52,44594
191836,11,4,2019,1,16,7,3,2,2,1,0,1,0,0,0,0,1,791297,5801,5830670,852,13,2969,52,54801
191837,11,10,2019,1,13,5,3,2,6,0,0,1,0,0,0,0,0,807045,4106,5829121,963,13,52699,52,52548
191838,11,7,2019,1,16,7,3,3,6,1,1,0,0,0,0,1,1,794555,1713,5822540,782,13,3376,52,47338
191839,11,1,2019,1,18,6,3,2,6,2,0,1,0,0,0,0,1,795555,3969,5825769,199,13,35515,52,50178
191840,11,7,2019,1,20,4,3,2,6,2,0,1,0,0,0,0,0,795385,5662,5820977,943,13,34841,52,45892
191841,11,8,2019,1,22,6,3,5,2,2,1,1,0,0,0,0,1,801013,7949,5823905,808,13,43364,52,48209
191842,11,3,2019,1,21,6,2,0,7,2,0,1,0,0,0,1,0,800167,5294,5836913,521,13,43297,52,59915
191843,11,10,2019,1,12,6,3,9,1,0,0,1,0,0,0,0,2,807677,511,5830789,621,13,53782,52,54007
191844,11,8,2019,1,19,6,3,0,5,2,1,1,0,0,0,0,1,800686,7528,5822950,802,13,42798,52,47371
191845,11,6,2019,1,7,6,3,0,1,1,1,0,0,0,0,0,1,792242,3439,5820561,329,13,30192,52,45688
191846,11,1,2019,1,7,6,2,5,2,1,1,1,0,0,0,0,1,800161,8114,5827358,629,13,42424,52,51351
191847,11,6,2019,1,6,5,3,2,6,2,0,1,0,0,0,1,0,794076,31,5818788,917,13,32727,52,44
191848,11,1,2019,1,8,6,3,2,6,0,0,1,0,0,0,0,2,795191,7185,5827239,765,13,35111,52,51516
191849,11,1,2019,1,10,6,3,6,2,0,0,0,1,0,0,1,1,799663,7495,5827043,318,13,41664,52,51096
191850,11,4,2019,1,11,6,3,5,2,0,0,1,0,0,0,1,0,790209,2888,5826041,22,13,27685,52,50709
191851,11,7,2019,1,11,6,3,2,7,0,0,1,0,0,0,0,1,797276,1305,5823682,122,13,37856,52,48214
191852,11,11,2019,1,13,6,3,6,4,0,0,1,1,0,0,0,1,803977,9697,5826070,74,13,47913,52,49985
191853,11,11,2019,1,13,6,2,2,2,0,1,0,0,0,1,0,0,803345,6762,5826301,38,13,47005,52,50227
191854,11,9,2019,1,14,6,3,5,3,0,0,1,0,0,0,0,0,811576,9799,5820376,777,13,5854,52,44454
191855,11,12,2019,1,6,6,3,5,2,1,0,1,0,0,0,0,1,792827,961,5836797,167,13,32481,52,60211
191856,11,2,2019,1,18,6,3,5,2,2,0,1,0,1,0,0,1,803398,2589,5826865,207,13,47134,52,5073
191857,11,9,2019,1,10,6,3,0,7,0,0,1,0,0,0,0,1,815143,261,5821059,387,13,63834,52,44862
191858,11,8,2019,1,18,6,2,6,4,2,0,1,1,0,0,0,1,803739,373,5817990,696,13,46827,52,42757
191859,11,9,2019,1,17,6,3,5,2,2,0,1,0,0,0,0,1,808089,6915,5818627,215,13,53264,52,43084
191860,11,7,2019,1,18,5,3,6,2,2,0,1,1,0,0,0,0,798445,7357,5821049,159,13,39338,52,4579
191861,11,4,2019,1,16,6,3,5,3,1,0,1,0,0,0,0,0,793965,7875,5824960,752,13,33109,52,49539
191862,11,4,2019,1,19,5,3,3,6,2,1,1,0,0,0,0,0,793253,6136,5826186,529,13,32171,52,50676