OBJECTID,LAND,BEZ,UJAHR,UMONAT,USTUNDE,UWOCHENTAG,UKATEGORIE,UART,UTYP1,ULICHTVERH,IstRad,IstPKW,IstFuss,IstKrad,IstGkfz,IstSonstige,USTRZUSTAND,LINREFX,LINREFY,XGCSWGS84,YGCSWGS84,,,,
192094,11,3,2019,2,8,6,3,2,6,0,0,1,0,0,0,1,0,801729,8184,5830075,731,13,44975,52,537
192095,11,4,2019,2,9,6,2,1,5,0,1,0,0,0,0,1,1,792526,6922,5825417,873,13,31035,52,50026
192096,11,3,2019,2,11,6,3,0,2,0,0,1,0,0,0,1,0,799675,9043,5837846,604,13,42658,52,60779
192097,11,8,2019,2,11,6,3,5,3,0,0,1,0,0,0,0,0,801482,1442,5823005,501,13,4397,52,47377
192098,11,9,2019,2,11,6,3,4,2,0,0,1,0,0,0,0,0,816663,4856,5817388,768,13,65716,52,41485
192099,11,2,2019,2,16,5,3,5,2,0,1,1,0,0,0,0,0,800601,7044,5827103,871,13,43048,52,51099
192100,11,3,2019,2,13,6,2,6,4,0,0,1,1,0,0,0,0,800171,622,5836458,527,13,43261,52,59507
192101,11,5,2019,2,14,6,3,2,6,0,0,1,0,0,0,0,0,786442,9563,5831148,428,13,22591,52,55487
192102,11,2,2019,2,14,6,3,2,6,0,0,1,0,0,0,0,0,800290,9119,5824374,709,13,42345,52,48669
192103,11,12,2019,2,14,6,3,5,3,0,0,1,0,0,0,0,0,785498,3705,5837389,229,13,21739,52,61132
192104,11,1,2019,2,20,5,3,6,7,2,1,0,1,0,0,0,0,798456,4012,5829967,81,13,40153,52,53783
192105,11,7,2019,2,15,6,3,1,5,0,1,1,0,0,0,0,0,794502,3743,5823360,7,13,33755,52,48075
192106,11,6,2019,2,5,6,2,9,1,1,0,1,0,0,0,0,1,794277,8231,5817024,861,13,32867,52,42408
192107,11,12,2019,2,20,5,2,9,1,2,0,1,0,0,0,0,1,791386,3522,5835546,474,13,30249,52,59167
192108,11,10,2019,2,15,4,3,2,6,0,0,1,0,0,0,1,0,810920,3055,5832040,272,13,58666,52,54944
192109,11,1,2019,2,5,5,3,5,3,2,0,1,0,1,0,0,0,799474,4742,5826560,96,13,41343,52,50674
192110,11,3,2019,2,10,5,3,5,2,0,0,1,0,0,0,0,0,804491,6526,5840922,707,13,50031,52,63268
192111,11,6,2019,2,10,5,3,2,2,0,0,1,0,0,0,0,0,790494,2411,5818071,46,13,2741,52,43548
192112,11,9,2019,2,11,5,3,2,7,0,0,1,0,0,0,1,0,810408,6229,5818200,933,13,56624,52,42571
192113,11,8,2019,2,13,5,3,5,3,0,0,1,0,0,0,0,0,801745,7336,5822047,728,13,44271,52,46503
192114,11,5,2019,2,15,5,3,5,7,0,0,1,0,0,0,1,1,786593,9044,5829226,911,13,22647,52,53756
192115,11,7,2019,2,14,5,3,5,2,0,1,1,0,0,0,0,0,797341,3815,5821933,796,13,37796,52,46643
192116,11,7,2019,2,17,5,3,3,6,2,0,1,0,0,0,0,0,797289,667,5822620,407,13,37782,52,47261
192117,11,3,2019,2,18,5,3,2,2,2,0,1,0,0,0,0,0,802329,1795,5829223,933,13,45778,52,52903
192118,11,10,2019,2,20,5,3,5,3,2,0,1,0,0,0,0,0,811909,1725,5829754,726,13,59905,52,52839
192119,11,9,2019,2,16,4,3,2,6,0,0,1,0,0,0,1,0,804101,273,5821293,669,13,47659,52,45697
192120,11,7,2019,2,20,5,3,2,6,2,0,1,0,0,0,0,0,797339,144,5822107,621,13,37809,52,46799
192121,11,5,2019,2,21,5,3,2,6,2,0,1,0,0,1,0,0,786541,4462,5830619,418,13,2269,52,55007
192122,11,9,2019,2,21,5,3,5,3,2,0,1,0,0,0,0,0,804876,3339,5822498,924,13,48906,52,46734
192123,11,4,2019,2,16,4,2,5,7,0,0,1,0,1,0,0,0,792138,7939,5828235,945,13,30713,52,52573
192124,11,4,2019,2,18,5,2,2,6,1,0,1,0,1,0,0,1,790376,9423,5829034,24,13,28193,52,53383
192125,11,1,2019,2,23,5,3,5,2,2,0,1,0,0,0,0,0,796995,2532,5831483,726,13,38141,52,55222
192126,11,6,2019,2,16,5,3,5,3,0,0,1,0,0,0,0,1,795906,3666,5816503,838,13,35209,52,41853
192127,11,5,2019,2,11,5,3,2,6,0,0,1,0,0,0,0,0,785096,5817,5828384,185,13,20374,52,53079
192128,11,1,2019,2,14,6,3,2,6,0,1,1,0,0,0,0,0,799439,2414,5826517,549,13,41287,52,50637
192129,11,11,2019,2,17,5,3,0,7,2,0,0,0,0,1,0,1,804836,9525,5834757,777,13,49971,52,57723
192130,11,8,2019,2,20,5,3,6,7,2,0,1,1,0,0,0,0,804466,7151,5817327,581,13,47833,52,42122
192131,11,1,2019,2,16,4,3,0,4,1,0,0,1,0,0,1,1,798708,3547,5828099,497,13,40355,52,52095
192132,11,12,2019,2,11,4,3,2,6,0,0,1,0,0,0,0,0,793253,4511,5832493,85,13,32727,52,5633
192133,11,12,2019,2,10,4,3,2,6,0,0,1,0,0,0,0,0,793399,883,5833874,861,13,33063,52,57561
192134,11,8,2019,2,16,4,2,5,2,0,0,1,0,1,0,0,0,801904,5254,5817559,85,13,44098,52,42471
192135,11,3,2019,2,12,4,3,5,3,0,0,1,0,0,0,0,1,802871,6113,5838289,472,13,47403,52,60998
192136,11,2,2019,2,22,4,3,6,4,2,1,0,1,0,0,0,0,800559,2991,5826963,51,13,42973,52,50975
192137,11,3,2019,2,15,4,3,2,2,0,0,1,0,0,0,0,0,802826,5142,5832019,742,13,46764,52,55382
192138,11,12,2019,2,15,4,3,6,7,0,0,1,1,0,0,0,0,794932,9682,5836130,942,13,35521,52,595
192139,11,6,2019,2,16,5,3,5,3,0,0,1,0,0,0,0,0,792041,9339,5819964,413,13,29845,52,45163
192140,11,11,2019,2,15,4,2,5,3,0,1,1,0,0,0,0,0,805027,2157,5830385,34,13,4985,52,53794
192141,11,10,2019,2,14,4,3,5,3,0,0,1,0,0,0,0,0,811303,3594,5831186,992,13,59149,52,54157
192142,11,5,2019,2,12,4,3,1,5,0,0,1,0,0,1,0,0,787525,192,5829440,68,13,24035,52,53898
192143,11,1,2019,2,13,6,3,2,2,0,0,1,0,0,0,1,0,794657,2987,5829475,99,13,34524,52,53549
192144,11,3,2019,2,14,4,3,2,7,0,0,1,0,0,0,0,0,800604,8596,5833192,1,13,43603,52,56555
192145,11,1,2019,2,14,4,2,5,2,0,0,1,0,0,0,0,0,794526,517,5831568,974,13,34518,52,55433
192146,11,9,2019,2,11,4,3,9,1,0,0,1,0,0,0,0,0,806259,9309,5820697,1,13,50771,52,45042
192147,11,1,2019,2,13,4,3,6,7,0,0,1,1,0,0,0,0,797652,2784,5828603,876,13,38849,52,52605
192148,11,7,2019,2,13,4,3,6,4,0,0,1,1,0,0,0,0,798056,22,5820875,912,13,38751,52,45656
192149,11,3,2019,2,20,4,3,6,2,2,0,1,1,0,0,0,1,799237,371,5831804,684,13,41466,52,55387
192150,11,11,2019,2,11,4,3,1,5,0,1,0,0,0,1,1,0,803498,8171,5826482,979,13,47247,52,50382
192151,11,7,2019,2,10,4,3,5,3,0,0,1,0,0,0,1,1,797970,7948,5815787,9,13,38172,52,41099
192152,11,12,2019,2,9,4,2,9,1,0,0,1,0,0,0,0,1,792877,8476,5835184,738,13,32412,52,58763
192153,11,6,2019,2,19,5,3,2,6,2,0,1,0,0,0,0,0,792387,9439,5816554,827,13,30055,52,42088
192154,11,3,2019,2,9,4,3,5,3,0,0,1,0,0,0,0,0,800442,9614,5832251,836,13,4328,52,55722
192155,11,8,2019,2,8,4,3,9,1,0,1,0,0,0,0,0,0,802125,2209,5823032,897,13,44917,52,47366
192156,11,12,2019,2,7,4,3,0,5,0,0,1,0,0,1,0,0,790261,5941,5833872,885,13,28446,52,57727
192157,11,1,2019,2,5,4,3,6,4,2,0,1,1,0,0,0,1,795453,7285,5831564,999,13,35881,52,55379
192158,11,12,2019,2,7,4,2,5,2,0,1,1,0,0,0,0,0,787096,223,5838199,536,13,24163,52,61774
192159,11,2,2019,2,19,4,3,1,5,2,1,1,0,0,0,0,0,801566,4738,5827330,162,13,44485,52,51248
192160,11,1,2019,2,19,4,3,0,6,1,0,1,0,0,0,1,0,799653,1859,5827919,744,13,41728,52,51882
192161,11,4,2019,2,18,4,3,0,1,2,1,0,0,0,0,0,0,793610,4486,5827882,981,13,32845,52,52178
192162,11,5,2019,2,16,4,3,0,2,0,0,0,0,0,0,1,0,784396,8559,5828679,317,13,1937,52,5338
192163,11,10,2019,2,6,4,3,5,2,2,0,1,0,0,0,1,1,812396,179,5824671,618,13,60143,52,48256
192164,11,6,2019,2,8,3,3,5,3,0,1,1,0,0,0,0,1,790013,4944,5819151,53,13,26798,52,44542
192165,11,2,2019,2,15,3,3,5,3,0,0,1,0,0,0,0,0,800637,657,5825688,154,13,42973,52,49828
192166,11,2,2019,2,11,3,3,5,2,0,0,1,0,0,0,0,0,801757,6509,5826260,779,13,44669,52,50279
192167,11,3,2019,2,16,5,3,5,3,1,0,1,0,0,0,0,1,803587,7072,5839229,695,13,48544,52,61801
192168,11,7,2019,2,10,3,3,5,2,0,1,1,0,0,0,0,1,797422,4198,5820393,217,13,37778,52,45257
192169,11,2,2019,2,5,3,2,5,3,2,0,1,0,0,0,0,0,802111,4779,5826366,238,13,45199,52,50354
192170,11,6,2019,2,11,3,3,5,3,0,0,1,0,1,0,0,1,793687,5936,5821581,32,13,32402,52,46524
192171,11,1,2019,2,20,4,2,5,3,2,0,1,0,0,0,0,1,798241,4728,5829623,932,13,39806,52,53487
192172,11,2,2019,2,12,3,3,6,4,0,0,1,1,0,0,0,1,799018,49,5826320,55,13,40651,52,50483
192173,11,1,2019,2,15,3,3,2,6,0,0,1,0,0,0,0,0,799038,4561,5828988,894,13,40921,52,52874
192174,11,4,2019,2,7,3,3,5,3,0,0,1,0,0,0,0,1,792848,3924,5825749,952,13,31537,52,50307
192175,11,2,2019,2,17,3,3,6,7,2,0,1,1,0,0,0,0,799741,7141,5825777,783,13,41665,52,49957
192176,11,9,2019,2,20,3,3,2,6,2,0,1,0,0,0,0,1,809764,5334,5820697,408,13,55912,52,44845
192177,11,12,2019,2,22,3,3,6,2,2,0,1,1,0,0,0,0,792609,8449,5833525,293,13,31871,52,5729
192178,11,1,2019,2,6,4,3,6,2,1,0,1,1,0,0,0,1,797014,7613,5828941,125,13,37942,52,52942
192179,11,1,2019,2,22,3,3,5,2,2,0,1,0,0,0,0,0,796929,4628,5828125,601,13,37744,52,52216
192180,11,7,2019,2,22,3,3,0,2,2,0,1,0,1,0,0,0,796330,8975,5824892,1,13,36576,52,49349
192181,11,12,2019,2,21,3,3,5,2,2,0,1,0,0,0,0,0,792355,1708,5834061,72,13,31544,52,57784
192182,11,4,2019,2,11,3,2,5,2,0,1,1,0,0,0,0,1,791560,264,5826642,134,13,29722,52,51175
192183,11,10,2019,2,15,5,3,5,2,0,1,1,0,0,0,0,0,813011,8913,5827626,667,13,61325,52,50869
192184,11,8,2019,2,17,3,2,5,2,2,0,1,0,1,0,0,1,801055,713,5824924,693,13,43518,52,4912
192185,11,4,2019,2,11,3,2,4,6,0,0,1,0,0,0,1,0,793287,5387,5830042,661,13,32561,52,54131
192186,11,7,2019,2,13,3,2,2,6,0,0,1,0,0,0,0,1,799484,3535,5820546,542,13,40817,52,45282
192187,11,6,2019,2,18,4,3,2,6,2,0,1,0,0,0,0,1,793240,3023,5817305,74,13,31371,52,42716
192188,11,5,2019,2,17,3,3,1,6,2,0,1,0,0,0,0,1,786865,3092,5829335,3,13,23056,52,53839
192189,11,5,2019,2,12,3,2,1,5,0,1,1,0,0,0,0,1,785310,6049,5829242,89,13,20762,52,53837
192190,11,8,2019,2,21,3,3,0,1,2,1,0,0,0,0,0,1,801356,3858,5823847,435,13,43862,52,48138
192191,11,4,2019,2,10,6,3,6,2,0,0,1,1,0,0,0,0,792853,1066,5823931,143,13,31384,52,48676
192192,11,7,2019,2,14,3,3,8,1,0,0,1,0,0,0,0,0,796299,5622,5822819,37,13,36346,52,47493
192193,11,12,2019,2,9,2,3,5,3,0,1,1,0,0,0,0,1,792531,7395,5833071,19,13,31716,52,56887
192194,11,9,2019,2,18,4,2,6,2,2,0,1,1,0,0,0,1,808678,5448,5817094,416,13,53986,52,41677
192195,11,4,2019,2,21,2,3,0,7,2,0,0,0,1,0,0,1,791699,8457,5826093,318,13,2988,52,50676
192196,11,3,2019,2,20,2,3,5,3,2,0,1,0,0,0,0,1,804120,4596,5838852,263,13,49293,52,61433
192197,11,9,2019,2,6,4,3,2,6,1,0,1,0,0,0,0,1,804482,9147,5820692,942,13,48164,52,45137
192198,11,8,2019,2,20,2,3,1,5,2,1,1,0,0,0,0,0,800914,412,5823851,266,13,43213,52,48166
192199,11,1,2019,2,20,2,3,5,3,2,0,1,0,0,0,0,0,797000,5257,5826615,313,13,37713,52,50858
192200,11,4,2019,2,20,2,3,5,2,2,0,1,0,0,0,0,0,791265,2527,5823330,781,13,29,52,48223
192201,11,4,2019,2,9,4,3,0,1,0,0,0,0,1,0,0,1,792537,9798,5828264,255,13,31302,52,52577
192202,11,8,2019,2,19,2,3,2,6,2,0,1,0,0,0,0,1,802603,269,5823076,336,13,45622,52,47378
192203,11,3,2019,2,18,2,3,2,6,2,0,1,0,0,0,0,0,802343,9706,5829202,478,13,45798,52,52883
192204,11,8,2019,2,18,2,2,6,4,2,0,1,1,0,0,0,0,800627,9945,5823100,149,13,42725,52,47508
192205,11,10,2019,2,15,6,2,5,3,0,0,1,0,0,0,1,0,809930,8183,5831620,646,13,57172,52,54624
192206,11,5,2019,2,17,2,2,6,4,2,0,1,1,0,0,0,0,784767,1778,5827118,882,13,19781,52,51962
192207,11,2,2019,2,17,2,2,6,4,2,0,1,1,0,0,0,0,799223,1856,5826241,246,13,40945,52,50401
192208,11,6,2019,2,7,4,3,3,2,0,1,0,0,0,1,0,0,793124,3811,5817647,948,13,31231,52,43029
192209,11,6,2019,2,15,2,3,2,6,0,0,1,0,0,0,1,0,793139,3831,5816699,821,13,31169,52,42178
192210,11,4,2019,2,14,2,3,5,3,0,1,1,0,0,0,0,0,792763,149,5827047,864,13,31526,52,51475
192211,11,7,2019,2,8,4,3,5,3,0,0,1,0,0,0,0,1,794956,7293,5824450,27,13,34519,52,49028
192212,11,4,2019,2,14,2,3,9,1,0,0,1,0,0,0,0,0,792753,45,5827026,452,13,31509,52,51456
192213,11,5,2019,2,14,2,3,6,4,0,0,1,1,0,0,0,0,784490,5145,5828862,284,13,19523,52,53539
192214,11,2,2019,2,13,2,3,5,3,0,1,1,0,0,0,0,0,800634,631,5827321,169,13,43115,52,51292
192215,11,7,2019,2,19,5,3,5,2,2,0,1,0,0,0,1,0,796016,4629,5824955,115,13,3612,52,49423
192216,11,2,2019,2,13,2,3,6,2,0,0,1,1,0,0,0,0,800330,303,5827622,638,13,42696,52,51578
192217,11,3,2019,2,11,2,3,0,7,0,0,1,0,0,0,1,1,799213,9062,5831774,133,13,41429,52,55361
192218,11,5,2019,2,5,2,3,6,2,2,0,1,1,0,0,0,1,789803,5107,5829252,895,13,27369,52,5361
192219,11,11,2019,2,20,5,3,6,2,2,0,1,1,0,0,0,0,805176,67,5827915,1,13,49842,52,51572
192220,11,12,2019,2,6,2,3,6,4,1,0,1,1,0,0,0,1,789944,8512,5834936,864,13,28073,52,58698
192221,11,3,2019,2,6,2,3,2,2,2,0,1,0,0,0,1,1,799535,3767,5833302,102,13,4204,52,56713
192222,11,4,2019,2,7,2,3,5,3,0,1,1,0,0,0,0,1,792466,3168,5824018,55,13,30824,52,48775
192223,11,9,2019,2,8,4,3,0,1,0,1,0,0,0,0,0,1,813657,6686,5821703,477,13,61716,52,45524
192224,11,6,2019,2,7,2,3,6,2,0,0,1,1,0,0,0,1,792338,771,5820744,487,13,30348,52,45847
192225,11,4,2019,2,8,2,3,6,2,0,0,1,1,0,0,0,1,793397,8816,5821769,754,13,31994,52,46709
192226,11,12,2019,2,9,2,3,2,6,0,0,1,0,0,0,0,1,793391,7255,5833197,66,13,32993,52,56954
192227,11,1,2019,2,18,4,3,5,3,2,0,1,0,0,0,0,1,798483,9722,5826666,626,13,39897,52,50823
192228,11,2,2019,2,12,2,3,2,6,0,0,1,0,0,0,0,1,797108,4274,5824295,441,13,37665,52,48772
192229,11,11,2019,2,12,2,3,0,3,0,0,1,0,0,0,1,0,805501,3025,5834600,412,13,50934,52,57545
192230,11,12,2019,2,11,1,3,5,2,0,0,1,0,0,0,0,1,795480,4,5833415,7,13,36084,52,57036
192231,11,3,2019,2,16,5,2,6,4,0,0,1,1,0,0,0,0,799990,6231,5838623,79,13,43191,52,61458
192232,11,2,2019,2,4,1,3,5,3,2,0,1,0,0,0,0,0,799031,3183,5826071,755,13,40648,52,5026
192233,11,8,2019,2,1,1,3,5,3,2,0,1,0,0,0,0,1,801212,6569,5822539,809,13,43533,52,46974
192234,11,4,2019,2,15,1,3,5,3,0,0,1,0,1,0,0,1,787784,9179,5826169,529,13,24134,52,50952
192235,11,4,2019,2,18,4,3,6,2,2,0,1,1,0,0,0,1,792116,5437,5825765,879,13,30463,52,5036
192236,11,4,2019,2,15,1,3,6,2,0,0,1,1,0,0,0,0,792819,4825,5821878,463,13,31154,52,46837
192237,11,1,2019,2,16,1,3,5,3,1,0,1,0,0,0,0,0,798674,2573,5829452,209,13,40427,52,53309
192238,11,1,2019,2,17,1,3,6,4,1,1,0,1,0,0,0,0,794816,8792,5825999,64,13,34451,52,50424
192239,11,10,2019,2,19,1,3,5,2,2,0,1,0,0,0,0,1,811286,4024,5831546,593,13,59157,52,54481
192240,11,6,2019,2,7,4,3,6,4,0,0,1,1,0,0,0,0,795223,7334,5818696,699,13,34402,52,43856
192241,11,11,2019,2,13,1,3,5,3,0,0,1,0,0,0,0,1,803704,7389,5829526,333,13,47827,52,53098
192242,11,8,2019,2,23,7,3,6,4,2,0,1,1,0,0,0,1,801042,3269,5823879,37,13,43404,52,48184
192243,11,4,2019,2,21,7,3,5,2,2,0,1,0,0,0,0,1,793606,683,5827940,495,13,32844,52,5223
192244,11,9,2019,2,20,7,3,5,2,2,0,1,0,0,0,0,1,808978,8515,5818114,138,13,5452,52,42574
192245,11,4,2019,2,18,7,2,5,3,2,0,1,0,0,0,0,1,793966,989,5824598,156,13,33077,52,49214
192246,11,3,2019,2,14,5,3,2,6,0,0,1,0,0,0,1,0,802785,6451,5833529,74,13,46841,52,56737
192247,11,4,2019,2,20,7,3,2,6,2,0,1,0,0,0,0,1,788940,628,5827609,299,13,25957,52,52182
192248,11,3,2019,2,18,7,3,5,3,2,0,1,0,0,0,0,1,803640,8822,5839002,322,13,48601,52,61594
192249,11,1,2019,2,17,7,3,5,2,2,0,1,0,0,0,0,1,799730,882,5827547,138,13,41808,52,51544
192250,11,10,2019,2,17,4,2,6,4,1,0,1,1,0,0,0,1,809304,654,5833251,96,13,56402,52,56121
192251,11,7,2019,2,16,7,3,3,2,2,0,1,0,0,0,1,1,800050,5856,5820446,349,13,41639,52,45161
192252,11,1,2019,2,16,7,3,5,3,1,0,1,0,0,0,0,1,796805,276,5831272,527,13,37842,52,55043
192253,11,11,2019,2,16,7,3,5,3,1,0,1,0,0,0,0,1,804531,1334,5827753,191,13,48879,52,51463
192254,11,1,2019,2,14,6,3,2,6,0,0,1,0,0,0,0,0,793308,2499,5828260,773,13,32434,52,52533
192255,11,7,2019,2,15,7,3,5,3,0,1,1,0,0,0,0,1,795226,77,5825154,604,13,34978,52,49645
192256,11,6,2019,2,15,7,3,5,2,0,0,1,0,0,0,0,2,790385,2272,5820847,328,13,27491,52,46043
192257,11,5,2019,2,15,7,3,2,6,0,0,1,0,0,0,0,1,783959,8415,5830098,802,13,18849,52,54676
192258,11,9,2019,2,15,7,3,5,3,0,0,1,0,0,0,0,1,803063,207,5820926,183,13,46102,52,45425
192259,11,4,2019,2,11,6,3,5,2,0,0,1,0,0,0,0,0,787712,896,5826435,547,13,2405,52,51195
192260,11,2,2019,2,12,7,3,1,5,0,1,1,0,0,0,0,0,799776,1131,5825763,986,13,41714,52,49943
192261,11,12,2019,2,9,7,3,2,2,0,0,1,0,0,0,0,1,792653,6771,5834699,95,13,32039,52,5834
192262,11,8,2019,2,17,4,3,5,3,1,1,1,0,0,0,0,0,801264,7116,5819705,65,13,43353,52,44431
192263,11,4,2019,2,19,6,3,2,6,2,0,1,0,0,0,0,0,794409,856,5824886,859,13,33753,52,49449
192264,11,5,2019,2,10,6,3,3,6,0,0,1,0,0,0,0,0,784977,3416,5829485,951,13,20293,52,54073
192265,11,1,2019,2,12,6,3,2,6,0,0,1,0,0,0,0,1,794435,337,5828436,611,13,34106,52,5263
192266,11,2,2019,2,7,4,3,2,2,0,0,1,0,0,0,0,1,800907,1112,5826859,872,13,43474,52,50863
192267,11,1,2019,2,17,6,3,1,5,1,0,1,0,0,0,0,0,797135,1728,5831845,568,13,38379,52,55539
192268,11,4,2019,2,20,6,3,5,2,2,0,1,0,0,0,1,0,793941,2539,5825913,463,13,33157,52,50394
192269,11,5,2019,2,19,6,3,5,2,2,0,1,0,0,0,0,1,784745,2903,5826390,162,13,19686,52,5131
192270,11,11,2019,2,18,5,3,2,6,2,0,1,0,0,0,0,0,804118,3111,5829847,95,13,48464,52,53362
192271,11,9,2019,2,17,6,3,2,6,2,0,1,0,0,0,0,1,810485,6933,5820185,744,13,56922,52,44345
192272,11,6,2019,2,15,6,3,5,3,0,0,1,0,0,0,0,1,795854,8151,5817511,41,13,35223,52,42759
192273,11,5,2019,2,16,4,2,6,4,1,0,1,1,0,0,0,1,782130,8557,5830499,635,13,16193,52,5513
192274,11,3,2019,2,23,6,2,6,4,2,0,1,1,0,0,0,1,802304,9395,5829214,379,13,45742,52,52896
192275,11,3,2019,2,8,6,3,5,3,0,1,1,0,0,0,0,1,799662,4868,5832816,658,13,42183,52,56271
192276,11,3,2019,2,7,4,3,3,2,0,0,1,0,0,1,0,0,798342,175,5834830,75,13,40422,52,58148
192277,11,7,2019,2,16,6,3,2,6,1,0,1,0,0,0,0,0,794214,2832,5821987,664,13,33211,52,4686
192278,11,1,2019,2,17,6,3,1,5,1,1,1,0,0,0,0,0,797052,8,5826872,147,13,37812,52,51085
192279,11,3,2019,2,10,6,3,0,2,0,0,1,0,0,0,1,0,799997,1797,5834946,167,13,42868,52,58161
192280,11,2,2019,2,7,4,3,2,6,0,0,1,0,0,0,1,0,798449,8765,5824770,584,13,39677,52,49125
192281,11,4,2019,2,10,6,3,0,5,0,0,1,0,1,0,0,0,792936,7652,5825758,69,13,31667,52,50309
192282,11,4,2019,2,9,6,2,1,5,0,1,1,0,0,0,1,0,791762,1648,5825979,742,13,29961,52,50571
192283,11,4,2019,2,9,6,3,1,5,0,0,1,0,1,0,0,0,794377,211,5825896,412,13,33795,52,50356
192284,11,2,2019,2,19,5,3,1,5,2,1,1,0,0,0,0,0,800335,1607,5825815,873,13,4254,52,49959
192285,11,6,2019,2,7,6,3,5,2,1,1,1,0,0,0,0,1,788136,3651,5818749,989,13,24009,52,44282
192286,11,1,2019,2,7,6,3,5,3,1,0,1,0,0,0,0,0,796217,505,5831516,42,13,37,52,55293
192287,11,8,2019,2,7,6,3,5,3,1,0,1,0,0,0,0,0,804478,8534,5816941,643,13,47816,52,41775
192288,11,1,2019,2,9,3,3,2,6,0,0,1,0,0,0,0,0,800213,3546,5827482,282,13,42511,52,51459
192289,11,2,2019,2,7,6,3,5,3,1,1,1,0,0,0,0,1,799444,1273,5825668,13,13,41218,52,49875
192290,11,2,2019,2,6,6,3,6,4,2,0,1,1,0,0,0,1,799546,8981,5824913,747,13,41301,52,49193
192291,11,2,2019,2,20,1,3,5,3,2,0,1,0,1,0,0,0,797704,579,5825813,425,13,38676,52,50101
192292,11,1,2019,2,12,4,3,6,4,0,1,0,1,0,0,0,0,798558,2973,5829218,511,13,40235,52,53106
192293,11,9,2019,2,14,1,3,5,3,0,0,1,0,1,0,0,0,811334,12,5815651,485,13,57744,52,40234
192294,11,12,2019,2,13,1,3,6,4,0,0,1,1,0,0,0,0,794439,667,5837013,148,13,34872,52,60318
192295,11,12,2019,2,7,4,3,5,2,0,1,1,0,0,0,0,0,791310,7822,5838652,615,13,30411,52,61956
192296,11,3,2019,2,12,1,3,5,3,0,0,1,0,0,0,0,0,799967,901,5831076,6,13,42474,52,54694
192297,11,4,2019,2,0,1,3,2,6,2,0,1,0,0,0,0,0,791562,1443,5825090,526,13,2959,52,49784
192298,11,2,2019,2,0,1,3,5,3,2,0,1,0,0,0,0,0,797574,5628,5825331,774,13,38442,52,49676
192299,11,1,2019,2,22,4,3,5,3,2,0,1,0,0,0,0,0,798022,5701,5826590,182,13,39213,52,5078
192300,11,2,2019,2,5,7,3,5,3,1,0,1,0,0,0,0,0,800634,705,5825682,868,13,42968,52,49823
192301,11,10,2019,2,13,7,3,6,4,0,0,1,1,0,0,0,0,809554,5342,5826617,183,13,56153,52,50162
192302,11,10,2019,2,19,7,2,6,4,2,0,0,1,0,0,1,0,808987,9101,5832688,382,13,55885,52,55635
192303,11,2,2019,2,20,7,3,5,3,2,1,1,0,0,0,0,0,800462,3464,5825770,43,13,42723,52,49911
192304,11,11,2019,2,20,7,3,2,6,2,0,1,0,0,0,0,0,808672,2621,5834214,375,13,55563,52,5702
192305,11,12,2019,2,19,7,3,5,2,2,0,1,0,0,0,0,0,791910,2282,5834712,377,13,30946,52,58391
192306,11,4,2019,2,19,7,3,3,6,2,0,1,0,0,0,0,0,791886,114,5823940,8,13,29965,52,48736
192307,11,5,2019,2,21,7,2,0,1,2,0,1,0,0,0,0,0,785011,6404,5829499,892,13,20344,52,54084
192308,11,4,2019,2,8,7,3,1,5,0,1,1,0,0,0,0,0,793208,3652,5824022,875,13,31914,52,48739
192309,11,6,2019,2,20,4,3,1,5,2,0,1,0,0,0,0,0,791585,8215,5816212,847,13,28849,52,41824
192310,11,5,2019,2,13,7,3,0,7,0,0,1,0,0,0,0,0,784449,1502,5832411,707,13,19767,52,56724
192311,11,4,2019,2,20,4,3,5,3,2,1,1,0,0,0,0,0,791802,499,5826224,883,13,30041,52,50788
192312,11,3,2019,2,12,7,3,2,6,0,0,1,0,0,0,0,0,799800,784,5829552,663,13,42092,52,53338
192313,11,7,2019,2,12,7,2,6,4,0,0,1,1,0,0,0,0,799270,2078,5819056,232,13,40369,52,43958
192314,11,11,2019,2,12,7,3,6,4,0,1,0,1,0,0,0,0,805279,8212,5833243,439,13,50484,52,56341
192315,11,4,2019,2,19,4,3,3,6,2,0,1,0,0,0,0,0,790705,325,5822726,526,13,28125,52,47711
192316,11,4,2019,2,11,7,3,0,1,0,0,0,0,1,0,0,0,791925,5389,5826104,735,13,30212,52,50674
192317,11,9,2019,2,11,7,3,5,2,0,1,1,0,0,0,0,0,805012,4605,5822697,24,13,49124,52,46904
192318,11,4,2019,2,11,7,3,5,2,0,1,1,0,0,0,0,0,790025,389,5825236,385,13,27345,52,49997
192319,11,12,2019,2,19,4,2,6,4,2,0,1,1,0,0,0,0,789989,7629,5835723,329,13,28208,52,594
192320,11,10,2019,2,10,7,3,2,6,0,0,1,0,0,0,0,0,806488,4565,5829476,172,13,51913,52,52897
192321,11,2,2019,2,1,7,3,1,5,2,1,1,0,0,0,0,0,800771,8637,5826179,869,13,43214,52,50261
192322,11,1,2019,2,19,4,3,5,2,2,1,0,0,0,0,1,0,797575,1544,5826531,775,13,3855,52,50752
192323,11,9,2019,2,3,7,2,5,3,2,0,1,0,0,0,0,0,802327,3725,5825309,699,13,4542,52,49395
192324,11,5,2019,2,9,7,3,5,2,0,0,1,0,0,0,0,0,784358,9034,5830001,294,13,19427,52,54567