OBJECTID,LAND,BEZ,UJAHR,UMONAT,USTUNDE,UWOCHENTAG,UKATEGORIE,UART,UTYP1,ULICHTVERH,IstRad,IstPKW,IstFuss,IstKrad,IstGkfz,IstSonstige,USTRZUSTAND,LINREFX,LINREFY,XGCSWGS84,YGCSWGS84,,,,
193249,11,1,2019,3,15,2,3,1,5,0,1,1,0,0,0,0,1,797176,8422,5829570,542,13,38236,52,53497
193250,11,2,2019,3,6,3,3,5,2,0,1,1,0,0,0,0,0,797744,2439,5826093,69,13,38759,52,5035
193251,11,8,2019,3,14,2,3,2,6,0,0,1,0,0,0,0,1,801493,5084,5819225,629,13,43646,52,43988
193252,11,9,2019,3,7,3,3,5,3,0,1,1,0,0,0,0,0,808595,6418,5815755,434,13,53741,52,40482
193253,11,7,2019,3,15,2,3,2,6,0,0,1,0,0,0,0,0,797864,1275,5818822,81,13,38286,52,43826
193254,11,7,2019,3,15,2,3,0,2,0,0,1,0,1,0,0,1,796048,4184,5823345,958,13,36024,52,47979
193255,11,2,2019,3,15,2,3,5,2,0,1,1,0,0,0,0,0,797502,641,5824015,216,13,38219,52,485
193256,11,5,2019,3,16,2,3,2,1,0,0,1,0,0,0,0,0,787112,9255,5829378,47,13,23424,52,53865
193257,11,1,2019,3,17,2,2,5,3,1,1,0,0,0,0,0,1,797913,2258,5828331,135,13,39208,52,52346
193258,11,8,2019,3,13,6,3,2,2,0,1,1,0,0,0,0,0,801716,173,5824254,348,13,44427,52,48483
193259,11,1,2019,3,8,3,3,5,3,0,0,1,0,1,0,0,0,799169,881,5827795,653,13,41006,52,51797
193260,11,1,2019,3,18,2,3,5,7,1,0,1,0,0,0,0,1,794839,5041,5828303,352,13,34688,52,52488
193261,11,7,2019,3,18,2,3,6,2,1,0,1,1,0,0,0,1,795229,5159,5822263,592,13,34726,52,47053
193262,11,3,2019,3,8,3,3,5,3,0,1,1,0,0,0,0,0,800420,4385,5832299,261,13,43251,52,55765
193263,11,2,2019,3,18,2,3,6,4,1,0,0,1,1,0,0,1,800447,8684,5825898,905,13,42713,52,50027
193264,11,11,2019,3,18,2,3,5,3,1,1,0,0,0,0,1,1,803619,17,5826582,501,13,47433,52,50464
193265,11,12,2019,3,9,3,3,1,5,0,1,1,0,0,0,0,0,786169,7596,5834304,579,13,22462,52,58331
193266,11,5,2019,3,18,2,2,6,4,1,0,1,1,0,0,0,1,784776,394,5830375,875,13,20073,52,54882
193267,11,7,2019,3,20,2,3,5,2,2,1,1,0,0,0,0,1,796566,3081,5815869,989,13,36121,52,41249
193268,11,6,2019,3,12,5,2,1,5,0,0,1,0,0,0,1,1,789706,856,5818413,4,13,26284,52,43897
193269,11,2,2019,3,20,2,3,5,7,2,0,1,0,0,0,0,1,800155,1275,5825054,2,13,42207,52,49286
193270,11,2,2019,3,9,3,3,5,3,0,1,1,0,0,0,0,0,801895,8754,5825670,13,13,44819,52,49742
193271,11,9,2019,3,20,2,3,6,4,2,0,1,1,0,0,0,1,811395,6628,5821164,189,13,58347,52,4517
193272,11,9,2019,3,14,3,3,5,2,0,1,1,0,0,0,0,0,809516,3314,5818774,6,13,55369,52,43136
193273,11,1,2019,3,22,2,3,5,2,2,1,1,0,0,0,0,1,797161,6073,5831879,126,13,38421,52,55568
193274,11,6,2019,3,9,2,3,0,6,0,1,1,0,0,0,0,0,791996,3412,5821478,858,13,29911,52,46523
193275,11,6,2019,3,14,3,3,5,2,0,1,1,0,0,0,0,1,790598,4663,5815205,987,13,27314,52,40974
193276,11,3,2019,3,15,2,3,5,3,0,0,1,0,0,0,0,1,803343,8236,5842648,203,13,48498,52,64879
193277,11,12,2019,3,15,2,3,0,1,0,0,0,0,1,0,0,1,793734,7127,5836145,283,13,33758,52,59578
193278,11,5,2019,3,22,6,2,6,2,2,0,1,1,0,0,0,0,784548,2518,5828157,89,13,19548,52,52904
193279,11,2,2019,3,9,3,3,2,6,0,0,1,0,0,0,0,1,800206,2487,5827467,181,13,42499,52,51446
193280,11,8,2019,3,14,2,3,0,3,0,1,1,0,0,0,0,1,801804,2647,5821957,6,13,44348,52,46419
193281,11,4,2019,3,14,5,2,6,4,0,0,1,1,0,0,0,1,791568,8464,5828014,577,13,29856,52,52405
193282,11,8,2019,3,14,2,3,2,6,0,0,1,0,0,0,0,1,805551,7745,5818558,138,13,49536,52,43164
193283,11,11,2019,3,10,3,3,5,3,0,0,1,0,0,0,0,0,804678,321,5828701,204,13,49182,52,52304
193284,11,1,2019,3,13,2,3,6,2,0,0,0,1,0,0,1,0,799985,7015,5826927,415,13,42127,52,50974
193285,11,7,2019,3,10,3,3,6,7,0,0,1,1,0,0,0,0,794915,567,5825407,358,13,34542,52,49888
193286,11,10,2019,3,12,2,3,2,6,0,0,1,0,0,0,0,0,809635,8784,5829710,297,13,5656,52,52929
193287,11,8,2019,3,9,5,2,1,5,0,0,1,0,1,0,0,1,801495,8468,5820441,985,13,43759,52,45078
193288,11,4,2019,3,12,2,3,6,2,0,0,1,1,0,0,0,0,793503,2255,5826470,505,13,32562,52,50917
193289,11,2,2019,3,14,3,3,2,2,0,0,1,0,0,0,0,1,799079,4598,5824615,105,13,40588,52,48951
193290,11,3,2019,3,11,2,3,5,2,0,0,1,0,0,0,0,0,800122,7423,5833866,284,13,42955,52,57186
193291,11,9,2019,3,10,3,3,6,4,0,0,1,1,0,0,0,0,811342,3639,5822448,626,13,58389,52,46324
193292,11,10,2019,3,11,2,3,5,3,0,1,1,0,0,0,0,0,813439,4104,5828065,705,13,61994,52,51238
193293,11,2,2019,3,7,2,3,3,6,0,0,1,0,0,1,0,0,797881,9313,5825062,514,13,38869,52,49418
193294,11,1,2019,3,10,3,2,2,7,0,0,1,0,0,0,0,0,794303,1318,5828483,1,13,33916,52,52678
193295,11,7,2019,3,7,2,2,6,4,0,0,1,1,0,0,0,0,800886,1873,5814178,714,13,42301,52,39498
193296,11,11,2019,3,8,2,3,1,5,0,1,1,0,0,0,0,0,806610,9331,5825145,705,13,51695,52,49009
193297,11,2,2019,3,13,6,2,5,3,0,1,1,0,0,0,0,0,801874,7765,5825713,125,13,44792,52,49782
193298,11,1,2019,3,14,3,3,6,4,0,0,1,1,0,0,0,1,796352,9474,5826134,47,13,36719,52,50462
193299,11,6,2019,3,9,2,2,5,3,0,0,1,0,0,0,1,0,788362,9946,5817767,573,13,24257,52,43389
193300,11,3,2019,3,15,5,3,6,4,0,0,1,1,0,0,0,1,799084,6752,5832199,511,13,41278,52,55749
193301,11,6,2019,3,10,2,3,0,1,0,1,0,0,0,0,0,0,794859,5309,5817943,433,13,33801,52,432
193302,11,12,2019,3,13,3,3,1,5,0,0,1,0,0,0,0,1,791342,6392,5833160,638,13,29975,52,57031
193303,11,2,2019,3,8,2,3,0,1,0,0,0,0,0,0,1,1,799067,5283,5824625,215,13,40571,52,48961
193304,11,12,2019,3,10,3,3,2,6,0,0,1,0,0,0,0,1,794846,623,5833748,13,13,35182,52,57369
193305,11,2,2019,3,19,1,3,5,7,2,0,1,0,0,0,0,0,800724,89,5827968,454,13,43307,52,51867
193306,11,8,2019,3,19,1,3,2,6,2,0,1,0,0,0,0,1,801137,7538,5824126,159,13,43566,52,484
193307,11,9,2019,3,12,3,3,0,4,0,0,1,1,0,0,0,0,805792,64,5820334,51,13,50051,52,44743
193308,11,6,2019,3,18,1,3,5,3,2,0,1,0,0,0,0,1,794642,769,5821087,913,13,3376,52,46031
193309,11,12,2019,3,15,1,2,5,3,0,0,1,0,1,0,0,0,796281,5022,5833224,58,13,37246,52,56821
193310,11,12,2019,3,11,1,3,2,6,0,0,1,0,0,0,0,0,792116,6905,5833097,534,13,31108,52,56933
193311,11,12,2019,3,13,3,3,5,3,0,0,1,0,0,0,0,1,791440,5252,5834734,935,13,30257,52,58437
193312,11,11,2019,3,10,1,3,1,1,0,0,1,0,0,0,1,0,805232,9283,5826380,6,13,49784,52,50193
193313,11,1,2019,3,11,1,3,2,6,0,0,1,0,0,0,0,0,798857,927,5829030,984,13,40659,52,52922
193314,11,4,2019,3,14,6,3,0,4,0,1,0,1,0,0,0,0,789071,798,5827015,865,13,26099,52,51643
193315,11,2,2019,3,12,1,3,5,3,0,0,1,0,0,0,0,0,799602,155,5825833,764,13,41465,52,50015
193316,11,1,2019,3,13,3,3,0,7,0,0,0,0,1,0,0,1,795880,6404,5830598,592,13,36423,52,54489
193317,11,5,2019,3,14,1,3,5,2,0,0,1,0,0,0,0,1,782364,715,5830494,274,13,16536,52,55113
193318,11,1,2019,3,14,1,3,5,7,0,0,1,0,0,0,0,1,795108,5656,5830354,26,13,35266,52,54312
193319,11,3,2019,3,17,1,3,9,1,1,0,1,0,0,0,0,1,797279,8919,5835397,354,13,3891,52,58715
193320,11,4,2019,3,12,3,3,2,6,0,0,1,0,0,0,0,1,792937,4194,5825532,386,13,31649,52,50107
193321,11,9,2019,3,19,1,3,2,6,2,0,1,0,0,0,0,1,810755,659,5821230,344,13,57415,52,45266
193322,11,11,2019,3,12,2,3,0,3,0,0,0,0,0,0,1,0,804786,1684,5826286,232,13,4912,52,50134
193323,11,10,2019,3,20,1,2,5,2,2,1,1,0,0,0,0,1,809635,794,5830391,691,13,56624,52,5354
193324,11,1,2019,3,21,1,3,2,6,2,0,1,0,0,0,0,1,797615,3557,5828329,399,13,3877,52,52361
193325,11,12,2019,3,7,2,2,6,4,0,0,1,1,0,0,0,1,793557,9123,5835435,4,13,33435,52,58951
193326,11,3,2019,3,10,1,3,1,5,0,0,1,0,0,0,0,0,799949,3521,5831431,666,13,4248,52,55014
193327,11,3,2019,3,9,1,3,5,3,0,0,1,0,0,0,1,0,799842,9095,5831532,503,13,42332,52,5511
193328,11,1,2019,3,21,5,3,5,3,2,0,1,0,0,0,0,1,798862,1052,5826770,913,13,40462,52,50896
193329,11,11,2019,3,8,1,3,5,3,0,0,1,0,1,0,0,0,804682,6026,5830739,678,13,49376,52,54131
193330,11,5,2019,3,6,2,3,5,3,0,0,1,0,0,1,0,1,782460,271,5828519,59,13,16509,52,53337
193331,11,11,2019,3,17,7,3,5,3,2,0,1,0,1,0,0,1,805041,3408,5830416,583,13,49873,52,53821
193332,11,2,2019,3,4,2,2,0,1,2,1,0,0,0,0,0,0,803108,3288,5827107,481,13,4673,52,50963
193333,11,1,2019,3,18,7,2,1,5,2,1,1,0,0,0,0,1,797610,5583,5828361,173,13,38766,52,5239
193334,11,7,2019,3,12,7,2,1,5,0,1,1,0,0,0,0,1,798656,4172,5813639,883,13,38986,52,39137
193335,11,11,2019,3,16,5,3,2,6,0,0,1,0,0,0,0,1,805905,2116,5825953,36,13,50733,52,49772
193336,11,7,2019,3,13,7,3,1,5,0,0,1,0,0,0,0,1,794563,4851,5824262,954,13,33925,52,48881
193337,11,6,2019,3,0,2,2,5,7,2,0,1,0,0,0,0,0,794339,5453,5820571,87,13,3327,52,45584
193338,11,7,2019,3,14,7,3,2,6,0,0,1,0,0,0,0,1,795897,686,5824963,269,13,35945,52,49437
193339,11,2,2019,3,16,2,3,2,6,0,1,0,0,0,0,0,0,801646,5713,5826073,509,13,44489,52,50117
193340,11,1,2019,3,15,7,3,2,6,0,0,1,0,0,0,0,1,798883,3482,5827365,878,13,40547,52,51428
193341,11,7,2019,3,18,7,3,2,6,1,0,1,0,0,0,0,1,798336,1916,5823980,52,13,3944,52,48423
193342,11,6,2019,3,17,2,3,6,4,0,0,1,1,0,0,0,0,790173,1358,5818917,86,13,27012,52,44324
193343,11,8,2019,3,18,7,3,6,4,1,0,1,1,0,0,0,1,802571,4662,5823064,479,13,45574,52,47369
193344,11,6,2019,3,18,7,3,6,2,1,0,1,1,0,0,0,1,795909,969,5818720,15,13,35411,52,4384
193345,11,4,2019,3,9,6,3,1,5,0,1,1,0,0,0,0,0,794384,5795,5825699,322,13,33789,52,50179
193346,11,9,2019,3,9,2,3,5,3,0,0,1,0,0,0,1,1,808172,3789,5815763,921,13,53122,52,40513
193347,11,7,2019,3,18,7,3,6,2,1,0,1,1,0,0,0,1,794979,1224,5825230,728,13,34621,52,49726
193348,11,1,2019,3,18,7,3,0,3,1,0,1,0,0,0,1,1,796945,22,5826780,999,13,37647,52,51009
193349,11,11,2019,3,7,5,3,6,4,0,0,1,1,0,0,0,1,805207,726,5828190,635,13,49913,52,51817
193350,11,7,2019,3,19,7,3,6,4,1,0,1,1,0,0,0,1,796345,8317,5822963,64,13,36427,52,4762
193351,11,7,2019,3,11,2,3,5,2,0,0,1,0,0,0,0,0,797601,4622,5815557,194,13,3761,52,40913
193352,11,10,2019,3,19,7,3,6,2,2,0,1,1,0,0,0,1,809783,5604,5834072,849,13,57184,52,5683
193353,11,1,2019,3,11,2,3,2,6,0,0,1,0,0,0,0,1,796527,1046,5828671,573,13,37201,52,52727
193354,11,1,2019,3,20,7,3,2,6,2,0,1,0,0,0,0,1,794885,5195,5831065,63,13,35001,52,54961
193355,11,11,2019,3,20,7,3,5,2,2,0,1,0,0,0,0,1,805964,6703,5833685,583,13,51532,52,56699
193356,11,11,2019,3,12,2,3,0,6,0,0,1,0,1,0,0,1,803399,7437,5830004,106,13,47423,52,53543
193357,11,1,2019,3,20,7,2,1,5,2,0,1,0,0,1,0,1,797272,8649,5833186,517,13,38701,52,56733
193358,11,7,2019,3,21,7,3,6,7,2,1,0,1,0,0,0,1,798703,7066,5823950,383,13,39976,52,48376
193359,11,4,2019,3,17,6,3,2,6,2,0,1,0,0,0,0,0,792715,6143,5825785,787,13,31345,52,50346
193360,11,1,2019,3,21,7,3,6,4,2,0,1,1,0,0,0,1,797738,8871,5829704,41,13,39075,52,53587
193361,11,4,2019,3,10,7,3,5,2,0,0,1,0,0,0,0,0,792526,692,5822912,69,13,30815,52,4778
193362,11,1,2019,3,12,2,3,1,5,0,1,1,0,0,0,0,0,797598,454,5828437,201,13,38755,52,52458
193363,11,11,2019,3,10,7,2,6,4,0,0,1,1,0,0,0,0,803810,6689,5826178,406,13,47677,52,50091
193364,11,7,2019,3,6,7,2,1,1,1,0,1,0,0,0,1,0,796097,2418,5823928,615,13,36147,52,48499
193365,11,8,2019,3,18,6,3,5,3,0,0,1,0,0,0,0,0,801114,9198,5821902,753,13,43332,52,46408
193366,11,1,2019,3,13,2,3,1,5,0,0,1,0,0,0,0,1,796478,8546,5830108,6,13,37258,52,54017
193367,11,3,2019,3,17,6,3,6,4,1,0,1,1,0,0,0,1,799525,3578,5833155,82,13,42012,52,56582
193368,11,1,2019,3,9,6,3,1,5,0,1,1,0,0,0,0,1,800065,2522,5826647,181,13,42218,52,50719
193369,11,2,2019,3,10,5,3,5,2,0,1,1,0,0,0,0,1,800718,131,5827873,272,13,43288,52,51782
193370,11,11,2019,3,21,6,2,0,7,2,1,0,0,0,0,0,1,803342,1793,5830064,206,13,47343,52,536
193371,11,5,2019,3,15,2,3,6,2,0,0,1,1,0,0,0,0,785242,9911,5832253,88,13,20921,52,5654
193372,11,7,2019,3,18,6,3,5,2,1,1,1,0,0,0,0,1,794985,5787,5822319,453,13,34373,52,47116
193373,11,9,2019,3,15,2,3,2,6,0,0,1,0,0,0,0,1,809728,9225,5820798,599,13,55869,52,44937
193374,11,4,2019,3,23,6,3,2,6,2,0,1,0,0,0,0,0,791299,1141,5826072,998,13,29289,52,50679
193375,11,1,2019,3,20,6,2,6,2,2,0,1,1,0,0,0,1,797912,9562,5827374,924,13,39122,52,51489
193376,11,8,2019,3,16,2,3,0,6,0,0,1,0,1,0,0,1,802702,267,5818355,836,13,45339,52,43142
193377,11,2,2019,3,21,6,3,5,3,2,1,1,0,0,0,0,0,800404,8964,5825792,815,13,4264,52,49934
193378,11,11,2019,3,18,6,3,5,7,1,0,1,0,0,0,1,1,807364,2702,5825164,526,13,52802,52,48984
193379,11,7,2019,3,16,6,3,0,3,0,1,0,0,0,0,1,0,799980,3808,5813236,745,13,4089,52,38703
193380,11,11,2019,3,16,2,3,2,6,0,0,1,0,0,0,0,0,805020,5262,5831474,584,13,4994,52,5477
193381,11,3,2019,3,16,6,3,2,6,1,0,1,0,1,0,0,1,800735,7457,5831799,798,13,43669,52,553
193382,11,8,2019,3,15,6,3,5,3,0,1,1,0,0,0,0,1,801743,5588,5824293,78,13,44471,52,48517
193383,11,12,2019,3,17,2,3,6,7,0,0,1,1,0,0,0,0,786407,7139,5837735,591,13,23109,52,61394
193384,11,12,2019,3,15,6,3,2,6,0,0,1,0,0,0,0,1,792461,9549,5833301,191,13,31634,52,57097
193385,11,2,2019,3,15,6,3,1,5,0,1,1,0,0,0,0,1,799662,7346,5825809,464,13,41552,52,4999
193386,11,7,2019,3,20,5,3,2,6,2,0,1,0,0,0,0,1,796273,9481,5824924,293,13,36495,52,49382
193387,11,1,2019,3,16,6,3,0,1,0,0,0,0,1,0,0,1,797314,443,5829013,434,13,38388,52,5299
193388,11,2,2019,3,17,2,2,5,2,0,1,1,0,0,0,0,0,798706,946,5824706,785,13,40049,52,49054
193389,11,4,2019,3,1,6,2,9,1,2,0,1,0,0,0,0,1,790223,3292,5828157,307,13,2789,52,52605
193390,11,3,2019,3,16,2,3,2,6,0,0,1,0,0,0,0,0,802542,1969,5829336,977,13,46101,52,52993
193391,11,1,2019,3,1,6,2,5,2,2,1,1,0,0,0,0,1,799235,8031,5828467,756,13,41164,52,52396
193392,11,9,2019,3,6,6,2,5,3,1,1,1,0,0,0,0,1,809466,6848,5819054,922,13,55323,52,4339
193393,11,12,2019,3,13,2,2,0,4,0,0,0,1,0,0,1,1,790066,563,5835340,156,13,28288,52,59053
193394,11,3,2019,3,9,6,3,0,1,0,0,0,0,1,0,0,1,805196,5748,5841110,637,13,51086,52,63397
193395,11,4,2019,3,9,6,3,5,2,0,1,1,0,0,0,0,0,792918,575,5826769,19,13,3173,52,51217
193396,11,4,2019,3,14,6,3,3,6,0,0,1,0,0,0,1,0,793664,889,5826369,838,13,32791,52,50818
193397,11,1,2019,3,15,6,2,0,1,0,0,0,0,1,0,0,1,799622,7204,5827581,517,13,41652,52,51581
193398,11,5,2019,3,11,2,3,5,2,0,0,1,0,0,0,0,1,783993,5385,5826853,358,13,18621,52,51764
193399,11,11,2019,3,14,6,3,5,2,0,1,1,0,0,0,0,0,805724,6992,5831360,256,13,50964,52,54629
193400,11,2,2019,4,15,5,3,6,4,0,0,1,1,0,0,0,0,799863,5622,5825853,946,13,41851,52,50019
193401,11,4,2019,4,20,4,3,2,6,2,0,1,0,0,0,0,0,793185,2145,5830141,776,13,32419,52,54226
193402,11,8,2019,4,7,5,3,5,3,0,0,1,0,1,0,0,0,803752,474,5822184,216,13,47228,52,46515
193403,11,6,2019,4,18,4,3,2,7,0,0,1,0,0,0,0,0,789989,5948,5817262,75,13,26599,52,4285
193404,11,2,2019,4,0,7,3,2,2,2,1,1,0,0,0,0,0,803329,2148,5826743,578,13,47022,52,50625
193405,11,6,2019,4,17,4,3,2,6,0,0,1,0,0,0,0,0,793413,6161,5817718,102,13,31661,52,43076
193406,11,8,2019,4,17,4,3,5,3,0,0,1,0,1,0,0,0,802369,6522,5823221,455,13,45293,52,47521
193407,11,1,2019,4,8,6,2,5,2,0,0,1,0,1,0,0,0,798079,604,5829993,131,13,39601,52,53827
193408,11,10,2019,4,16,4,3,2,7,0,1,1,0,0,0,0,0,809704,9283,5826049,81,13,56321,52,49645
193409,11,2,2019,4,15,5,3,2,6,0,0,1,0,0,0,0,0,800698,2016,5828469,571,13,43313,52,52317
193410,11,11,2019,4,12,1,3,6,4,0,0,1,1,0,0,0,0,804104,8014,5827321,149,13,48214,52,51099
193411,11,2,2019,4,16,4,3,6,4,0,0,1,1,0,0,0,0,802301,7411,5827816,566,13,4561,52,51643
193412,11,4,2019,4,13,7,3,5,2,0,0,1,0,0,0,0,0,792326,2752,5828246,852,13,30989,52,52573
193413,11,1,2019,4,15,4,3,6,2,0,1,0,1,0,0,0,0,797150,28,5831400,811,13,38361,52,55139
193414,11,8,2019,4,15,4,3,5,3,0,0,1,0,0,0,1,0,805795,7042,5816197,599,13,49678,52,41035
193415,11,4,2019,4,2,6,2,1,5,2,1,1,0,0,0,0,0,793670,3461,5825858,154,13,32754,52,50359
193416,11,3,2019,4,14,4,2,5,3,0,1,0,0,0,0,0,0,799798,4518,5831176,502,13,42235,52,54793
193417,11,9,2019,4,15,7,2,2,2,0,0,1,0,1,0,0,0,817477,3764,5816709,176,13,66844,52,40829
193418,11,9,2019,4,14,4,2,0,5,0,1,0,0,0,0,1,0,810980,3395,5819984,217,13,57628,52,44137
193419,11,12,2019,4,16,4,2,5,2,0,0,1,0,0,0,0,0,794839,7292,5833068,212,13,35111,52,5676
193420,11,2,2019,4,19,6,2,0,2,1,0,0,1,1,0,0,0,801767,78,5826253,667,13,44684,52,50272
193421,11,9,2019,4,12,4,3,5,7,0,0,1,0,0,0,1,0,809404,5691,5821504,534,13,55458,52,45588
193422,11,9,2019,4,14,5,3,0,1,0,1,0,0,0,0,0,0,806621,6109,5820450,557,13,51279,52,44801
193423,11,8,2019,4,12,4,3,0,7,0,1,0,0,0,0,1,1,802487,2081,5822551,781,13,45404,52,46914
193424,11,11,2019,4,14,1,3,2,2,0,0,1,0,0,0,0,0,806305,1362,5833901,131,13,52052,52,56873
193425,11,4,2019,4,12,4,3,5,2,0,1,1,0,0,0,0,0,792895,5909,5826797,735,13,31698,52,51243
193426,11,4,2019,4,10,4,2,5,2,0,1,1,0,0,0,0,0,789617,3298,5823355,274,13,26582,52,48332
193427,11,8,2019,4,15,7,3,5,3,0,0,0,0,0,0,1,0,801231,7274,5822468,48,13,43554,52,46909
193428,11,1,2019,4,9,4,2,1,5,0,1,1,0,0,0,1,0,799057,4228,5827190,194,13,40787,52,51261
193429,11,1,2019,4,8,4,3,1,5,0,1,1,0,0,0,1,0,798331,188,5828924,511,13,39875,52,52855
193430,11,1,2019,4,1,5,3,2,6,2,1,0,0,0,0,1,0,795549,4703,5829244,956,13,35815,52,53294
193431,11,8,2019,4,7,4,3,6,2,0,0,0,1,0,0,1,0,801146,1549,5823779,681,13,43547,52,48089
193432,11,4,2019,4,10,5,3,5,2,0,1,1,0,0,0,0,0,792977,2669,5826182,288,13,31764,52,50687
193433,11,3,2019,4,7,4,3,1,5,0,0,1,0,1,0,0,0,799377,923,5831077,9,13,41608,52,54727
193434,11,1,2019,4,7,4,3,5,3,0,1,1,0,0,0,0,0,795343,4296,5830390,818,13,35614,52,54332
193435,11,8,2019,4,17,5,3,0,4,0,1,0,1,0,0,0,0,800785,5182,5824392,97,13,43073,52,48659
193436,11,9,2019,4,7,4,3,0,1,0,1,0,0,0,0,0,0,808330,2849,5819200,762,13,5367,52,43584
193437,11,12,2019,4,16,1,3,5,2,0,0,1,0,0,0,0,0,792354,1331,5834072,136,13,31543,52,57794
193438,11,3,2019,4,7,4,3,6,6,0,1,0,1,0,0,0,0,798915,9664,5830386,162,13,40866,52,54133
193439,11,3,2019,4,5,4,3,2,6,2,0,1,0,0,0,0,0,796987,3057,5835832,827,13,38518,52,59121
193440,11,1,2019,4,17,6,3,6,4,0,0,1,1,0,0,0,0,795939,2649,5828328,295,13,36307,52,52451
193441,11,7,2019,4,1,4,3,5,3,2,0,1,0,0,0,0,0,797897,8565,5818354,261,13,38294,52,43404
193442,11,11,2019,4,16,3,3,6,7,0,0,1,1,0,0,0,0,805431,545,5827935,793,13,50219,52,51576
193443,11,5,2019,4,11,5,3,0,7,0,0,1,0,0,0,1,0,783945,3015,5828947,354,13,18729,52,53644
193444,11,1,2019,4,14,3,3,0,5,0,1,1,0,0,0,0,0,793737,9481,5832005,137,13,33396,52,55866
193445,11,2,2019,4,9,5,2,3,6,0,0,1,0,1,0,0,0,800534,5364,5828474,65,13,43073,52,52331
193446,11,8,2019,4,16,3,3,2,6,0,0,1,0,0,0,0,0,800668,1426,5824292,276,13,42891,52,48575
193447,11,1,2019,4,19,7,3,5,2,0,0,1,0,0,0,1,0,794536,6214,5831570,43,13,34533,52,55433
193448,11,8,2019,4,7,3,3,6,7,0,1,0,1,0,0,0,0,801106,2886,5822184,106,13,43344,52,46661
193449,11,10,2019,4,16,3,3,5,3,0,1,1,0,0,0,0,0,809644,2053,5828927,397,13,565,52,52227
193450,11,4,2019,4,9,6,3,5,3,0,1,0,0,0,0,0,0,794140,88,5824322,366,13,33308,52,48957
193451,11,4,2019,4,15,7,3,7,7,0,0,0,0,1,0,0,0,789539,1073,5830525,48,13,27091,52,54765
193452,11,4,2019,4,16,3,3,5,3,0,0,1,0,0,0,0,0,793379,1756,5821960,22,13,31983,52,46881
193453,11,12,2019,4,16,3,3,2,2,0,0,1,0,0,0,1,0,792464,8551,5837326,894,13,31993,52,60705
193454,11,4,2019,4,14,6,3,5,2,0,0,1,0,1,0,0,0,791388,4928,5828585,36,13,2964,52,52926
193455,11,6,2019,4,16,3,3,6,4,0,0,1,1,0,0,0,0,791878,5162,5818982,31,13,2952,52,44291
193456,11,6,2019,4,15,5,3,2,6,0,0,1,0,0,0,0,0,795100,2279,5819675,569,13,34307,52,4474
193457,11,8,2019,4,16,3,3,1,1,0,0,1,0,0,0,0,0,801768,7801,5823786,264,13,44462,52,48061
193458,11,1,2019,4,16,2,3,2,6,0,0,1,0,0,0,0,0,796678,2998,5831653,58,13,3769,52,55392
193459,11,8,2019,4,17,5,3,5,3,0,1,1,0,0,0,0,0,804117,8197,5817627,958,13,47349,52,42411
193460,11,1,2019,4,18,3,3,2,6,0,0,1,0,0,0,0,0,799519,2538,5828857,611,13,41615,52,5273
193461,11,3,2019,4,16,7,3,0,3,0,1,1,0,0,0,0,0,798124,485,5835605,449,13,40172,52,58855
193462,11,12,2019,4,16,3,3,5,2,0,0,1,0,0,0,1,0,792902,1472,5832166,951,13,32181,52,56056
193463,11,6,2019,4,18,3,3,0,6,0,1,0,0,0,0,1,0,792189,1758,5818718,978,13,29953,52,44039
193464,11,8,2019,4,7,6,3,4,5,0,1,1,0,0,0,0,0,801976,4173,5822892,549,13,44686,52,47248
193465,11,2,2019,4,18,3,3,5,2,0,0,1,0,1,0,0,0,798334,1937,5825557,154,13,39578,52,49837
193466,11,1,2019,4,15,5,2,3,6,0,1,0,0,0,0,0,0,799737,7325,5827692,193,13,41831,52,51673
193467,11,2,2019,4,18,3,3,5,2,0,1,1,0,0,0,0,0,797843,44,5824926,336,13,38801,52,49298
193468,11,5,2019,4,11,1,3,1,5,0,1,1,0,0,0,0,0,782005,8276,5828367,369,13,15828,52,53225
193469,11,4,2019,4,17,3,2,6,7,0,0,1,1,0,0,0,0,791662,347,5827613,2,13,29957,52,5204
193470,11,1,2019,4,16,5,3,2,2,0,1,1,0,0,0,0,0,797143,959,5826449,27,13,37909,52,50701
193471,11,11,2019,4,11,3,2,2,6,0,0,1,0,1,0,0,0,804617,6802,5829927,184,13,49206,52,53406
193472,11,4,2019,4,15,1,3,1,5,0,1,1,0,0,0,0,0,792105,56,5825991,547,13,30466,52,50563
193473,11,1,2019,4,17,3,2,5,2,0,0,1,0,1,0,0,0,799186,4977,5828678,81,13,4111,52,52587
193474,11,10,2019,4,8,3,3,3,6,0,0,1,0,0,1,0,0,807786,1483,5830791,461,13,53942,52,54003
193475,11,10,2019,4,9,7,3,2,2,0,0,1,0,1,0,0,0,806580,621,5828344,93,13,51945,52,51877
193476,11,8,2019,4,23,3,2,5,2,2,0,0,0,1,0,1,0,801544,3045,5820646,99,13,43848,52,45259
193477,11,1,2019,4,22,3,3,1,5,2,0,1,0,0,0,0,0,798422,738,5828768,836,13,39995,52,52711
193478,11,8,2019,4,20,6,2,5,3,2,1,1,0,0,0,0,0,801730,7488,5817139,199,13,43805,52,42105
193479,11,7,2019,4,21,3,3,6,4,2,0,1,1,0,0,0,0,794762,1287,5825692,966,13,34343,52,50152