OBJECTID,LAND,BEZ,UJAHR,UMONAT,USTUNDE,UWOCHENTAG,UKATEGORIE,UART,UTYP1,ULICHTVERH,IstRad,IstPKW,IstFuss,IstKrad,IstGkfz,IstSonstige,USTRZUSTAND,LINREFX,LINREFY,XGCSWGS84,YGCSWGS84,,,,
193711,11,11,2019,3,13,7,3,1,5,0,0,1,0,0,0,0,0,803824,6896,5828975,6,13,47953,52,52597
193712,11,11,2019,4,15,2,3,0,1,0,1,0,0,0,0,0,0,804438,3892,5829083,873,13,48865,52,5266
193713,11,3,2019,4,23,2,3,5,2,2,1,0,0,0,0,0,0,799148,4138,5829204,802,13,41102,52,53062
193714,11,8,2019,3,13,7,3,2,6,0,0,1,0,0,0,0,0,802853,7298,5818684,186,13,45592,52,43427
193715,11,3,2019,4,15,2,3,2,6,0,0,1,0,0,0,0,0,800837,166,5838746,425,13,44449,52,61521
193716,11,12,2019,3,13,7,2,5,3,0,1,1,0,0,0,0,0,791908,1241,5831508,141,13,30661,52,55519
193717,11,3,2019,4,15,2,3,6,2,0,0,1,1,0,0,0,0,798915,7475,5833763,205,13,4117,52,5716
193718,11,10,2019,4,16,6,2,6,4,0,0,1,1,0,0,0,0,812207,8375,5830677,245,13,6043,52,53649
193719,11,10,2019,3,12,7,3,6,4,0,0,1,1,0,0,0,0,810203,4735,5833403,617,13,57739,52,56207
193720,11,5,2019,4,17,2,3,5,3,0,1,1,0,0,0,0,0,785264,6124,5831584,788,13,20895,52,5594
193721,11,7,2019,4,14,2,3,6,4,0,0,1,1,0,0,0,0,797283,273,5823252,853,13,37828,52,47828
193722,11,12,2019,4,14,5,3,1,5,0,0,1,0,1,0,0,0,795367,1514,5833921,721,13,35963,52,57496
193723,11,2,2019,3,8,7,2,5,2,0,0,1,0,0,0,0,0,797122,75,5823997,437,13,37658,52,48505
193724,11,1,2019,4,15,2,3,2,7,0,0,1,0,0,0,0,0,795519,4884,5828343,361,13,35691,52,52487
193725,11,3,2019,4,15,1,3,0,2,0,1,1,0,0,0,0,0,799982,7569,5835096,756,13,4286,52,58297
193726,11,8,2019,4,8,2,3,5,3,0,1,1,0,0,0,0,0,800518,654,5824464,318,13,42687,52,48737
193727,11,12,2019,3,8,7,3,1,1,0,0,1,0,0,0,0,0,793996,6908,5836677,648,13,34191,52,60041
193728,11,7,2019,3,7,7,2,6,2,0,0,0,1,0,0,1,0,798895,1843,5821221,509,13,40013,52,4592
193729,11,4,2019,4,22,2,3,5,2,2,0,1,0,0,0,0,0,791287,3535,5830682,786,13,29676,52,54812
193730,11,6,2019,4,11,7,2,5,2,0,1,1,0,0,0,0,0,779429,8994,5815040,975,13,10924,52,41408
193731,11,3,2019,4,21,2,3,3,6,2,1,1,0,0,0,0,0,802268,288,5831574,409,13,45902,52,55013
193732,11,3,2019,3,8,7,3,0,1,0,1,0,0,0,0,0,0,798806,5504,5831276,55,13,40785,52,54937
193733,11,8,2019,4,20,2,3,6,7,2,0,1,1,0,0,0,0,802005,955,5820022,601,13,44469,52,44674
193734,11,5,2019,3,13,7,3,0,1,0,0,0,0,1,0,0,0,784768,5903,5827092,844,13,19781,52,51938
193735,11,2,2019,4,20,2,3,6,2,2,0,1,1,0,0,0,0,799843,2973,5825766,272,13,41813,52,49941
193736,11,4,2019,4,19,6,3,4,5,1,1,0,0,0,0,0,0,794268,6378,5825046,108,13,33561,52,49599
193737,11,7,2019,3,0,7,3,5,3,2,0,1,0,0,0,0,0,794957,801,5825654,373,13,34627,52,50107
193738,11,2,2019,4,20,2,3,2,6,2,0,1,0,1,0,0,0,798365,9502,5825560,792,13,39625,52,49838
193739,11,8,2019,4,19,2,3,2,7,1,0,1,0,1,0,0,0,801805,2113,5823989,635,13,44534,52,48241
193740,11,5,2019,4,17,5,3,2,6,0,0,1,0,0,0,0,0,786227,6428,5830462,948,13,22215,52,54883
193741,11,2,2019,3,15,7,3,0,4,0,1,0,1,0,0,0,0,800745,2632,5825821,399,13,43143,52,49941
193742,11,1,2019,4,18,2,3,5,2,0,0,1,0,1,0,0,0,796122,213,5828428,873,13,36584,52,52531
193743,11,4,2019,4,19,1,3,6,2,2,0,1,1,0,0,0,0,794000,7785,5824043,812,13,33079,52,48715
193744,11,11,2019,4,18,2,3,5,2,0,1,1,0,0,0,0,0,804550,7888,5830582,598,13,49167,52,53997
193745,11,11,2019,3,15,7,3,2,2,0,0,1,0,0,0,0,0,803546,2607,5829751,574,13,47615,52,53309
193746,11,9,2019,4,17,2,3,2,6,0,0,1,0,0,1,0,0,810040,1358,5819480,675,13,56203,52,43739
193747,11,12,2019,4,12,5,3,5,2,0,0,1,0,0,0,1,0,790683,9355,5835383,35,13,292,52,59059
193748,11,4,2019,4,16,2,3,2,6,0,0,1,0,0,0,0,0,791373,7673,5826081,664,13,294,52,50683
193749,11,9,2019,3,15,7,3,5,3,0,1,1,0,0,0,0,0,810794,6985,5820328,302,13,57388,52,44455
193750,11,2,2019,4,8,2,3,3,6,0,0,1,0,0,0,0,0,800010,7501,5824455,637,13,41941,52,48757
193751,11,3,2019,4,12,1,3,2,6,0,1,1,0,0,0,0,0,799394,2247,5830824,59,13,41609,52,545
193752,11,1,2019,4,8,2,3,5,3,0,1,1,0,0,0,0,0,796640,8219,5826649,78,13,37188,52,50908
193753,11,10,2019,3,15,7,3,5,2,0,0,1,0,0,0,0,0,811351,449,5831955,948,13,59291,52,54844
193754,11,2,2019,3,16,7,3,5,7,0,0,1,0,0,0,0,0,800283,9088,5824377,608,13,42335,52,48672
193755,11,4,2019,4,8,2,3,5,2,0,1,0,0,1,0,0,0,794465,626,5825854,221,13,33921,52,50313
193756,11,2,2019,4,14,7,3,0,3,0,0,1,0,1,0,0,0,803001,5844,5828275,934,13,4668,52,52016
193757,11,3,2019,4,8,2,3,2,6,0,0,1,0,0,0,0,0,800464,55,5830781,81,13,43178,52,54403
193758,11,9,2019,3,16,7,3,2,6,0,0,1,0,0,0,1,0,805936,95,5821845,412,13,50401,52,46089
193759,11,9,2019,4,7,2,3,2,6,0,0,1,0,0,0,0,0,819184,6136,5819992,12,13,69659,52,43671
193760,11,1,2019,3,20,7,3,6,2,2,0,1,1,0,0,0,0,794894,3661,5830254,571,13,34942,52,54234
193761,11,2,2019,4,7,2,3,6,7,0,1,0,1,0,0,0,0,802190,3607,5826878,584,13,45361,52,50809
193762,11,11,2019,4,14,6,3,0,7,0,0,1,0,0,0,0,0,802642,3177,5829357,635,13,4625,52,53006
193763,11,12,2019,3,21,7,3,5,3,2,0,1,0,0,0,0,0,794480,9087,5837096,108,13,34941,52,6039
193764,11,1,2019,4,8,2,3,2,6,0,1,1,0,0,0,0,0,797205,9045,5827497,87,13,38094,52,51637
193765,11,3,2019,4,9,2,3,5,3,0,0,1,0,0,0,0,0,800112,7011,5831694,542,13,42744,52,5524
193766,11,7,2019,4,17,5,2,0,7,0,1,0,0,0,0,0,0,797325,1638,5817266,872,13,37357,52,4246
193767,11,1,2019,3,21,7,3,1,5,2,1,1,0,0,0,0,0,794771,4841,5830388,14,13,34773,52,54361
193768,11,2,2019,4,10,2,3,5,3,0,0,1,0,0,0,0,0,800585,7312,5827025,55,13,43017,52,51029
193769,11,6,2019,4,18,7,3,6,4,0,0,1,1,0,0,0,0,793720,43,5816402,912,13,31995,52,4188
193770,11,1,2019,4,10,2,3,5,3,0,0,1,0,0,0,0,0,796964,9112,5828855,81,13,37861,52,52868
193771,11,9,2019,3,14,7,3,2,6,0,1,1,0,1,0,0,0,802430,4446,5824668,286,13,45513,52,48814
193772,11,2,2019,3,21,7,3,0,7,2,1,0,0,0,0,0,0,803207,6682,5826818,79,13,4685,52,50698
193773,11,4,2019,4,10,2,3,5,3,0,0,1,0,0,0,0,0,789490,713,5826785,36,13,26693,52,51414
193774,11,2,2019,4,14,6,3,5,2,0,0,1,0,0,0,0,0,799071,3187,5825609,358,13,40665,52,49843
193775,11,10,2019,4,11,2,3,2,6,0,0,1,0,0,0,0,0,806524,8745,5829350,305,13,51955,52,52782
193776,11,3,2019,3,20,7,3,0,1,2,1,0,0,0,0,0,0,799258,9079,5830528,125,13,41383,52,54242
193777,11,1,2019,4,12,2,3,2,6,0,0,1,0,1,0,0,0,795676,849,5829721,148,13,36045,52,53714
193778,11,4,2019,4,22,6,2,2,6,2,0,1,0,0,0,0,0,791895,435,5823949,254,13,29979,52,48743
193779,11,8,2019,4,13,2,3,6,7,0,0,1,1,0,0,0,0,801048,8665,5822344,462,13,43275,52,46808
193780,11,7,2019,3,11,7,3,5,3,0,0,1,0,0,0,1,0,795970,8943,5824531,299,13,36015,52,49046
193781,11,5,2019,4,12,2,3,5,3,0,0,1,0,0,0,0,0,783814,9115,5828690,411,13,18515,52,5342
193782,11,2,2019,3,23,6,3,5,7,2,1,1,0,0,0,0,0,801705,4775,5826158,34,13,44583,52,5019
193783,11,8,2019,4,12,2,3,2,2,0,0,1,0,0,0,1,0,800666,8535,5824389,872,13,42898,52,48662
193784,11,6,2019,4,11,5,3,5,2,0,0,1,0,0,0,0,0,793315,148,5820744,511,13,31782,52,45794
193785,11,2,2019,3,9,6,3,1,7,0,0,1,0,0,0,0,0,799726,7438,5824717,269,13,41547,52,49007
193786,11,10,2019,4,15,2,3,5,3,0,1,1,0,0,0,0,0,808578,3683,5829002,418,13,54941,52,52355
193787,11,3,2019,4,15,2,3,1,5,0,1,1,0,0,0,0,0,800026,9729,5830790,292,13,42536,52,54434
193788,11,2,2019,4,10,5,3,2,6,0,0,1,0,1,0,0,0,801792,2393,5825783,79,13,44677,52,49849
193789,11,4,2019,3,13,6,3,5,2,0,1,0,0,0,0,1,0,791278,3815,5822043,146,13,28906,52,47067
193790,11,11,2019,4,15,2,3,5,3,0,1,1,0,0,0,0,0,806923,9717,5834059,826,13,52977,52,5698
193791,11,1,2019,4,19,7,3,5,3,1,0,1,0,0,0,0,0,794422,6183,5829391,563,13,34172,52,53486
193792,11,4,2019,4,15,2,3,1,5,0,1,1,0,0,0,0,0,791578,7929,5822623,524,13,29398,52,47572
193793,11,7,2019,3,12,6,3,2,2,0,0,1,0,0,0,0,0,797598,63,5815556,343,13,37605,52,40912
193794,11,8,2019,4,16,2,3,1,5,0,1,1,0,0,0,0,0,800916,6356,5822459,579,13,43091,52,46918
193795,11,7,2019,3,12,6,3,5,3,0,1,1,0,0,0,0,0,794246,8671,5822018,816,13,33262,52,46887
193796,11,8,2019,4,11,6,3,5,3,0,0,1,0,0,0,1,0,800559,9954,5825043,6,13,428,52,49254
193797,11,4,2019,4,18,4,3,6,4,0,1,0,1,0,0,0,0,790326,5635,5827297,479,13,27967,52,51829
193798,11,2,2019,4,15,5,3,5,2,0,0,1,0,0,0,0,0,799067,5829,5825599,892,13,40659,52,49835
193799,11,1,2019,4,13,1,3,6,4,0,0,1,1,0,0,0,0,797709,2849,5831761,627,13,39215,52,55432
193800,11,5,2019,4,15,4,2,0,2,0,0,0,0,0,0,1,0,781558,2863,5819636,169,13,14432,52,45419
193801,11,10,2019,4,19,4,3,5,2,0,1,1,0,0,0,0,0,812486,4973,5824890,536,13,60296,52,48447
193802,11,4,2019,4,9,4,3,3,6,0,1,1,0,0,0,0,0,792658,5954,5826096,791,13,31289,52,50628
193803,11,1,2019,4,10,7,2,0,1,0,1,0,0,0,0,0,0,798231,9458,5829359,295,13,39768,52,5325
193804,11,5,2019,4,17,6,3,5,2,0,1,0,0,0,0,1,0,783981,3829,5830108,287,13,18881,52,54683
193805,11,2,2019,4,15,6,3,6,7,0,1,0,1,0,0,0,0,801974,9288,5826927,588,13,45049,52,50865
193806,11,8,2019,4,16,6,3,2,6,0,0,1,0,0,0,0,0,801157,5405,5823536,887,13,43542,52,47871
193807,11,9,2019,4,13,6,3,0,7,0,1,0,0,0,0,0,0,811054,2938,5820256,887,13,57762,52,44377
193808,11,4,2019,4,14,6,3,2,6,0,0,1,0,0,0,0,0,790808,2101,5827385,79,13,28683,52,51882
193809,11,5,2019,4,11,6,3,5,3,0,1,1,0,0,0,0,0,782133,9344,5829921,89,13,16148,52,54612
193810,11,9,2019,4,10,6,2,0,6,0,0,1,0,1,0,0,0,812192,7213,5821359,76,13,59535,52,453
193811,11,7,2019,4,8,6,3,9,1,0,0,1,0,0,0,0,0,796917,6733,5820257,804,13,37025,52,45163
193812,11,4,2019,4,9,6,3,5,7,0,0,1,0,0,0,0,0,791783,1876,5827471,407,13,30123,52,51907
193813,11,4,2019,4,12,6,3,3,6,0,0,1,0,1,0,0,0,793261,6879,5826955,57,13,3225,52,51365
193814,11,5,2019,4,14,6,3,2,2,0,0,1,0,0,0,0,0,787003,184,5829462,42,13,2327,52,53945
193815,11,4,2019,4,14,6,3,0,1,0,1,0,0,0,0,0,0,792711,171,5821801,363,13,30989,52,46774
193816,11,4,2019,4,11,6,3,0,1,0,0,0,0,1,0,0,0,787112,2678,5826167,416,13,23145,52,50986
193817,11,1,2019,4,16,6,3,6,2,0,1,0,1,0,0,0,0,798956,3708,5827843,358,13,40697,52,51852
193818,11,4,2019,4,16,6,2,5,3,0,0,1,0,0,0,0,0,789850,3949,5827403,754,13,27277,52,51949
193819,11,7,2019,4,14,4,2,5,3,0,1,1,0,0,0,0,0,797838,339,5822536,493,13,3858,52,47156
193820,11,7,2019,4,17,6,3,3,2,0,1,0,0,0,0,1,0,795892,688,5820833,479,13,35572,52,45735
193821,11,3,2019,4,17,6,2,1,5,0,1,1,0,0,0,0,0,801873,9557,5830359,741,13,45212,52,53947
193822,11,12,2019,4,18,6,3,2,6,0,0,1,0,0,0,0,0,791205,9618,5830828,227,13,29569,52,54947
193823,11,4,2019,4,20,6,3,2,6,2,0,1,0,0,0,0,0,794399,4293,5825883,582,13,33827,52,50343
193824,11,8,2019,4,17,6,3,5,7,0,0,1,0,0,0,0,0,801459,406,5823878,483,13,44015,52,4816
193825,11,4,2019,4,18,6,3,0,1,0,1,0,0,0,0,0,0,790414,909,5825962,641,13,2798,52,50627
193826,11,12,2019,4,15,5,3,0,1,0,1,0,0,0,0,0,0,790460,3261,5834734,95,13,28814,52,58489
193827,11,8,2019,4,19,5,3,6,4,0,1,0,1,0,0,0,0,800642,6455,5823060,643,13,42743,52,47472
193828,11,1,2019,4,16,5,3,0,2,0,1,1,0,0,0,0,0,795258,56,5826615,301,13,35153,52,50952
193829,11,2,2019,4,20,5,3,6,4,2,0,0,1,1,0,0,0,799782,8324,5825716,2,13,4172,52,499
193830,11,9,2019,4,14,5,3,2,2,0,1,0,0,0,0,1,0,816417,845,5817579,791,13,65374,52,4167
193831,11,12,2019,4,20,5,3,1,5,1,0,1,0,1,0,0,0,792953,42,5835394,873,13,32542,52,58947
193832,11,11,2019,4,20,5,3,1,5,1,0,1,0,1,0,0,0,806724,8294,5825651,509,13,51908,52,49456
193833,11,9,2019,4,14,5,3,5,5,0,1,1,0,0,0,0,0,810116,9392,5821605,98,13,56513,52,45638
193834,11,10,2019,4,5,5,3,5,7,0,0,1,0,1,0,0,0,813441,4219,5831116,771,13,62284,52,53972
193835,11,4,2019,4,20,5,2,5,7,0,0,1,0,1,0,0,0,793932,868,5826057,131,13,33157,52,50524
193836,11,6,2019,4,19,5,3,5,3,1,1,1,0,0,0,0,0,794553,8098,5821399,32,13,33658,52,46315
193837,11,10,2019,4,12,5,3,5,2,0,0,1,0,0,0,0,0,807605,3616,5832376,671,13,53823,52,55434
193838,11,8,2019,4,12,5,3,6,4,0,0,1,1,0,0,0,0,802375,9257,5818955,988,13,44915,52,43697
193839,11,1,2019,4,11,5,3,6,7,0,0,0,1,0,0,1,0,797128,322,5831826,11,13,38367,52,55522
193840,11,2,2019,4,19,5,3,5,3,0,1,1,0,0,0,0,0,800118,4228,5825756,993,13,42216,52,49918
193841,11,6,2019,4,19,5,3,2,6,1,0,1,0,0,0,0,0,793091,2876,5816614,941,13,31092,52,42104
193842,11,2,2019,4,18,5,3,6,2,0,0,1,1,0,0,0,0,801889,2795,5828453,941,13,45062,52,52238
193843,11,4,2019,4,18,5,3,5,3,0,1,1,0,0,0,0,0,794185,3726,5823227,397,13,33278,52,47973
193844,11,2,2019,4,18,5,3,5,2,0,1,1,0,0,0,0,0,801865,7288,5828983,34,13,45075,52,52713
193845,11,1,2019,4,10,5,3,4,6,0,1,0,0,0,0,1,0,798332,689,5828366,856,13,39827,52,52355
193846,11,12,2019,4,8,5,3,5,2,0,1,1,0,0,0,0,0,794819,992,5836297,618,13,3537,52,59656
193847,11,1,2019,4,7,5,3,1,5,0,1,1,0,0,0,0,0,795020,9757,5828260,299,13,34951,52,5244
193848,11,5,2019,4,5,5,3,2,7,0,0,0,0,1,0,1,0,784866,796,5829227,986,13,20108,52,53848
193849,11,12,2019,4,12,5,3,5,2,0,0,1,0,0,0,0,0,795338,2143,5833841,185,13,35914,52,57425
193850,11,5,2019,4,12,5,3,2,6,0,0,1,0,0,0,0,0,786643,6379,5829241,32,13,22722,52,53766
193851,11,1,2019,4,11,5,3,0,1,0,1,0,0,0,0,0,0,797225,8584,5829070,62,13,38264,52,53047
193852,11,6,2019,4,4,5,3,1,1,2,1,1,0,0,0,0,0,792993,479,5819674,58,13,31216,52,44852
193853,11,3,2019,4,17,5,3,5,2,0,0,1,0,1,0,0,0,801170,9737,5833190,975,13,44436,52,56523
193854,11,1,2019,4,17,5,3,2,6,0,0,1,0,0,0,0,0,797004,6179,5831478,192,13,38154,52,55217
193855,11,1,2019,4,16,5,3,0,6,0,0,1,0,0,0,1,0,795290,221,5826132,728,13,35158,52,50518
193856,11,9,2019,4,16,5,3,5,2,0,1,1,0,0,0,0,0,802326,4527,5825310,554,13,45419,52,49396
193857,11,1,2019,4,15,5,3,5,3,0,1,1,0,0,0,0,0,797157,7267,5826452,482,13,3793,52,50703
193858,11,4,2019,4,15,5,3,2,2,0,0,1,0,0,0,1,0,793473,5461,5824731,684,13,32366,52,4936
193859,11,5,2019,4,15,5,3,2,6,0,0,1,0,0,0,0,0,785217,1,5831058,45,13,2078,52,5547
193860,11,4,2019,4,15,5,3,5,7,0,0,1,0,0,0,0,0,793316,111,5823617,992,13,32036,52,4837
193861,11,5,2019,4,14,5,3,5,3,0,0,1,0,0,0,0,0,782797,484,5827821,202,13,16945,52,52694
193862,11,7,2019,4,14,5,3,5,2,0,0,1,0,0,0,0,0,799131,16,5821712,84,13,40403,52,46347
193863,11,10,2019,4,17,4,3,2,3,0,1,1,0,0,0,0,0,809637,9877,5829697,958,13,56562,52,52918
193864,11,6,2019,4,17,4,3,1,1,0,1,1,0,0,0,0,0,792132,57,5821042,948,13,30072,52,46125
193865,11,1,2019,4,9,4,3,3,6,0,0,1,0,0,1,0,0,796554,672,5831927,42,13,37532,52,55644
193866,11,1,2019,4,12,4,3,6,7,0,0,1,1,0,0,0,0,798341,118,5828577,825,13,39859,52,52544
193867,11,1,2019,4,19,4,3,0,1,0,0,1,0,1,0,0,0,797647,6274,5831884,789,13,39136,52,55546
193868,11,1,2019,4,23,4,3,1,5,2,1,1,0,0,0,0,0,797729,8446,5829250,77,13,39021,52,5318
193869,11,6,2019,4,23,4,3,8,1,2,0,1,0,0,0,0,0,793294,6211,5817692,842,13,31484,52,4306
193870,11,3,2019,4,22,4,3,5,3,2,0,1,0,0,0,0,0,795969,776,5835562,637,13,36995,52,58934
193871,11,6,2019,4,22,4,3,0,1,2,1,0,0,0,0,0,0,782829,8901,5817441,992,13,16113,52,43386
193872,11,5,2019,4,22,4,2,5,3,2,0,1,0,0,0,1,0,780036,557,5829199,348,13,13002,52,54072
193873,11,12,2019,4,20,4,3,6,7,1,0,1,1,0,0,0,0,794968,8251,5836428,42,13,356,52,59764
193874,11,4,2019,4,20,4,3,3,2,2,0,0,0,1,1,0,0,790383,3,5825664,354,13,27908,52,50362
193875,11,5,2019,4,18,4,3,2,6,0,0,1,0,0,0,0,0,785433,3284,5829253,368,13,20943,52,53841
193876,11,1,2019,4,11,4,3,1,7,0,1,1,0,0,0,0,0,794973,7022,5831001,123,13,35125,52,54899
193877,11,9,2019,4,10,4,3,5,3,0,1,1,0,0,0,0,0,810257,8182,5820349,139,13,56603,52,44505
193878,11,7,2019,4,10,4,3,5,2,0,0,1,0,0,0,0,0,799261,663,5816265,428,13,40106,52,41457
193879,11,3,2019,4,10,4,3,3,6,0,1,1,0,0,0,0,0,799671,5188,5829003,721,13,41852,52,52853
193880,11,4,2019,4,17,4,3,6,7,0,1,0,0,0,0,1,0,794091,1486,5825975,756,13,33382,52,50442
193881,11,5,2019,4,9,4,3,2,6,0,0,1,0,0,0,1,0,788063,4283,5829187,952,13,24805,52,53644
193882,11,9,2019,4,9,4,3,5,3,0,1,1,0,0,0,0,0,805091,5655,5822807,704,13,4925,52,46999
193883,11,2,2019,4,9,4,3,6,4,0,1,0,1,0,0,0,0,800008,7156,5825473,508,13,4203,52,4967
193884,11,2,2019,4,9,4,3,3,6,0,1,0,0,1,0,0,0,802448,545,5827415,9,13,45788,52,51275
193885,11,5,2019,4,8,4,3,2,6,0,0,1,0,0,0,0,0,783705,3133,5828528,589,13,1834,52,53281
193886,11,3,2019,4,8,4,3,5,3,0,0,1,0,0,0,1,0,802185,5057,5832421,73,13,45858,52,55777
193887,11,5,2019,4,16,4,3,6,7,0,0,1,1,0,0,0,0,785662,7132,5831751,841,13,21495,52,56069
193888,11,3,2019,4,7,4,3,0,3,0,0,1,0,1,0,0,0,797872,5035,5836024,766,13,39838,52,59245
193889,11,1,2019,4,12,4,3,5,3,0,1,1,0,0,0,0,0,796218,369,5831514,633,13,37001,52,55292
193890,11,11,2019,4,9,4,2,5,3,0,0,1,0,1,0,0,0,804838,8951,5827755,761,13,49332,52,51448
193891,11,3,2019,4,13,4,3,8,1,0,0,1,0,0,0,0,0,797092,3363,5835720,109,13,38663,52,59014
193892,11,1,2019,4,13,4,3,6,4,0,1,0,1,0,0,0,0,794861,4129,5830994,969,13,34959,52,549
193893,11,11,2019,4,14,4,3,2,2,0,1,1,0,0,0,0,0,806143,781,5834855,405,13,51903,52,57737
193894,11,10,2019,4,14,4,3,5,3,0,0,1,0,0,1,0,0,811683,7195,5824681,56,13,59098,52,48306
193895,11,9,2019,4,15,4,3,4,6,0,0,1,0,0,1,0,0,818727,9335,5818694,854,13,68866,52,42535
193896,11,7,2019,4,15,4,3,2,6,0,0,1,0,0,0,0,0,797461,589,5823763,466,13,38136,52,48276
193897,11,4,2019,4,15,4,3,5,3,0,0,1,0,1,0,0,0,792314,7918,5824573,167,13,3065,52,4928
193898,11,1,2019,4,15,4,3,5,2,0,1,1,0,0,0,0,0,797990,1738,5828910,737,13,39373,52,52861
193899,11,5,2019,4,15,4,3,1,5,0,0,1,0,1,0,0,0,787554,3244,5829435,91,13,24078,52,53893
193900,11,5,2019,4,16,4,2,2,1,0,0,1,0,1,0,0,0,781783,8897,5830638,81,13,15694,52,55273
193901,11,2,2019,4,16,4,3,0,5,0,1,1,0,0,0,0,0,803234,7822,5826322,504,13,46845,52,50252
193902,11,3,2019,4,16,4,3,6,4,0,1,0,1,0,0,0,0,798997,1663,5830065,102,13,40957,52,53841
193903,11,9,2019,4,16,4,3,2,6,0,0,0,0,1,0,1,0,811136,233,5821575,68,13,58005,52,45554
193904,11,8,2019,4,16,4,2,2,1,0,0,1,0,0,0,0,0,801291,629,5820456,174,13,4346,52,45102
193905,11,3,2019,4,16,4,3,0,1,0,1,0,0,0,0,0,0,801237,5179,5831577,507,13,44387,52,55073
193906,11,5,2019,4,11,4,2,0,7,0,0,1,0,0,0,0,0,784130,9891,5827301,91,13,18861,52,52158
193907,11,2,2019,4,16,3,3,0,5,0,0,1,0,1,0,0,0,798605,5167,5825607,377,13,39981,52,49867
193908,11,2,2019,4,15,3,3,5,2,0,1,1,0,0,0,0,0,801870,3225,5829009,39,13,45084,52,52736
193909,11,2,2019,4,18,3,3,5,3,0,0,1,0,0,0,0,0,803057,611,5827448,395,13,46686,52,51271
193910,11,9,2019,4,11,3,3,5,3,0,1,0,0,0,0,1,0,811055,3733,5820310,73,13,57769,52,44425
193911,11,2,2019,4,9,3,3,5,2,0,1,1,0,0,0,0,0,797814,7878,5824933,508,13,38759,52,49306
193912,11,2,2019,4,10,3,3,2,6,0,1,1,0,0,0,0,0,799990,1,5824728,659,13,41935,52,49003
193913,11,1,2019,4,9,3,3,5,2,0,1,1,0,0,0,0,0,797550,5191,5828717,526,13,38709,52,52712
193914,11,1,2019,4,8,3,3,6,6,0,1,0,1,0,0,0,0,797719,9416,5831257,736,13,39186,52,5498
193915,11,1,2019,4,17,3,3,0,7,0,0,0,0,1,0,0,0,797529,4644,5827886,581,13,38604,52,51969
193916,11,12,2019,4,20,3,3,2,6,2,0,1,0,0,0,0,0,792917,8099,5832171,397,13,32205,52,56059
193917,11,11,2019,4,19,3,3,5,2,1,1,1,0,0,0,0,0,806684,9851,5826907,683,13,51966,52,50584
193918,11,2,2019,4,10,3,3,6,4,0,1,0,1,0,0,0,0,800276,8459,5824801,21,13,42363,52,49052
193919,11,12,2019,4,18,3,3,3,6,0,0,1,0,0,0,0,0,793537,9091,5834125,324,13,3329,52,57778
193920,11,5,2019,4,7,3,3,2,6,0,0,1,0,0,0,0,0,785431,5019,5829253,576,13,20941,52,53841
193921,11,10,2019,4,18,3,3,4,5,0,0,1,0,1,0,0,0,812038,1429,5830889,431,13,60201,52,53849
193922,11,8,2019,4,18,3,3,5,3,0,1,1,0,0,0,0,0,800399,4711,5823335,403,13,42411,52,47732
193923,11,2,2019,4,6,3,3,5,3,0,0,0,0,1,0,1,0,801723,7065,5828129,18,13,44789,52,51956
193924,11,7,2019,4,18,3,3,2,6,0,0,1,0,0,0,0,0,793952,5,5822236,749,13,32848,52,47098
193925,11,7,2019,4,9,3,3,5,2,0,1,1,0,0,0,0,0,794782,3337,5825696,723,13,34373,52,50155
193926,11,2,2019,4,8,3,3,2,6,0,0,1,0,0,0,0,0,797770,399,5826028,43,13,38791,52,5029
193927,11,3,2019,4,3,3,2,5,2,2,0,1,0,1,0,0,0,802184,535,5829413,744,13,45582,52,53081
193928,11,12,2019,4,9,3,3,0,2,0,0,1,0,0,0,1,0,794902,641,5836310,745,13,35492,52,59663
193929,11,2,2019,4,22,3,3,0,6,2,0,1,0,1,0,0,0,800134,131,5825397,945,13,42207,52,49595
193930,11,8,2019,4,21,3,3,5,2,2,1,1,0,0,0,0,0,800622,7614,5823114,628,13,42719,52,47522
193931,11,7,2019,4,17,3,3,1,5,0,1,1,0,0,0,0,0,793481,9515,5822137,45,13,32149,52,47034
193932,11,9,2019,4,16,3,3,3,6,0,0,1,0,1,0,0,0,806340,6309,5820990,562,13,50916,52,453
193933,11,4,2019,4,16,3,3,1,5,0,1,1,0,0,0,0,0,794250,5038,5825274,788,13,33555,52,49805
193934,11,7,2019,4,15,3,2,4,6,0,0,1,0,0,0,0,0,799373,3481,5819048,75,13,4052,52,43946
193935,11,6,2019,4,14,3,3,3,6,0,0,1,0,0,1,0,0,796241,9056,5819640,87,13,35979,52,44647
193936,11,9,2019,4,11,3,3,6,2,0,0,1,1,0,0,0,0,809789,4637,5820505,79,13,5593,52,44671
193937,11,5,2019,4,11,3,3,2,6,0,0,1,0,0,0,0,0,783347,7053,5827675,91,13,17742,52,52534
193938,11,2,2019,4,23,3,3,0,1,2,0,0,0,1,0,0,0,801498,2912,5825260,242,13,44198,52,49397
193939,11,8,2019,4,14,2,3,1,5,0,1,0,0,0,0,1,0,800450,1554,5824498,861,13,4259,52,48772
193940,11,1,2019,4,13,4,2,6,4,0,0,1,1,0,0,0,0,796333,491,5828573,513,13,36908,52,52649
193941,11,4,2019,4,8,4,3,2,6,0,0,1,0,0,0,0,0,793312,8539,5827204,277,13,32347,52,51585