OBJECTID,LAND,BEZ,UJAHR,UMONAT,USTUNDE,UWOCHENTAG,UKATEGORIE,UART,UTYP1,ULICHTVERH,IstRad,IstPKW,IstFuss,IstKrad,IstGkfz,IstSonstige,USTRZUSTAND,LINREFX,LINREFY,XGCSWGS84,YGCSWGS84,,,,
193942,11,11,2019,4,15,2,3,6,7,0,0,0,1,0,0,1,0,803849,6385,5828805,57,13,47974,52,52444
193943,11,1,2019,4,6,2,3,5,3,0,1,1,0,0,0,0,0,799778,4163,5826560,25,13,41789,52,50657
193944,11,10,2019,4,5,2,3,5,3,1,1,1,0,0,0,0,0,809589,9459,5825056,92,13,5606,52,48761
193945,11,2,2019,4,17,2,3,1,5,0,1,0,0,0,0,1,0,798045,2317,5824557,288,13,39064,52,48956
193946,11,4,2019,4,18,2,3,5,2,0,0,1,0,1,0,0,0,794229,6395,5825408,59,13,33536,52,49926
193947,11,2,2019,4,19,2,3,2,6,0,1,1,0,0,0,0,0,798328,9671,5825315,109,13,39548,52,4962
193948,11,9,2019,4,19,2,3,6,2,0,0,1,1,0,0,0,0,805024,4499,5822715,671,13,49143,52,4692
193949,11,3,2019,4,18,2,3,5,3,0,1,1,0,0,0,0,0,797412,9109,5833971,188,13,38978,52,57429
193950,11,8,2019,4,18,2,2,6,4,0,0,1,1,0,0,0,0,802478,7077,5817003,17,13,4489,52,41941
193951,11,8,2019,4,16,2,3,5,2,0,1,1,0,0,0,0,0,802537,8709,5820721,881,13,45313,52,45271
193952,11,8,2019,4,16,2,3,0,5,0,0,1,0,1,0,0,0,800961,2436,5822392,771,13,4315,52,46856
193953,11,2,2019,4,9,4,3,3,6,0,1,0,0,0,1,0,0,801445,8618,5826052,327,13,44193,52,50109
193954,11,8,2019,4,14,2,3,5,3,0,1,1,0,0,0,0,0,801463,7502,5817983,26,13,4349,52,42876
193955,11,7,2019,4,16,2,3,5,3,0,0,1,0,0,0,0,0,793641,81,5822508,667,13,32416,52,47358
193956,11,5,2019,4,15,2,3,2,6,0,0,1,0,0,0,0,0,786182,6423,5831235,323,13,22216,52,55578
193957,11,1,2019,4,15,2,3,5,2,0,0,1,0,1,0,0,0,798870,7025,5827372,333,13,40529,52,51434
193958,11,10,2019,4,15,2,2,6,4,0,0,0,1,0,0,1,0,807951,3881,5829207,716,13,54038,52,52574
193959,11,5,2019,4,14,2,3,2,6,0,0,1,0,0,0,0,0,785382,6842,5828156,14,13,20775,52,52859
193960,11,9,2019,4,13,2,3,5,3,0,0,1,0,0,0,0,0,816503,6624,5816939,756,13,65439,52,41092
193961,11,7,2019,4,12,2,3,3,6,0,0,1,0,0,0,0,0,799398,6105,5819046,797,13,40557,52,43943
193962,11,9,2019,4,8,2,3,5,2,0,1,1,0,0,0,0,0,811390,6154,5820161,35,13,58247,52,44272
193963,11,2,2019,4,9,2,3,5,3,0,1,1,0,0,0,0,0,797912,9552,5826214,131,13,39018,52,50449
193964,11,8,2019,4,9,2,3,2,6,0,0,1,0,0,0,0,0,806374,5614,5817145,481,13,50614,52,41852
193965,11,9,2019,4,11,2,3,5,3,0,1,1,0,0,0,0,0,810804,5122,5820796,285,13,57446,52,44874
193966,11,8,2019,4,10,2,3,5,3,0,1,1,0,0,0,0,0,803004,6459,5819357,755,13,45874,52,44023
193967,11,7,2019,4,10,2,3,5,2,0,1,1,0,0,0,0,0,797194,799,5823674,27,13,37736,52,48211
193968,11,2,2019,4,11,2,3,1,5,0,0,1,0,1,0,0,0,798266,8975,5824589,197,13,39392,52,48973
193969,11,2,2019,4,11,2,3,0,3,0,0,1,0,0,0,1,0,801034,495,5825237,639,13,43514,52,49402
193970,11,9,2019,4,12,2,3,2,6,0,0,1,0,0,0,0,0,807697,2892,5817812,568,13,52614,52,42376
193971,11,1,2019,4,12,2,3,0,1,0,1,0,0,0,0,0,0,798305,5458,5829373,33,13,39878,52,53259
193972,11,7,2019,4,12,1,3,2,7,0,0,1,0,0,0,0,1,796000,5592,5825140,378,13,36113,52,4959
193973,11,6,2019,4,11,1,3,5,3,0,0,1,0,0,0,0,1,790387,4248,5817150,766,13,27173,52,42729
193974,11,4,2019,4,11,1,3,5,3,0,0,1,0,0,0,0,1,790279,1244,5823331,291,13,27552,52,48276
193975,11,3,2019,4,11,1,3,5,3,0,0,1,0,0,0,0,1,802868,9469,5838271,633,13,47397,52,60983
193976,11,9,2019,4,9,1,3,5,3,0,0,1,0,0,0,0,1,802320,702,5825532,617,13,45429,52,49595
193977,11,10,2019,4,5,1,3,1,5,1,0,1,0,0,0,1,1,811299,889,5831631,523,13,59185,52,54556
193978,11,9,2019,4,16,1,2,5,2,0,0,1,0,0,0,0,0,812392,2855,5819585,744,13,59662,52,43699
193979,11,4,2019,4,16,1,2,5,2,0,0,1,0,1,0,0,0,791987,7406,5825969,797,13,30292,52,5055
193980,11,5,2019,4,20,1,3,1,5,2,1,1,0,0,0,0,0,784579,2585,5831845,193,13,1991,52,56209
193981,11,6,2019,4,22,1,3,5,3,2,0,1,0,1,0,0,0,787477,9025,5817705,235,13,22953,52,4338
193982,11,6,2019,4,10,7,3,3,6,0,0,1,0,0,0,0,0,792949,596,5817756,808,13,30984,52,43135
193983,11,8,2019,4,15,7,3,3,6,0,0,1,0,0,0,0,0,800587,1654,5824429,8,13,42785,52,48702
193984,11,4,2019,4,18,7,3,1,5,0,1,1,0,0,0,0,0,794351,4311,5825641,876,13,33735,52,50129
193985,11,1,2019,4,22,7,2,5,2,2,1,1,0,0,0,0,0,794803,999,5828308,464,13,34636,52,52495
193986,11,1,2019,4,19,7,3,5,2,0,1,1,0,0,0,0,0,798964,405,5828777,155,13,40793,52,52688
193987,11,3,2019,4,18,7,3,5,3,0,0,1,0,0,0,0,0,800122,6702,5830636,664,13,42663,52,54291
193988,11,8,2019,4,18,7,3,5,3,0,0,1,0,0,0,0,0,801123,8548,5821899,348,13,43344,52,46405
193989,11,7,2019,4,16,7,3,6,4,0,0,1,1,0,0,0,0,794706,3405,5822788,53,13,34004,52,47552
193990,11,6,2019,4,14,7,3,1,5,0,1,1,0,0,0,0,0,794637,8698,5820070,402,13,33664,52,45119
193991,11,11,2019,4,13,7,3,2,6,0,0,1,0,0,0,0,0,806137,7213,5830159,968,13,51461,52,5353
193992,11,4,2019,4,12,7,2,6,4,0,0,1,1,0,0,0,0,794405,6665,5825735,866,13,33823,52,5021
193993,11,10,2019,4,12,7,3,2,4,0,0,1,1,0,0,0,0,812185,7041,5830937,899,13,60422,52,53884
193994,11,3,2019,4,11,7,3,5,3,0,1,1,0,0,0,0,0,804213,1719,5841142,405,13,49641,52,6348
193995,11,1,2019,4,10,7,2,6,4,0,0,1,1,0,0,0,0,796414,5701,5828590,914,13,37028,52,52661
193996,11,1,2019,4,0,7,3,4,6,2,0,1,0,0,0,0,0,795952,4124,5828785,827,13,36367,52,52861
193997,11,7,2019,4,10,6,3,6,4,0,0,1,1,0,0,0,0,793773,5122,5822833,89,13,32639,52,47642
193998,11,7,2019,4,14,6,3,5,5,0,0,1,0,0,0,0,0,797410,3941,5820424,514,13,37763,52,45286
193999,11,4,2019,4,14,6,3,5,2,0,0,1,0,1,0,0,0,791248,6015,5829731,165,13,29535,52,53961
194000,11,5,2019,4,11,4,3,0,2,0,0,1,0,0,0,1,0,784837,7182,5829252,791,13,20067,52,53871
194001,11,12,2019,4,14,6,2,5,3,0,0,1,0,1,0,0,0,791658,3056,5834488,165,13,30556,52,58204
194002,11,12,2019,4,13,6,3,1,5,0,0,1,0,0,0,1,0,793550,331,5832378,687,13,33153,52,56211
194003,11,8,2019,4,11,6,3,5,3,0,1,1,0,0,0,0,0,801413,8011,5819158,711,13,43523,52,43932
194004,11,1,2019,4,11,6,3,5,3,0,1,1,0,0,0,0,0,797140,9446,5831804,109,13,38383,52,55501
194005,11,11,2019,4,10,6,3,5,2,0,1,1,0,0,0,0,0,803791,7288,5827706,607,13,47789,52,51462
194006,11,4,2019,4,9,6,3,3,6,0,0,1,0,0,0,1,0,790227,9336,5826074,817,13,27715,52,50738
194007,11,3,2019,4,8,6,3,1,5,0,1,1,0,0,0,0,0,799699,5862,5832536,57,13,42212,52,56018
194008,11,1,2019,4,8,6,3,3,6,0,1,0,0,0,1,0,0,797565,6405,5827415,109,13,38615,52,51544
194009,11,1,2019,4,12,6,3,2,1,0,0,1,0,1,0,0,0,795926,6537,5825636,435,13,36049,52,50039
194010,11,8,2019,4,7,6,3,5,3,0,1,1,0,0,0,0,0,805654,693,5816444,725,13,49494,52,41265
194011,11,2,2019,4,13,6,3,2,6,0,0,1,0,0,0,1,0,797934,4475,5824873,718,13,3893,52,49246
194012,11,12,2019,4,10,6,3,5,2,0,0,1,0,0,0,1,0,793499,2482,5836110,987,13,33409,52,5956
194013,11,1,2019,4,8,6,3,5,3,0,1,1,0,0,0,0,0,797761,9341,5827442,915,13,38906,52,51558
194014,11,9,2019,4,8,6,2,6,4,0,0,1,1,0,0,0,0,811344,3951,5820154,942,13,58178,52,44269
194015,11,9,2019,4,23,6,3,1,5,2,0,1,0,0,0,0,0,808835,4073,5817207,828,13,54226,52,4177
194016,11,8,2019,4,21,6,3,5,3,2,0,1,0,0,0,0,0,802382,508,5817886,25,13,44828,52,42738
194017,11,2,2019,4,19,6,3,5,7,1,0,1,0,0,0,0,0,799982,2198,5824731,738,13,41924,52,49006
194018,11,5,2019,4,17,6,2,6,4,0,0,1,1,0,0,0,0,784746,502,5828819,331,13,19896,52,53487
194019,11,1,2019,4,17,6,3,0,1,0,0,1,0,0,0,0,0,795295,4461,5826425,618,13,35191,52,5078
194020,11,6,2019,4,17,6,3,5,3,0,1,1,0,0,0,0,0,788569,306,5816884,689,13,24483,52,42586
194021,11,3,2019,4,6,6,3,5,3,0,0,1,0,0,0,0,0,802327,4945,5832978,503,13,46117,52,56269
194022,11,5,2019,4,3,6,2,8,1,2,0,1,0,0,0,1,0,781590,5578,5819719,268,13,14486,52,45492
194023,11,9,2019,4,9,5,3,5,3,0,1,1,0,0,0,0,0,804134,236,5822928,372,13,47856,52,4716
194024,11,4,2019,4,9,5,3,6,2,0,0,1,1,0,0,0,0,792199,4594,5825009,536,13,30519,52,49678
194025,11,1,2019,4,19,5,2,6,4,1,0,1,1,0,0,0,0,795461,4993,5830149,391,13,35766,52,54109
194026,11,4,2019,4,14,5,3,2,6,0,0,1,0,0,1,0,0,790260,104,5827966,443,13,27928,52,52432
194027,11,2,2019,4,19,5,3,5,2,0,1,1,0,0,0,0,0,801162,3723,5825951,462,13,43767,52,50035
194028,11,6,2019,4,14,5,3,5,2,0,1,0,0,1,0,0,0,789841,2436,5818778,755,13,26513,52,44217
194029,11,6,2019,4,14,5,3,5,3,0,1,1,0,0,0,0,0,794698,7338,5816312,673,13,33422,52,41747
194030,11,1,2019,4,17,5,3,0,1,1,1,0,0,0,0,0,0,793768,7328,5828135,743,13,33099,52,52396
194031,11,1,2019,4,13,5,3,5,3,0,1,1,0,0,0,0,0,799299,46,5827228,221,13,41146,52,51282
194032,11,6,2019,4,17,5,3,5,3,0,0,1,0,1,0,1,0,794804,1812,5819837,286,13,33887,52,44901
194033,11,12,2019,4,12,5,3,5,2,0,0,1,0,0,0,1,0,792353,143,5834071,128,13,31542,52,57793
194034,11,9,2019,4,12,5,3,5,2,0,1,1,0,0,0,0,0,811683,2967,5819982,22,13,58659,52,44095
194035,11,10,2019,4,11,5,3,2,6,0,0,1,0,0,0,0,0,806363,428,5830200,92,13,51796,52,53553
194036,11,1,2019,4,10,5,3,5,2,0,1,1,0,0,0,0,0,797157,6449,5831919,5,13,38418,52,55604
194037,11,7,2019,4,17,5,3,0,2,0,0,1,0,0,0,1,0,797267,3646,5821069,606,13,37611,52,45872
194038,11,1,2019,4,10,5,3,6,4,0,0,1,1,0,0,0,0,797248,7368,5829765,919,13,3836,52,53669
194039,11,12,2019,4,9,5,3,6,4,0,0,1,1,0,0,0,0,790524,577,5834504,168,13,28888,52,58279
194040,11,1,2019,4,9,5,3,3,6,0,1,1,0,0,0,0,0,798526,5133,5828981,867,13,40167,52,52896
194041,11,6,2019,4,8,5,3,5,2,0,1,1,0,0,0,0,0,795748,442,5817560,295,13,35071,52,42809
194042,11,3,2019,4,8,5,3,2,6,0,0,1,0,0,0,1,0,800451,3811,5830768,969,13,43158,52,54392
194043,11,1,2019,4,7,5,3,5,3,0,1,1,0,0,0,0,0,795562,7539,5828294,414,13,3575,52,52441
194044,11,4,2019,4,7,5,3,5,3,0,0,0,0,1,1,0,0,791266,479,5823337,794,13,29002,52,48229
194045,11,1,2019,4,7,5,2,0,1,0,0,0,0,1,0,0,1,798498,4585,5829055,309,13,40133,52,52963
194046,11,7,2019,4,20,4,3,5,2,2,1,1,0,0,0,0,0,797851,2935,5821927,694,13,38544,52,4661
194047,11,1,2019,4,9,4,2,1,5,0,1,1,0,0,0,0,0,796999,2932,5826862,98,13,37734,52,5108
194048,11,7,2019,4,9,5,3,0,1,0,0,0,0,1,0,0,0,799743,7803,5819019,583,13,41061,52,43899
194049,11,1,2019,4,16,5,2,6,4,0,0,1,1,0,0,0,0,799578,9795,5828250,676,13,41648,52,52183
194050,11,7,2019,4,16,5,3,2,6,0,0,1,0,0,0,0,0,799172,8788,5814186,641,13,39791,52,39598
194051,11,11,2019,4,15,5,3,5,2,0,0,1,0,0,0,1,0,802920,9847,5831082,347,13,46817,52,54536
194052,11,2,2019,4,18,5,3,5,3,0,0,1,0,0,0,1,0,797101,209,5824489,488,13,37671,52,48947
194053,11,9,2019,4,16,4,3,5,2,0,1,1,0,0,0,0,0,806236,7725,5823200,356,13,50967,52,47287
194054,11,12,2019,4,16,4,3,5,2,0,1,1,0,0,0,0,0,787278,1054,5837913,642,13,24406,52,61508
194055,11,9,2019,4,17,4,3,5,3,0,1,1,0,0,0,0,0,813752,2951,5821739,998,13,61858,52,45552
194056,11,7,2019,4,18,4,3,5,2,1,1,1,0,0,0,0,0,800941,8632,5813922,307,13,4236,52,39265
194057,11,9,2019,4,13,4,3,1,5,0,0,1,0,0,0,0,0,806030,93,5819128,674,13,5029,52,43649
194058,11,11,2019,4,13,4,3,6,4,0,0,1,1,0,0,0,0,803691,1843,5827487,5,13,47621,52,51271
194059,11,4,2019,4,12,4,3,5,2,0,1,0,0,0,0,1,0,792084,1045,5828582,497,13,30663,52,52887
194060,11,2,2019,4,12,4,3,2,6,0,0,1,0,0,0,0,0,801565,4359,5828843,638,13,44621,52,52605
194061,11,6,2019,4,11,4,3,6,4,0,0,0,1,0,0,1,0,795078,4624,5819648,181,13,34273,52,44717
194062,11,3,2019,4,20,4,3,0,6,2,1,1,0,0,0,0,0,799026,6608,5830118,612,13,41005,52,53887
194063,11,8,2019,4,9,4,3,2,7,0,0,0,0,1,0,1,0,801173,3817,5822201,529,13,43444,52,46673
194064,11,9,2019,4,9,3,3,6,7,0,0,1,1,0,0,0,0,810986,3215,5822007,526,13,57826,52,45949
194065,11,3,2019,4,9,3,3,6,2,0,0,1,1,0,0,0,0,800883,5057,5831067,436,13,4382,52,54636
194066,11,4,2019,4,14,3,3,0,3,0,1,0,0,1,0,0,0,793246,758,5826749,937,13,32209,52,51182
194067,11,1,2019,4,9,3,3,2,6,0,0,1,0,0,0,1,0,793882,6011,5830089,62,13,3344,52,54141
194068,11,5,2019,4,6,3,2,5,2,0,1,0,0,0,0,1,0,786580,51,5829222,898,13,22627,52,53753
194069,11,4,2019,4,14,2,3,6,4,0,1,0,1,0,0,0,0,793734,5452,5823218,344,13,32615,52,47989
194070,11,1,2019,4,8,3,2,5,3,0,1,1,0,0,0,0,0,796741,1578,5826914,659,13,37359,52,5114
194071,11,6,2019,4,8,3,3,5,3,0,1,1,0,0,0,0,0,792355,8168,5820952,826,13,30393,52,46032
194072,11,4,2019,4,8,3,3,0,2,0,1,1,0,0,0,0,0,792851,7623,5824009,402,13,31389,52,48746
194073,11,6,2019,4,8,3,3,5,3,0,1,1,0,0,0,0,0,791782,1307,5819084,61,13,29387,52,44388
194074,11,1,2019,4,8,3,3,5,3,0,1,1,0,0,0,0,0,797046,915,5828181,34,13,37921,52,52259
194075,11,3,2019,4,7,3,3,2,6,0,0,1,0,0,1,0,0,799846,7788,5837916,233,13,42915,52,60832
194076,11,11,2019,4,7,3,3,5,7,0,1,1,0,0,0,0,0,805206,6327,5828573,617,13,49947,52,5216
194077,11,7,2019,4,16,3,2,5,2,0,1,1,0,0,0,0,0,797027,1304,5820706,17,13,37226,52,45559
194078,11,9,2019,4,16,3,2,5,3,0,1,1,0,0,0,0,0,806127,6899,5822108,873,13,50706,52,46315
194079,11,1,2019,4,17,3,3,5,3,0,1,1,0,0,0,0,0,797341,6807,5831211,579,13,38626,52,54959
194080,11,10,2019,4,17,3,3,2,2,0,1,1,0,0,0,0,0,809552,767,5828021,983,13,5628,52,51421
194081,11,7,2019,4,17,3,3,2,6,0,0,1,0,0,0,0,0,796369,2682,5815914,954,13,35836,52,413
194082,11,2,2019,4,18,3,2,5,2,0,1,0,0,0,0,1,0,801247,5829,5827816,857,13,44061,52,51702
194083,11,2,2019,4,18,3,3,5,2,0,1,0,0,0,0,1,0,801127,6921,5828576,18,13,43954,52,52389
194084,11,6,2019,4,18,3,3,5,2,0,0,1,0,1,0,0,0,796058,6487,5818209,417,13,35584,52,43374
194085,11,1,2019,4,19,3,3,6,4,0,0,1,1,0,0,0,0,794426,8579,5828359,763,13,34087,52,52561
194086,11,5,2019,4,7,3,3,2,6,0,0,1,0,0,0,0,0,785304,3314,5830024,56,13,2082,52,54539
194087,11,12,2019,4,7,3,3,5,3,0,1,1,0,0,0,0,0,792653,947,5835839,398,13,3214,52,59362
194088,11,4,2019,4,19,3,2,5,3,1,1,1,0,0,0,0,0,790854,8921,5823647,131,13,28425,52,48528
194089,11,7,2019,4,19,3,3,5,3,1,0,1,0,1,0,0,0,797387,6484,5822615,66,13,37925,52,47252
194090,11,2,2019,4,19,3,3,5,2,0,1,1,0,0,0,0,0,797941,2205,5825259,338,13,38974,52,49591
194091,11,2,2019,4,12,3,3,0,1,0,0,0,0,1,0,0,0,798695,322,5824676,757,13,40029,52,49028
194092,11,5,2019,4,15,3,3,2,6,0,0,1,0,0,0,0,0,784628,5093,5828388,14,13,19686,52,53107
194093,11,1,2019,4,17,3,3,2,6,0,1,0,0,0,0,0,0,798266,1178,5828848,826,13,39773,52,52791
194094,11,6,2019,4,15,2,3,3,2,0,0,1,0,0,0,0,0,795894,1504,5819892,84,13,35491,52,44891
194095,11,6,2019,4,6,2,3,0,2,0,1,1,0,0,0,0,1,789072,4493,5815763,303,13,25125,52,41554
194096,11,3,2019,4,21,2,3,5,3,2,1,0,0,0,0,1,0,801385,702,5830290,724,13,44487,52,53912
194097,11,10,2019,4,20,2,2,6,4,2,0,1,1,0,0,0,0,810312,786,5831793,858,13,57749,52,54758
194098,11,4,2019,4,8,2,3,2,6,0,0,1,0,0,0,0,1,791241,468,5827470,591,13,29327,52,51935
194099,11,2,2019,4,18,2,2,6,4,0,0,1,1,0,0,0,0,798611,6392,5825579,671,13,39987,52,49842
194100,11,9,2019,4,18,2,2,5,3,0,1,1,0,0,0,0,0,816911,788,5812168,967,13,65586,52,36793
194101,11,3,2019,4,17,2,3,5,7,0,1,1,0,0,0,0,0,795543,809,5835068,62,13,36325,52,58515
194102,11,11,2019,4,17,2,3,5,2,0,1,1,0,0,0,0,0,803865,438,5826828,232,13,47817,52,50671
194103,11,9,2019,4,16,2,3,0,4,0,0,0,1,0,0,1,0,804955,2088,5820711,685,13,48858,52,45128
194104,11,3,2019,4,16,2,3,1,5,0,1,1,0,0,0,0,0,802399,2005,5831140,467,13,46055,52,54617
194105,11,5,2019,4,16,2,3,3,6,0,0,1,0,0,1,0,0,784934,731,5829388,15,13,20221,52,53988
194106,11,1,2019,4,6,2,3,2,6,1,0,1,0,0,0,0,1,795192,8587,5825865,55,13,34991,52,50283
194107,11,8,2019,4,7,2,3,5,3,0,0,1,0,0,0,0,1,803803,4324,5821739,508,13,47262,52,46113
194108,11,7,2019,4,7,2,3,0,7,0,0,1,0,1,0,0,1,793433,9737,5822274,186,13,32091,52,47159
194109,11,3,2019,4,8,2,3,6,4,0,0,1,1,0,0,0,1,801170,2197,5832336,586,13,44357,52,55757
194110,11,4,2019,4,8,2,3,5,2,0,1,1,0,0,0,0,1,793328,3693,5829772,175,13,32597,52,53887
194111,11,8,2019,4,9,2,3,4,6,0,0,1,0,0,0,0,1,801457,418,5823887,892,13,44014,52,48169
194112,11,4,2019,4,9,2,3,2,6,0,0,1,0,0,0,0,1,790563,4161,5825415,56,13,28151,52,50129
194113,11,2,2019,4,9,2,3,6,4,0,0,1,1,0,0,0,1,801491,1364,5828800,463,13,44508,52,5257
194114,11,6,2019,4,10,2,3,2,6,0,0,1,0,0,0,1,1,792192,885,5816617,198,13,29773,52,42154
194115,11,12,2019,4,10,2,3,2,1,0,0,1,0,0,0,0,1,794990,3825,5833130,763,13,35339,52,56808
194116,11,12,2019,4,10,2,2,5,2,0,0,1,0,0,0,0,1,792353,6654,5834071,66,13,31542,52,57793
194117,11,5,2019,4,10,2,3,6,2,0,0,1,1,0,0,0,1,782390,1614,5827029,101,13,16279,52,52005
194118,11,1,2019,4,11,2,3,2,7,0,1,1,0,0,0,0,0,796855,637,5828221,86,13,37643,52,52305
194119,11,2,2019,4,13,2,3,5,3,0,1,1,0,0,0,0,1,798823,744,5825589,569,13,403,52,49839
194120,11,10,2019,4,13,2,3,0,4,0,0,1,1,0,0,0,0,812225,3459,5830925,58,13,60479,52,5387
194121,11,5,2019,4,15,2,2,5,3,0,1,1,0,0,0,0,0,782698,5198,5827487,572,13,16772,52,524
194122,11,10,2019,4,15,2,2,6,7,0,0,1,1,0,0,0,0,810181,9572,5833898,88,13,57754,52,56651
194123,11,4,2019,4,15,2,3,2,2,0,1,0,0,0,0,1,0,788291,7877,5826880,581,13,2494,52,51563
194124,11,9,2019,4,16,2,3,5,7,0,0,1,0,0,0,0,0,820737,7143,5819169,114,13,71857,52,42843
194125,11,4,2019,4,16,2,3,1,5,0,1,1,0,0,0,0,0,793541,8764,5826333,133,13,32607,52,50792
194126,11,1,2019,4,8,2,3,1,5,0,1,0,0,0,1,0,1,796859,8799,5831342,505,13,37929,52,55103
194127,11,6,2019,4,7,2,3,0,3,0,0,1,0,1,0,0,1,790050,9157,5819428,511,13,26877,52,44789
194128,11,12,2019,4,6,2,3,2,2,1,0,1,0,1,0,0,1,795781,2846,5832577,624,13,36453,52,56269
194129,11,4,2019,4,9,2,2,8,1,0,1,0,0,0,0,0,1,791441,9611,5826032,31,13,29495,52,50635
194130,11,2,2019,4,8,2,3,0,1,0,0,0,0,1,0,0,1,801281,5199,5828753,661,13,44196,52,5254
194131,11,4,2019,4,6,2,3,0,1,0,0,0,0,1,0,0,1,794229,978,5825418,116,13,33537,52,49935
194132,11,1,2019,4,17,1,3,0,1,0,1,0,0,0,0,0,0,798351,1314,5829393,416,13,39947,52,53274
194133,11,1,2019,4,21,1,3,0,7,2,0,0,0,0,1,1,0,795588,2816,5830805,847,13,36011,52,54691
194134,11,1,2019,4,23,1,3,5,2,2,1,1,0,0,0,0,0,794568,984,5828331,74,13,34293,52,52528
194135,11,11,2019,4,18,1,3,1,5,0,1,1,0,0,0,0,0,805558,2177,5825985,845,13,50226,52,49821
194136,11,11,2019,4,17,1,3,4,6,0,0,1,0,0,0,0,0,806874,6864,5832658,617,13,52775,52,55728
194137,11,2,2019,4,16,1,3,5,3,0,0,1,0,0,0,0,0,799552,814,5824898,452,13,41308,52,49179
194138,11,8,2019,4,14,1,3,0,6,0,0,1,0,1,0,0,0,802965,5705,5822502,309,13,46102,52,46843
194139,11,11,2019,4,13,1,3,5,2,0,1,0,0,0,0,1,0,805154,7897,5831640,191,13,50152,52,54911
194140,11,2,2019,4,8,1,3,1,5,0,1,1,0,0,0,0,1,800002,594,5825388,233,13,42013,52,49594
194141,11,2,2019,4,11,1,3,5,2,0,0,1,0,0,0,0,0,799220,3084,5825991,83,13,40918,52,50177
194142,11,11,2019,4,13,1,3,0,1,0,0,0,0,1,0,0,0,803910,7516,5828363,453,13,48024,52,52044
194143,11,2,2019,4,17,7,3,5,7,0,1,1,0,0,0,0,0,801108,7954,5825448,782,13,43643,52,49587
194144,11,8,2019,4,0,7,3,6,2,2,0,1,1,0,0,0,1,801308,781,5823824,726,13,43789,52,4812
194145,11,7,2019,4,21,7,3,2,6,2,0,1,0,0,0,0,0,798176,185,5818951,46,13,38755,52,43924
194146,11,6,2019,4,15,7,3,0,7,0,1,0,0,0,0,0,0,789105,675,5815565,294,13,25155,52,41375
194147,11,1,2019,4,0,7,3,5,3,2,1,1,0,0,0,0,1,799063,7938,5828982,661,13,40957,52,52867
194148,11,4,2019,4,16,7,3,3,6,0,1,1,0,0,0,0,0,792920,836,5825526,827,13,31623,52,50103
194149,11,1,2019,4,15,7,3,5,3,0,1,0,0,0,0,0,0,795046,8451,5829939,971,13,35138,52,53944
194150,11,4,2019,4,14,7,3,5,2,0,1,1,0,0,0,0,0,792081,3667,5826801,406,13,30502,52,5129
194151,11,9,2019,4,14,7,3,4,6,0,1,0,0,0,0,0,0,810864,4215,5820305,408,13,57488,52,44431
194152,11,5,2019,4,13,7,3,2,6,0,0,1,0,0,0,0,0,787500,9366,5829892,6,13,24039,52,54305
194153,11,3,2019,4,13,7,3,5,2,0,1,0,0,0,0,1,0,799212,7943,5831806,193,13,4143,52,5539
194154,11,7,2019,4,13,7,3,5,2,0,1,0,0,1,0,0,0,797897,474,5823993,4,13,38796,52,48458
194155,11,1,2019,4,12,7,3,6,4,0,0,0,1,0,1,0,0,794665,4198,5831462,944,13,34712,52,5533
194156,11,8,2019,4,11,7,3,0,2,0,1,1,0,0,0,0,0,800657,3573,5824525,239,13,42897,52,48784
194157,11,11,2019,4,10,7,3,6,2,0,0,1,1,0,0,0,0,805181,9179,5827914,561,13,4985,52,51571
194158,11,12,2019,4,8,7,2,3,6,0,1,0,0,0,0,0,0,789581,8513,5839728,279,13,27958,52,63013
194159,11,3,2019,4,3,7,3,0,1,2,0,1,0,0,0,0,1,802720,7701,5831745,98,13,46583,52,55141
194160,11,11,2019,4,23,7,3,0,1,2,1,0,0,0,0,0,0,804212,5482,5829057,891,13,48531,52,5265
194161,11,3,2019,4,9,6,3,5,2,0,1,1,0,0,0,0,0,799178,6146,5831110,502,13,41318,52,54768
194162,11,9,2019,4,17,6,3,5,3,0,1,1,0,0,0,0,0,804745,6067,5822303,526,13,48696,52,46566
194163,11,1,2019,4,23,6,3,5,2,2,1,0,0,1,0,0,0,797688,1972,5829240,419,13,38958,52,53173
194164,11,2,2019,4,20,6,3,5,2,1,1,1,0,0,0,0,0,799990,1634,5826204,586,13,42068,52,50326
194165,11,3,2019,4,20,6,3,5,3,0,1,1,0,0,0,0,0,797413,379,5833970,934,13,38978,52,57429
194166,11,8,2019,4,19,6,3,2,6,1,0,1,0,0,0,0,0,801284,5059,5819668,198,13,43379,52,44396
194167,11,3,2019,4,18,6,3,5,3,0,1,1,0,0,0,0,0,799550,5591,5835429,366,13,42254,52,58619
194168,11,6,2019,4,18,6,3,5,5,0,1,1,0,0,0,0,0,792374,891,5820852,956,13,30412,52,45942
194169,11,12,2019,4,22,6,3,1,5,2,0,1,0,0,0,0,0,792324,9462,5837248,83,13,3178,52,60642
194170,11,8,2019,4,20,6,2,5,2,0,0,1,0,0,0,0,0,802479,1545,5820699,96,13,45225,52,45254
194171,11,4,2019,4,9,6,3,5,3,0,1,1,0,0,0,0,0,792400,8931,5825062,973,13,30819,52,49715
194172,11,7,2019,4,8,6,3,0,7,0,0,1,0,0,0,1,0,797451,8596,5820558,382,13,37836,52,45404