OBJECTID,LAND,BEZ,UJAHR,UMONAT,USTUNDE,UWOCHENTAG,UKATEGORIE,UART,UTYP1,ULICHTVERH,IstRad,IstPKW,IstFuss,IstKrad,IstGkfz,IstSonstige,USTRZUSTAND,LINREFX,LINREFY,XGCSWGS84,YGCSWGS84,,,,
194173,11,3,2019,4,7,6,3,1,5,0,1,0,0,0,0,1,0,800444,4647,5829725,867,13,43054,52,53457
194174,11,1,2019,4,7,6,3,1,5,0,1,1,0,0,0,0,0,796850,6254,5826159,49,13,37452,52,50457
194175,11,7,2019,4,9,6,3,1,5,0,1,1,0,0,0,0,0,796400,4461,5824750,77,13,36666,52,49219
194176,11,1,2019,4,10,6,3,3,6,0,0,1,0,0,1,0,0,793948,185,5830111,574,13,33538,52,54157
194177,11,4,2019,4,12,6,3,5,3,0,1,0,0,1,0,0,0,791185,55,5826502,927,13,29159,52,51071
194178,11,2,2019,4,12,6,3,5,2,0,1,1,0,0,0,0,0,803578,9822,5827251,877,13,47435,52,51066
194179,11,1,2019,4,14,6,3,5,3,0,0,1,0,0,1,0,0,797959,8412,5827080,318,13,39164,52,51222
194180,11,5,2019,4,14,6,3,2,6,0,0,1,0,0,0,0,0,786439,3415,5831084,346,13,2258,52,55429
194181,11,4,2019,4,14,6,3,3,6,0,1,1,0,0,0,0,0,789804,4801,5826344,368,13,27117,52,51002
194182,11,4,2019,4,14,6,3,3,6,0,1,1,0,0,0,0,0,792146,214,5826474,891,13,30569,52,50994
194183,11,10,2019,4,15,6,3,2,6,0,0,1,0,0,0,0,0,806289,7591,5830171,449,13,51686,52,53531
194184,11,1,2019,4,17,6,3,1,5,0,1,1,0,0,0,0,0,794260,5912,5828452,536,13,3385,52,52653
194185,11,9,2019,4,16,6,3,2,6,0,0,1,0,0,0,1,0,810015,3674,5816020,722,13,55846,52,40639
194186,11,3,2019,4,16,6,3,6,4,0,0,1,1,0,0,0,0,799899,7069,5830608,422,13,42332,52,54278
194187,11,6,2019,4,16,6,3,5,3,0,1,1,0,0,0,0,0,790839,9497,5817584,754,13,27875,52,43094
194188,11,8,2019,4,16,6,3,2,6,0,0,1,0,0,0,0,0,800684,9757,5824989,945,13,42979,52,49199
194189,11,6,2019,4,17,6,3,2,6,0,0,1,0,1,0,0,0,793299,1418,5818922,562,13,31599,52,44162
194190,11,8,2019,4,17,6,3,5,2,0,0,1,0,0,0,0,0,800663,8472,5824386,211,13,42894,52,48659
194191,11,7,2019,4,13,6,3,1,5,0,0,1,0,0,0,0,0,794540,318,5822679,555,13,33751,52,47463
194192,11,10,2019,4,11,5,3,5,3,0,1,1,0,0,0,0,0,813472,452,5824893,868,13,61743,52,48394
194193,11,10,2019,4,20,5,3,0,2,1,0,1,0,0,0,1,0,812237,6057,5830686,518,13,60475,52,53655
194194,11,7,2019,4,12,5,3,5,3,0,1,1,0,0,0,0,0,796576,6901,5824829,316,13,36932,52,4928
194195,11,4,2019,4,16,5,3,6,2,0,0,1,1,0,0,0,0,789726,5398,5826409,797,13,27008,52,51065
194196,11,4,2019,4,18,5,3,3,6,0,0,1,0,0,1,0,0,790411,545,5825795,998,13,2796,52,50478
194197,11,7,2019,4,18,5,3,2,2,0,0,1,0,0,0,0,0,796144,2381,5820776,295,13,35937,52,4567
194198,11,8,2019,4,17,5,3,2,6,0,0,1,0,1,0,0,0,801602,1252,5817444,888,13,43644,52,42386
194199,11,7,2019,4,7,5,3,6,4,0,0,1,1,0,0,0,0,796015,2328,5825137,69,13,36134,52,49587
194200,11,7,2019,4,6,5,3,3,6,0,0,1,0,0,0,0,0,798649,5398,5820508,38,13,39589,52,45294
194201,11,3,2019,4,17,5,3,1,5,0,1,1,0,0,0,0,0,799327,936,5830077,249,13,41443,52,53834
194202,11,7,2019,4,16,5,3,0,3,0,0,1,0,1,0,0,0,796820,3246,5820139,648,13,36872,52,45063
194203,11,5,2019,4,16,5,3,0,3,0,0,1,0,0,0,1,0,785563,3451,5826155,458,13,20868,52,51056
194204,11,2,2019,4,16,5,3,5,1,0,0,1,0,1,0,0,0,801458,406,5827274,313,13,44322,52,51204
194205,11,9,2019,4,16,5,2,5,3,0,1,1,0,0,0,0,0,809656,3168,5821501,986,13,55827,52,45572
194206,11,4,2019,4,16,5,3,0,4,0,1,0,1,0,0,0,0,790788,1732,5824798,841,13,28427,52,49564
194207,11,3,2019,4,15,5,2,5,3,0,1,1,0,0,0,0,0,800516,6052,5836163,158,13,43743,52,59223
194208,11,4,2019,4,16,5,3,2,6,0,0,1,0,0,0,0,0,793930,953,5825041,733,13,33065,52,49613
194209,11,6,2019,4,15,5,3,5,2,0,1,1,0,0,0,0,0,788224,898,5818882,666,13,24151,52,44396
194210,11,9,2019,4,15,5,3,3,6,0,0,1,0,1,0,0,0,810530,6137,5820315,245,13,57,52,44459
194211,11,2,2019,4,5,5,2,2,6,0,1,1,0,0,0,0,0,801830,3115,5828987,959,13,45023,52,52719
194212,11,1,2019,4,15,5,3,2,2,0,1,1,0,0,0,0,0,799248,351,5828469,191,13,41182,52,52397
194213,11,11,2019,4,13,5,3,5,5,0,1,1,0,0,0,1,0,803513,5106,5826456,442,13,47266,52,50357
194214,11,9,2019,4,12,5,2,5,3,0,1,1,0,0,0,0,0,811636,2127,5820017,711,13,58593,52,44129
194215,11,3,2019,4,12,5,3,5,3,0,1,0,0,0,0,1,0,801579,3545,5836356,45,13,45324,52,59337
194216,11,9,2019,4,12,5,3,0,3,0,1,1,0,0,0,0,0,811639,6673,5818610,11,13,58467,52,42868
194217,11,5,2019,4,12,5,3,5,3,0,0,1,0,1,0,0,0,780885,8714,5829128,976,13,14246,52,53965
194218,11,2,2019,4,12,5,3,5,2,0,0,1,0,1,0,0,0,801864,804,5828982,56,13,45074,52,52713
194219,11,7,2019,4,11,5,3,5,3,0,1,1,0,0,0,0,0,794736,482,5825538,538,13,34292,52,50015
194220,11,3,2019,4,10,5,3,3,6,0,1,1,0,0,0,0,0,801269,9545,5831848,101,13,44459,52,55314
194221,11,9,2019,4,9,5,3,5,2,0,1,0,0,0,1,0,0,807686,6878,5817735,954,13,52591,52,42308
194222,11,8,2019,4,9,5,3,1,5,0,1,1,0,0,0,0,0,801498,457,5824692,6,13,44146,52,48887
194223,11,12,2019,4,9,5,3,0,6,0,0,0,0,0,0,1,0,793465,3911,5836104,558,13,33358,52,59556
194224,11,3,2019,4,9,5,3,5,2,0,1,1,0,0,0,0,0,801855,7578,5832900,487,13,45416,52,56225
194225,11,7,2019,4,8,5,3,5,3,0,1,1,0,0,0,0,0,795395,8201,5821210,634,13,34877,52,461
194226,11,1,2019,4,8,5,3,5,3,0,1,1,0,0,0,0,0,798589,419,5829514,15,13,40308,52,5337
194227,11,2,2019,4,13,5,3,1,7,0,0,1,0,0,0,0,0,801001,6775,5825499,645,13,4349,52,49639
194228,11,3,2019,4,16,5,3,5,7,0,1,1,0,0,0,0,0,801841,191,5830733,662,13,45198,52,54283
194229,11,5,2019,4,20,4,3,1,1,2,0,1,0,0,0,0,0,786652,7915,5830453,765,13,2284,52,54853
194230,11,5,2019,4,20,4,2,5,3,2,0,1,0,1,0,0,0,782818,7088,5830395,794,13,17196,52,55001
194231,11,9,2019,4,16,4,3,0,3,0,1,1,0,0,0,0,0,820200,6077,5819629,404,13,71114,52,43287
194232,11,2,2019,4,22,4,3,6,2,2,0,1,1,0,0,0,0,799599,2407,5825844,639,13,41462,52,50025
194233,11,9,2019,4,11,4,3,0,3,0,0,1,0,0,0,0,0,809216,4716,5823033,17,13,55324,52,46969
194234,11,1,2019,4,11,4,3,2,6,0,0,1,0,1,0,0,0,796222,713,5828479,488,13,36736,52,52571
194235,11,1,2019,4,20,4,3,5,3,2,0,1,0,0,0,1,0,793686,5861,5832251,554,13,33343,52,5609
194236,11,4,2019,4,5,4,3,6,2,1,1,0,1,0,0,0,0,792875,9004,5824340,117,13,31453,52,49041
194237,11,2,2019,4,20,4,3,5,3,1,1,0,0,0,0,0,0,797956,2256,5824572,259,13,38935,52,48974
194238,11,7,2019,4,22,4,3,3,6,2,0,1,0,0,0,0,0,795859,9075,5823156,402,13,3573,52,47819
194239,11,1,2019,4,21,4,3,5,7,2,0,1,0,1,0,0,0,794737,4757,5826038,95,13,34337,52,50463
194240,11,4,2019,4,20,4,3,5,3,1,1,1,0,0,0,0,0,792956,8541,5825541,968,13,31678,52,50114
194241,11,6,2019,4,18,4,3,3,6,0,1,1,0,0,0,0,0,791446,323,5819340,96,13,28917,52,44635
194242,11,7,2019,4,18,4,3,0,6,0,1,0,0,0,0,1,0,795851,7939,5822567,74,13,35666,52,47291
194243,11,5,2019,4,17,4,3,6,7,0,0,1,1,0,0,0,0,784859,9298,5829533,696,13,20124,52,54122
194244,11,6,2019,4,20,4,3,1,1,1,0,1,0,0,0,0,0,790476,5668,5817557,308,13,27339,52,43089
194245,11,1,2019,4,13,4,3,0,1,0,1,0,0,0,0,0,0,795945,711,5825827,545,13,36094,52,50209
194246,11,3,2019,4,17,4,3,1,1,0,0,1,0,1,0,0,0,800483,2138,5836390,306,13,43714,52,59429
194247,11,7,2019,4,17,4,3,2,6,0,0,1,0,0,0,0,0,798893,7152,5821134,63,13,40003,52,45841
194248,11,10,2019,4,12,4,3,2,6,0,0,1,0,1,0,0,0,812197,9682,5830919,895,13,60438,52,53867
194249,11,2,2019,4,12,4,3,2,7,0,0,1,0,0,0,1,0,800984,3166,5828251,911,13,43714,52,52106
194250,11,11,2019,4,16,4,3,6,4,0,0,1,1,0,0,0,0,804578,699,5829087,519,13,4907,52,52656
194251,11,1,2019,4,13,4,3,1,5,0,1,1,0,0,0,0,0,798437,707,5829159,231,13,40053,52,5306
194252,11,2,2019,4,13,4,3,5,2,0,1,1,0,0,0,0,0,801765,173,5826249,193,13,44679,52,50268
194253,11,5,2019,4,13,4,3,5,2,0,0,1,0,0,0,0,0,784662,6664,5829704,43,13,19849,52,54285
194254,11,1,2019,4,15,4,3,5,3,0,1,1,0,0,0,0,0,798582,1308,5829513,656,13,40297,52,5337
194255,11,1,2019,4,15,4,3,5,2,0,1,1,0,0,0,0,0,793952,8586,5830171,198,13,3355,52,54211
194256,11,1,2019,4,10,4,3,5,2,0,0,1,0,0,0,1,0,798079,604,5829993,131,13,39601,52,53827
194257,11,11,2019,4,10,4,3,2,2,0,1,0,0,0,0,1,0,803334,8062,5826303,637,13,4699,52,5023
194258,11,1,2019,4,10,4,3,6,2,0,1,0,1,0,0,0,0,797079,7622,5828184,997,13,3797,52,52261
194259,11,5,2019,4,9,4,3,2,6,0,0,1,0,0,0,0,0,784586,6278,5829180,428,13,19692,52,5382
194260,11,10,2019,4,8,4,3,5,2,0,1,1,0,0,0,0,0,809117,8859,5829716,913,13,558,52,52964
194261,11,3,2019,4,6,4,3,2,2,0,0,1,0,0,0,0,0,799387,9321,5835264,99,13,42,52,5848
194262,11,8,2019,4,17,4,3,1,2,0,0,1,1,0,0,1,0,800479,9787,5823616,33,13,42554,52,47979
194263,11,7,2019,4,14,3,3,5,2,0,1,1,0,0,0,0,0,798730,812,5821869,15,13,3983,52,46509
194264,11,3,2019,4,21,3,3,6,4,2,1,1,1,0,0,0,0,800914,8682,5830713,172,13,43834,52,54316
194265,11,12,2019,4,21,3,3,2,2,2,0,1,0,0,0,0,0,790731,245,5835265,945,13,29259,52,58951
194266,11,1,2019,4,21,3,3,0,7,2,0,0,0,1,0,0,0,797927,969,5829908,712,13,39371,52,53759
194267,11,11,2019,4,10,3,3,5,2,0,0,1,0,1,0,0,0,806095,1541,5834571,353,13,51805,52,57486
194268,11,4,2019,4,10,3,3,5,3,0,1,1,0,0,0,0,0,791665,3445,5830679,34,13,30231,52,54789
194269,11,9,2019,4,20,3,3,5,2,2,0,1,0,0,0,0,0,808977,649,5818113,376,13,54518,52,42573
194270,11,12,2019,4,10,3,3,2,2,0,0,1,0,0,0,0,0,792927,309,5837087,5,13,32653,52,60466
194271,11,5,2019,4,12,3,3,2,6,0,0,1,0,0,0,0,0,784789,412,5828838,99,13,1996,52,53503
194272,11,4,2019,4,17,3,3,5,2,0,0,1,0,1,0,0,0,792055,444,5822456,13,13,30083,52,47396
194273,11,5,2019,4,10,3,3,8,1,0,0,1,0,0,0,0,0,782120,7773,5827991,353,13,15965,52,52882
194274,11,1,2019,4,9,3,3,5,3,0,1,1,0,0,0,0,0,796957,4239,5826860,907,13,37672,52,5108
194275,11,7,2019,4,9,3,3,0,2,0,0,1,0,0,0,1,0,795525,365,5823858,672,13,35302,52,48467
194276,11,4,2019,4,9,3,2,5,2,0,1,1,0,0,0,0,0,794163,4,5826986,618,13,33577,52,51344
194277,11,3,2019,4,8,3,3,5,2,0,0,1,0,0,0,0,0,800221,7068,5831191,252,13,42858,52,54783
194278,11,3,2019,4,9,3,3,2,6,0,0,0,0,1,0,1,0,801741,4495,5830058,95,13,4499,52,53684
194279,11,4,2019,4,9,3,3,3,6,0,0,1,0,0,0,0,0,794171,2948,5825334,72,13,33443,52,49863
194280,11,3,2019,4,8,3,3,5,3,0,0,1,0,0,0,0,0,801991,3283,5832821,39,13,45609,52,56146
194281,11,5,2019,4,8,3,2,5,2,0,0,1,0,1,0,0,0,780081,9237,5830182,741,13,13152,52,54952
194282,11,5,2019,4,8,3,3,5,7,0,0,1,0,1,0,0,0,785448,3156,5828608,739,13,2091,52,53262
194283,11,1,2019,4,8,3,2,5,3,0,1,1,0,0,0,0,0,796541,3588,5829874,363,13,37329,52,53804
194284,11,5,2019,4,7,3,3,5,2,0,1,0,0,0,0,1,0,784734,2423,5828588,874,13,19858,52,53281
194285,11,9,2019,4,6,3,3,5,3,0,1,1,0,0,0,0,0,805715,2015,5823995,11,13,50274,52,48028
194286,11,2,2019,4,11,3,2,2,6,0,0,1,0,1,0,0,0,797373,2477,5824874,809,13,38105,52,49277
194287,11,4,2019,4,11,3,3,5,2,0,1,1,0,0,0,0,0,792600,8069,5823072,879,13,30938,52,4792
194288,11,1,2019,4,11,3,3,5,2,0,0,1,0,0,0,0,0,794906,5318,5828293,701,13,34786,52,52476
194289,11,5,2019,4,12,3,3,2,7,0,1,1,0,0,0,0,0,781715,5641,5829145,928,13,15467,52,53938
194290,11,8,2019,4,12,3,3,0,7,0,0,1,0,0,0,0,0,801181,5049,5820594,769,13,43311,52,45232
194291,11,12,2019,4,12,3,3,2,6,0,0,1,0,0,0,0,0,792067,133,5832942,138,13,31021,52,56796
194292,11,9,2019,4,13,3,3,2,6,0,0,1,0,0,0,0,0,809338,593,5822682,147,13,5547,52,46648
194293,11,4,2019,4,14,3,3,0,7,0,0,1,0,0,0,1,0,793331,818,5824306,102,13,3212,52,48986
194294,11,7,2019,4,13,3,3,2,6,0,0,1,0,0,0,1,0,799059,6851,5819743,743,13,40122,52,44586
194295,11,4,2019,4,14,3,3,1,5,0,1,1,0,0,0,0,0,792154,185,5827256,586,13,30649,52,51694
194296,11,8,2019,4,14,3,3,0,6,0,0,1,0,1,0,0,0,802520,362,5823137,956,13,45506,52,47438
194297,11,5,2019,4,15,3,3,2,6,0,0,1,0,0,0,0,0,781126,8621,5820046,881,13,13833,52,45809
194298,11,4,2019,4,15,3,3,6,4,0,0,1,1,0,0,0,0,793054,1234,5825234,726,13,31794,52,49834
194299,11,9,2019,4,16,3,2,5,2,0,1,1,0,0,0,0,0,814209,9275,5821928,129,13,62547,52,45694
194300,11,1,2019,4,16,3,3,5,3,0,1,1,0,0,0,0,0,798658,8791,5828820,445,13,40348,52,52744
194301,11,1,2019,4,16,3,3,5,2,0,0,1,0,1,0,0,0,794405,322,5827596,943,13,33987,52,51879
194302,11,1,2019,4,15,2,3,2,2,0,0,1,0,0,0,0,0,794018,7826,5830174,786,13,33647,52,5421
194303,11,8,2019,4,14,2,3,5,2,0,1,1,0,0,0,0,0,804702,8475,5817818,272,13,48224,52,42549
194304,11,2,2019,4,15,2,3,2,6,0,0,1,0,0,0,0,0,798626,4927,5826386,806,13,40081,52,50564
194305,11,1,2019,4,22,2,3,1,5,2,0,1,0,1,0,0,0,795871,8214,5831152,289,13,36459,52,54986
194306,11,4,2019,4,19,2,3,5,7,2,0,1,0,0,0,0,0,790398,4917,5825655,644,13,27929,52,50353
194307,11,1,2019,4,0,2,3,2,6,2,0,1,0,0,0,0,0,796633,8928,5829795,261,13,37458,52,53728
194308,11,11,2019,4,23,2,3,5,3,2,0,1,0,0,0,0,0,805479,1079,5826709,51,13,50176,52,50474
194309,11,12,2019,4,18,2,3,6,4,0,0,1,1,0,0,0,0,789586,8102,5834345,239,13,27495,52,58186
194310,11,10,2019,4,18,2,3,5,2,0,0,1,0,0,0,0,0,809288,6192,5831671,631,13,56232,52,54706
194311,11,9,2019,4,18,2,2,0,1,0,0,0,0,1,0,0,0,814778,518,5818254,595,13,63034,52,42369
194312,11,3,2019,4,16,2,2,2,6,0,1,0,0,0,0,0,0,801655,986,5830131,325,13,4487,52,53754
194313,11,9,2019,4,14,2,3,0,7,0,1,0,1,0,0,0,0,811239,5968,5820234,22,13,58032,52,44346
194314,11,10,2019,4,14,2,3,5,3,0,1,0,0,0,0,0,0,814334,1088,5830073,418,13,63498,52,52986
194315,11,9,2019,4,14,2,2,4,1,0,0,1,0,0,0,0,0,808012,3533,5819781,715,13,53257,52,44123
194316,11,9,2019,4,13,2,3,0,2,0,0,1,0,0,0,1,0,811334,4335,5815644,977,13,57744,52,40228
194317,11,8,2019,4,13,2,3,2,6,0,1,1,0,0,0,0,0,802511,942,5817956,63,13,45023,52,42794
194318,11,9,2019,4,10,2,3,5,3,0,1,1,0,0,0,0,0,816925,2586,5817159,654,13,66078,52,41264
194319,11,2,2019,4,9,2,2,5,3,0,0,1,0,1,0,0,0,797615,8904,5825532,86,13,38521,52,49853
194320,11,9,2019,4,10,1,2,5,3,0,0,1,0,0,0,1,0,807941,2417,5816571,334,13,52857,52,4125
194321,11,4,2019,4,18,1,3,6,4,0,1,0,1,0,0,0,0,791240,7003,5829696,332,13,29521,52,53931
194322,11,7,2019,4,16,1,3,5,3,0,1,1,0,0,0,0,0,797858,3473,5815725,804,13,38002,52,4105
194323,11,8,2019,4,16,1,3,5,3,0,0,1,0,1,0,0,0,799853,5367,5816513,466,13,40997,52,41647
194324,11,9,2019,4,16,1,3,6,7,0,1,0,1,0,0,0,0,812159,8944,5819710,566,13,59333,52,43824
194325,11,2,2019,4,15,1,3,6,7,0,1,0,1,0,0,0,0,800565,628,5825807,808,13,42877,52,49939
194326,11,3,2019,4,11,1,3,5,7,0,1,1,0,0,0,0,0,799219,868,5831773,706,13,41438,52,5536
194327,11,10,2019,4,17,1,2,1,5,0,1,1,0,0,0,0,0,809827,7192,5832983,341,13,57147,52,55851
194328,11,8,2019,4,3,1,3,1,1,2,0,1,0,0,0,1,0,801780,8785,5822803,604,13,4439,52,47179
194329,11,11,2019,4,14,1,3,0,2,0,0,0,0,0,0,1,0,806293,676,5834079,293,13,52051,52,57033
194330,11,3,2019,4,16,1,3,1,1,0,0,1,0,1,0,0,0,799131,3766,5830269,174,13,41172,52,54017
194331,11,11,2019,4,7,1,3,0,1,0,1,0,0,0,0,0,0,803822,9132,5829137,841,13,47965,52,52743
194332,11,1,2019,4,15,1,3,5,2,0,0,1,0,0,0,1,0,796447,1721,5831945,214,13,37376,52,55666
194333,11,1,2019,4,18,1,3,0,1,0,0,0,0,1,0,0,0,797834,3294,5830450,71,13,39282,52,5425
194334,11,5,2019,4,3,7,1,9,1,2,0,1,0,0,1,0,0,784381,6805,5829957,697,13,19457,52,54527
194335,11,3,2019,4,17,7,3,5,2,0,1,1,0,0,0,0,0,796558,2255,5840101,447,13,38269,52,62971
194336,11,9,2019,4,9,7,2,1,5,0,1,1,0,0,0,0,0,814697,5324,5820825,206,13,63158,52,44678
194337,11,7,2019,4,14,7,3,1,5,0,1,1,0,0,0,0,0,795538,8427,5815979,416,13,34624,52,41403
194338,11,4,2019,4,20,7,3,1,5,1,1,1,0,0,0,0,0,792586,5383,5826114,97,13,31184,52,50647
194339,11,2,2019,4,18,7,3,5,2,0,1,1,0,0,0,0,0,799065,5907,5825613,522,13,40657,52,49847
194340,11,8,2019,4,15,7,3,3,6,0,1,1,0,0,0,0,0,801701,5992,5822577,47,13,44254,52,46981
194341,11,9,2019,4,15,7,3,6,4,0,0,1,1,0,0,0,0,814202,5887,5821321,26,13,62479,52,4515
194342,11,5,2019,4,13,7,3,5,2,0,0,1,0,0,0,0,0,782366,4659,5830501,279,13,1654,52,55119
194343,11,6,2019,4,13,7,3,0,7,0,1,0,0,0,0,0,0,787534,9809,5817273,121,13,23,52,42989
194344,11,2,2019,4,12,7,3,5,2,0,0,1,0,0,0,1,0,797751,8312,5824596,901,13,38637,52,49008
194345,11,8,2019,4,11,7,3,2,2,0,0,0,0,1,0,1,0,801302,133,5823988,251,13,43795,52,48267
194346,11,7,2019,4,1,7,3,0,3,2,0,1,0,0,0,1,0,799428,2881,5813175,173,13,40075,52,38678
194347,11,8,2019,4,7,7,2,5,3,0,0,1,0,0,0,0,0,805536,28,5818566,233,13,49514,52,43173
194348,11,12,2019,4,8,7,3,5,2,0,1,1,0,0,0,0,0,793390,7319,5832515,873,13,32931,52,56343
194349,11,6,2019,4,9,7,3,5,3,0,1,1,0,0,0,0,0,795532,335,5819966,641,13,34967,52,44978
194350,11,7,2019,4,10,7,3,2,6,0,0,1,0,0,0,0,0,799818,5648,5813186,494,13,40648,52,38667
194351,11,6,2019,4,10,7,2,6,2,0,0,1,1,0,0,0,0,793275,4515,5819096,86,13,31579,52,44319
194352,11,7,2019,4,10,7,3,2,2,0,0,1,0,0,0,0,0,798021,4115,5819648,762,13,38591,52,44557
194353,11,2,2019,4,5,7,2,5,3,2,0,1,0,0,0,1,0,800718,317,5827875,86,13,43289,52,51784
194354,11,11,2019,5,14,5,3,5,7,0,1,1,0,0,0,0,1,804688,929,5828427,135,13,49173,52,52058
194355,11,1,2019,5,14,5,3,0,6,0,1,1,0,0,0,0,0,797433,396,5831263,498,13,38765,52,55001
194356,11,6,2019,5,17,5,3,1,5,0,1,1,0,0,0,0,0,793963,3532,5820437,767,13,32706,52,45484
194357,11,9,2019,5,12,5,3,5,3,0,1,1,0,0,0,0,0,808809,4645,5819002,117,13,54354,52,43379
194358,11,6,2019,5,17,5,3,5,3,0,0,1,0,0,0,0,0,796519,1,5817311,25,13,36179,52,42544
194359,11,9,2019,5,14,5,3,5,3,0,0,1,0,1,0,0,1,804938,7156,5820712,241,13,48834,52,45129
194360,11,4,2019,5,13,5,3,1,5,0,1,1,0,0,0,0,1,793062,9351,5826099,304,13,31883,52,50608
194361,11,2,2019,5,17,5,3,2,6,0,1,1,0,0,0,0,0,801492,826,5827923,972,13,44431,52,51784
194362,11,7,2019,5,14,5,3,5,2,0,1,1,0,0,0,0,0,794770,9525,5825692,85,13,34356,52,50152
194363,11,11,2019,5,17,5,3,5,2,0,1,1,0,0,0,0,0,804587,552,5826362,866,13,48835,52,50213
194364,11,3,2019,5,16,5,3,5,3,0,1,1,0,0,0,0,0,798133,1058,5836522,369,13,40267,52,59676
194365,11,2,2019,5,16,5,3,0,3,0,1,1,0,0,0,0,0,800314,7511,5827618,16,13,42673,52,51575
194366,11,12,2019,5,16,5,3,2,6,0,0,1,0,0,1,0,0,793590,8079,5832534,444,13,33227,52,56349
194367,11,9,2019,5,5,5,2,4,6,1,0,0,0,0,0,1,1,816844,268,5812910,541,13,65557,52,37462
194368,11,9,2019,5,9,5,2,6,3,0,0,1,1,0,0,0,0,810989,9744,5820319,478,13,57674,52,44436
194369,11,4,2019,5,8,5,3,3,6,0,1,1,0,0,0,0,0,793444,5305,5823962,165,13,32255,52,48672
194370,11,1,2019,5,9,5,3,5,3,0,1,0,0,0,0,1,0,799060,4355,5829007,208,13,40954,52,52889
194371,11,8,2019,5,7,5,3,2,3,0,1,0,0,0,0,0,0,802163,9174,5823362,712,13,45003,52,47659
194372,11,2,2019,5,7,5,3,5,2,0,1,1,0,0,0,0,1,796768,6885,5826034,571,13,37321,52,5035
194373,11,10,2019,5,7,5,3,5,3,0,1,1,0,0,0,0,0,811153,5421,5828388,181,13,58667,52,51658
194374,11,2,2019,5,7,5,3,5,2,0,1,0,0,0,0,1,1,801865,7288,5828983,34,13,45075,52,52713
194375,11,12,2019,5,7,5,3,5,2,0,1,0,0,0,0,1,0,792304,4734,5833990,785,13,31463,52,57723
194376,11,10,2019,5,14,5,3,5,2,0,0,0,0,1,0,1,1,809629,5328,5828924,246,13,56478,52,52225
194377,11,12,2019,5,13,5,3,5,3,0,1,1,0,0,0,0,1,796233,2757,5833661,649,13,37214,52,57216
194378,11,2,2019,5,13,5,2,4,6,0,0,1,0,0,1,0,1,802126,3503,5828462,974,13,45411,52,52232
194379,11,5,2019,5,13,5,2,5,2,0,0,1,0,0,0,0,0,782379,9454,5827031,936,13,16265,52,52008
194380,11,9,2019,5,12,5,3,5,2,0,1,0,0,0,0,0,0,811182,7153,5822107,388,13,58123,52,46028
194381,11,1,2019,5,11,5,2,5,3,0,0,1,0,0,0,0,0,796437,2104,5826324,14,13,3686,52,50628
194382,11,4,2019,5,10,5,3,5,2,0,0,1,0,0,0,0,0,791265,9289,5823330,345,13,29001,52,48222
194383,11,4,2019,5,10,5,3,6,2,0,0,1,1,0,0,0,0,786924,4429,5825820,218,13,2284,52,50684
194384,11,10,2019,5,6,4,3,5,2,0,1,1,0,0,0,0,0,812227,8769,5830702,522,13,60462,52,5367
194385,11,11,2019,5,10,4,3,3,6,0,0,0,0,1,0,1,0,807091,4065,5825784,744,13,52459,52,49555
194386,11,3,2019,5,13,4,3,5,2,0,1,1,0,0,0,0,0,799544,3764,5830089,96,13,41763,52,53832
194387,11,5,2019,5,10,4,3,2,6,0,0,1,0,0,0,0,0,783940,223,5823367,917,13,18245,52,48642
194388,11,7,2019,5,20,4,3,6,4,0,0,1,1,0,0,0,0,795431,1577,5821687,531,13,34971,52,46526
194389,11,5,2019,5,18,4,3,5,3,0,0,1,0,0,0,0,0,780053,1994,5819443,377,13,12207,52,45323
194390,11,2,2019,5,8,4,3,0,6,0,1,1,0,0,0,0,0,802842,8777,5826587,4,13,46293,52,50512
194391,11,11,2019,5,7,4,2,6,4,0,0,0,1,0,0,1,0,806602,1766,5827734,549,13,5192,52,5133
194392,11,5,2019,5,21,4,3,5,3,2,1,1,0,0,0,0,0,784421,2177,5831938,433,13,19685,52,56301
194393,11,3,2019,5,20,4,2,5,2,1,1,1,0,0,0,0,0,800192,7513,5830931,51,13,42792,52,54551
194394,11,10,2019,5,16,4,3,5,3,0,1,1,0,0,0,0,0,812640,3779,5825270,994,13,60558,52,4878
194395,11,7,2019,5,16,4,3,5,2,0,0,1,0,1,0,0,0,795392,1195,5820977,953,13,34851,52,45892
194396,11,8,2019,5,15,4,3,5,3,0,1,1,0,0,0,0,0,805190,1034,5816496,393,13,48818,52,41337
194397,11,1,2019,5,15,4,3,2,2,0,1,1,0,0,0,0,0,799109,5983,5828466,17,13,40978,52,52402
194398,11,1,2019,5,17,4,3,2,6,0,0,1,0,0,0,0,0,795751,8283,5828194,682,13,36019,52,52341
194399,11,4,2019,5,17,4,3,5,3,0,0,1,0,0,0,0,0,790361,6202,5827321,356,13,28021,52,51848
194400,11,1,2019,5,16,4,3,2,6,0,0,1,0,1,0,0,0,799567,6423,5828743,121,13,41676,52,52625
194401,11,4,2019,5,16,4,3,2,6,0,0,1,0,0,0,0,0,792839,8313,5825503,3,13,31503,52,50086
194402,11,6,2019,5,16,4,3,0,1,0,1,0,0,0,0,0,0,789182,8873,5818567,649,13,25529,52,44063
194403,11,7,2019,5,15,4,3,2,6,0,0,1,0,0,0,0,0,795437,6871,5821007,18,13,3492,52,45915