OBJECTID,LAND,BEZ,UJAHR,UMONAT,USTUNDE,UWOCHENTAG,UKATEGORIE,UART,UTYP1,ULICHTVERH,IstRad,IstPKW,IstFuss,IstKrad,IstGkfz,IstSonstige,USTRZUSTAND,LINREFX,LINREFY,XGCSWGS84,YGCSWGS84,,,,
194404,11,7,2019,5,14,4,3,3,6,0,0,1,0,1,0,0,0,797323,5431,5821806,776,13,37759,52,4653
194405,11,5,2019,5,7,4,2,5,3,0,1,1,0,0,0,0,0,785933,2119,5831674,59,13,21887,52,55985
194406,11,2,2019,5,13,4,3,0,2,0,1,0,0,0,0,1,0,797034,962,5825879,766,13,37698,52,50197
194407,11,2,2019,5,15,4,2,0,1,0,0,0,0,1,0,0,0,803360,7658,5826703,563,13,47064,52,50587
194408,11,4,2019,5,14,4,3,2,6,0,0,1,0,0,0,0,0,791220,753,5830669,205,13,29577,52,54804
194409,11,1,2019,5,13,4,2,5,2,0,0,1,0,1,0,0,0,794524,6174,5831566,174,13,34514,52,5543
194410,11,9,2019,5,13,4,3,2,6,0,0,1,0,0,0,0,0,812118,4446,5819731,742,13,59274,52,43845
194411,11,6,2019,5,12,4,3,6,7,0,0,1,1,0,0,0,0,789932,1301,5817661,168,13,2655,52,43211
194412,11,8,2019,5,12,4,3,6,7,0,0,1,1,0,0,0,0,805724,102,5816948,163,13,49642,52,41712
194413,11,1,2019,5,11,4,3,2,6,0,0,1,0,0,0,0,0,799208,301,5828464,611,13,41123,52,52395
194414,11,8,2019,5,11,4,3,5,2,0,1,1,0,0,0,0,0,801242,3411,5822469,41,13,4357,52,46909
194415,11,1,2019,5,9,4,3,5,2,0,0,1,0,1,0,0,0,798311,9975,5826963,785,13,39671,52,51099
194416,11,1,2019,5,9,4,3,5,3,0,1,1,0,0,0,0,0,796971,925,5830138,85,13,37986,52,54017
194417,11,2,2019,5,9,4,3,5,2,0,0,1,0,1,0,0,0,801945,254,5825652,14,13,4489,52,49723
194418,11,8,2019,5,9,4,3,0,1,0,0,0,0,1,0,0,0,803825,4356,5822133,277,13,4733,52,46465
194419,11,4,2019,5,9,4,2,2,6,0,0,1,0,0,0,0,0,790856,9311,5824316,495,13,28486,52,49128
194420,11,5,2019,5,9,4,3,5,3,0,0,1,0,0,0,0,0,783412,2115,5828627,715,13,17918,52,53385
194421,11,9,2019,5,9,4,3,5,3,0,0,1,0,0,0,0,0,807416,147,5818311,215,13,52247,52,42839
194422,11,3,2019,5,8,4,3,2,2,0,0,1,0,0,0,0,0,800276,341,5831757,379,13,4299,52,55288
194423,11,2,2019,5,8,4,3,5,2,0,1,1,0,0,0,0,0,800426,7408,5827979,713,13,4287,52,51893
194424,11,11,2019,5,8,4,3,0,2,0,0,0,0,0,1,1,0,802985,7456,5830861,267,13,46892,52,54334
194425,11,4,2019,5,7,4,3,0,5,0,1,1,0,0,0,0,0,793543,94,5826368,36,13,32612,52,50824
194426,11,1,2019,5,6,4,3,5,2,0,0,1,0,1,0,0,0,796305,5,5828920,954,13,36897,52,52962
194427,11,4,2019,5,8,3,3,0,6,0,0,1,0,0,0,0,0,789148,2701,5826072,509,13,26129,52,50793
194428,11,1,2019,5,19,3,3,0,3,0,0,1,0,1,0,0,0,795314,6341,5826263,95,13,35205,52,50634
194429,11,1,2019,5,19,3,3,5,3,0,1,1,0,0,0,0,0,795384,968,5826005,478,13,35286,52,50399
194430,11,2,2019,5,19,3,3,1,5,0,1,1,0,0,0,0,0,801667,8082,5826285,162,13,4454,52,50306
194431,11,2,2019,5,22,3,3,1,5,2,1,1,0,0,0,0,0,799612,2945,5826218,574,13,41514,52,50359
194432,11,3,2019,5,18,3,3,6,6,0,1,0,1,0,0,0,0,801137,6586,5830739,437,13,44164,52,54328
194433,11,12,2019,5,18,3,3,5,2,0,0,1,0,1,0,0,0,794338,8013,5835703,626,13,34608,52,59149
194434,11,7,2019,5,18,3,3,0,1,0,0,1,0,0,0,0,0,799004,597,5819644,293,13,40032,52,445
194435,11,11,2019,5,13,3,3,2,6,0,0,1,0,0,0,0,0,804498,2384,5830968,62,13,49125,52,54346
194436,11,8,2019,5,17,3,3,5,2,0,0,1,0,1,0,0,0,801679,8523,5822337,213,13,442,52,46767
194437,11,9,2019,5,17,3,2,0,1,0,1,1,0,0,0,0,0,809143,648,5819515,67,13,54891,52,43821
194438,11,3,2019,5,17,3,3,4,5,0,0,1,0,0,0,1,0,801387,7637,5831905,76,13,44638,52,55359
194439,11,5,2019,5,16,3,3,2,6,0,0,1,0,0,0,0,0,785279,4718,5829297,366,13,20721,52,53888
194440,11,3,2019,5,16,3,3,5,2,0,1,1,0,0,0,0,0,800938,789,5831179,531,13,43912,52,54733
194441,11,5,2019,5,15,3,3,2,6,0,0,1,0,1,0,0,0,784645,6254,5829284,376,13,19788,52,5391
194442,11,4,2019,5,16,3,2,6,7,0,0,1,1,0,0,0,0,792023,8119,5827237,286,13,30456,52,51684
194443,11,2,2019,5,15,3,2,3,6,0,1,1,0,0,0,0,0,802483,9704,5827406,978,13,4584,52,51266
194444,11,2,2019,5,15,3,3,2,6,0,0,1,0,0,0,0,0,797826,775,5824903,963,13,38774,52,49279
194445,11,2,2019,5,12,3,3,1,5,0,1,1,0,0,0,0,0,802214,33,5827126,509,13,45419,52,5103
194446,11,4,2019,5,11,3,3,4,6,0,0,1,0,0,1,0,0,792003,4164,5828567,33,13,30543,52,52877
194447,11,1,2019,5,10,3,3,3,6,0,1,1,0,0,0,0,0,797360,28,5829277,149,13,3848,52,53224
194448,11,4,2019,5,9,3,3,5,3,0,1,1,0,0,0,0,0,792625,7998,5825458,587,13,31184,52,50057
194449,11,4,2019,5,8,3,3,5,3,0,0,1,0,1,0,0,0,792066,9018,5828230,815,13,30607,52,52573
194450,11,12,2019,5,8,3,3,2,2,0,0,1,0,0,0,1,0,794382,21,5836232,761,13,34719,52,59621
194451,11,1,2019,5,7,3,3,1,5,0,1,1,0,0,0,0,0,797309,304,5827210,91,13,3822,52,51375
194452,11,12,2019,5,7,3,3,5,3,0,1,1,0,0,0,0,0,791780,7795,5836929,471,13,30951,52,60386
194453,11,1,2019,5,7,3,3,3,6,0,0,1,0,0,0,0,0,799589,1844,5828777,55,13,41711,52,52654
194454,11,12,2019,5,5,3,3,2,6,1,0,1,0,1,0,0,1,793438,7793,5833416,61,13,33081,52,57147
194455,11,3,2019,5,15,2,2,5,2,0,1,1,0,0,0,0,0,798963,3807,5831449,56,13,41032,52,55083
194456,11,6,2019,5,10,2,3,1,5,0,0,1,0,0,0,0,0,793893,1798,5817750,323,13,32367,52,43079
194457,11,1,2019,5,16,2,3,2,2,0,0,1,0,0,0,1,0,798699,8408,5827083,256,13,40252,52,51185
194458,11,1,2019,5,22,2,3,5,3,2,1,1,0,0,0,0,0,794558,808,5828452,24,13,34289,52,52637
194459,11,4,2019,5,20,2,2,6,4,2,0,1,1,0,0,0,0,793201,119,5827792,842,13,32235,52,52119
194460,11,1,2019,5,19,2,2,5,3,0,1,1,0,0,0,0,0,799457,4152,5827067,357,13,41363,52,51129
194461,11,1,2019,5,19,2,3,2,6,2,0,1,0,0,0,0,0,795770,2352,5825717,509,13,35826,52,5012
194462,11,2,2019,5,18,2,3,0,2,0,1,1,0,0,0,0,0,797913,354,5825279,649,13,38935,52,49611
194463,11,6,2019,5,18,2,3,2,6,0,0,1,0,0,0,0,1,790162,74,5819744,332,13,27069,52,45066
194464,11,7,2019,5,17,2,2,2,6,0,0,1,0,1,0,0,0,797256,1102,5820930,401,13,37582,52,45748
194465,11,7,2019,5,16,2,3,5,3,0,1,1,0,0,0,0,0,795620,9184,5824477,768,13,35497,52,49017
194466,11,11,2019,5,17,2,3,5,3,0,0,1,0,0,0,0,0,806390,923,5831399,427,13,51947,52,54626
194467,11,6,2019,5,16,2,3,1,5,0,1,1,0,0,0,0,0,784491,9874,5816959,32,13,1851,52,42867
194468,11,6,2019,5,16,2,3,2,6,0,0,1,0,0,0,0,0,792382,905,5818469,596,13,30214,52,43805
194469,11,5,2019,5,17,2,3,1,5,0,0,1,0,0,0,1,0,787737,8261,5828231,447,13,24243,52,52803
194470,11,3,2019,5,16,2,3,5,2,0,1,1,0,0,0,0,0,799215,969,5831774,87,13,41431,52,55361
194471,11,4,2019,5,16,2,3,0,3,0,0,1,0,0,0,1,0,793133,5202,5825589,392,13,31942,52,50147
194472,11,8,2019,5,15,2,3,2,6,0,0,1,0,0,0,0,0,803926,2493,5818240,965,13,47124,52,42971
194473,11,1,2019,5,15,2,3,1,5,0,1,1,0,0,0,1,0,798120,5502,5827409,443,13,3943,52,51509
194474,11,3,2019,5,14,2,3,1,5,0,1,1,0,0,0,0,0,804085,3347,5840223,73,13,49368,52,62664
194475,11,6,2019,5,14,2,3,5,2,0,1,1,0,0,0,0,0,791620,21,5820656,732,13,29287,52,45806
194476,11,4,2019,5,13,2,3,0,5,0,0,1,0,0,0,0,0,793542,2895,5826345,978,13,32609,52,50804
194477,11,9,2019,5,13,2,3,5,3,0,1,1,0,0,0,0,0,817518,8169,5818243,225,13,67051,52,42201
194478,11,12,2019,5,16,2,3,5,3,0,1,1,0,0,0,0,0,796310,35,5833949,513,13,37353,52,5747
194479,11,7,2019,5,13,2,3,5,3,0,1,1,0,0,0,0,0,797010,2559,5820402,42,13,37174,52,45288
194480,11,6,2019,5,12,2,3,1,5,0,0,1,0,0,0,0,0,792494,8062,5817042,861,13,30254,52,4252
194481,11,7,2019,5,11,2,2,3,6,0,1,0,0,0,1,0,0,798156,9645,5819022,544,13,38734,52,43989
194482,11,7,2019,5,6,2,3,5,3,0,0,1,0,1,0,0,0,800637,2129,5814907,274,13,42002,52,40164
194483,11,10,2019,5,7,2,3,6,2,0,0,1,1,0,0,0,0,812420,484,5830374,664,13,60714,52,53366
194484,11,4,2019,5,12,2,3,5,2,0,1,1,0,0,0,0,0,791877,6547,5822388,264,13,29816,52,47345
194485,11,6,2019,5,7,2,3,6,4,0,1,0,1,0,0,0,0,790951,9943,5820700,806,13,2831,52,45881
194486,11,8,2019,5,6,2,3,5,3,0,0,1,0,1,0,0,0,803863,6123,5821820,379,13,47358,52,46182
194487,11,3,2019,5,6,2,3,5,3,0,0,1,0,1,0,0,0,797866,2487,5835308,21,13,39765,52,58603
194488,11,6,2019,5,7,2,3,5,7,0,1,1,0,0,0,0,0,794848,6531,5817553,856,13,33751,52,42852
194489,11,5,2019,5,7,2,3,5,2,0,0,1,0,0,0,0,0,785604,77,5828574,33,13,21136,52,53223
194490,11,12,2019,5,7,2,3,6,4,0,0,1,1,0,0,0,0,794782,184,5836291,863,13,35313,52,59652
194491,11,7,2019,5,8,2,2,5,3,0,0,1,0,0,0,0,0,797688,6443,5823493,14,13,38445,52,48022
194492,11,6,2019,5,8,2,3,0,3,0,0,1,0,1,0,0,0,791348,9019,5816108,91,13,28492,52,41743
194493,11,11,2019,5,8,2,2,6,4,0,0,1,1,0,0,0,0,806606,4847,5827753,215,13,51928,52,51346
194494,11,1,2019,5,9,2,3,3,6,0,1,0,0,0,0,0,0,798277,7946,5827479,54,13,39667,52,51563
194495,11,9,2019,5,9,2,3,3,6,0,0,1,0,0,0,1,0,808537,5568,5819110,451,13,53965,52,43492
194496,11,4,2019,5,9,2,3,6,4,0,0,1,1,0,0,0,0,794044,3734,5823103,788,13,3306,52,4787
194497,11,6,2019,5,10,2,3,5,2,0,0,1,0,0,0,0,0,790148,897,5819770,493,13,27051,52,4509
194498,11,1,2019,5,10,2,3,5,3,0,1,0,0,0,0,1,0,799687,8117,5827827,87,13,4177,52,51797
194499,11,4,2019,5,10,2,2,2,6,0,0,1,0,0,0,0,0,788261,2005,5827800,388,13,24975,52,52389
194500,11,4,2019,5,10,2,3,2,6,0,1,1,0,0,0,0,0,792705,4296,5825893,894,13,31339,52,50443
194501,11,4,2019,5,11,2,3,1,5,0,1,1,0,0,0,0,0,792298,4509,5826012,903,13,30752,52,50572
194502,11,9,2019,5,11,2,3,5,2,0,1,1,0,0,0,0,0,805903,9782,5821819,79,13,50352,52,46068
194503,11,12,2019,5,11,2,3,6,4,0,0,1,1,0,0,0,0,796727,9007,5833305,516,13,3791,52,5687
194504,11,5,2019,5,11,2,3,5,2,0,1,1,0,0,0,0,0,785077,1717,5829876,784,13,20473,52,54418
194505,11,9,2019,5,12,2,3,0,1,0,1,0,0,0,0,0,0,814202,1963,5821284,925,13,62475,52,45118
194506,11,5,2019,5,12,2,3,3,6,0,0,1,0,0,0,0,0,783024,355,5828580,341,13,17344,52,53363
194507,11,1,2019,5,5,1,3,6,4,1,1,0,1,0,0,0,0,797451,1788,5830054,635,13,38683,52,53916
194508,11,1,2019,5,15,1,3,5,2,0,1,1,0,0,0,0,0,796960,8965,5826701,878,13,37663,52,50938
194509,11,8,2019,5,17,1,3,0,7,0,0,1,0,1,0,0,0,802024,3567,5823487,484,13,4481,52,47779
194510,11,6,2019,5,17,1,3,1,5,0,1,1,0,0,0,0,0,795285,1301,5818576,985,13,34482,52,43745
194511,11,8,2019,5,14,1,3,5,2,0,1,1,0,0,0,0,0,800773,2206,5822754,829,13,42907,52,47191
194512,11,3,2019,5,14,1,3,6,4,0,1,0,1,0,0,0,0,799854,3403,5829796,666,13,42192,52,53553
194513,11,8,2019,5,12,1,3,6,4,0,0,0,1,1,0,0,0,800851,5144,5822529,81,13,43002,52,46985
194514,11,2,2019,5,14,1,2,6,4,0,1,0,1,0,0,0,0,798715,6214,5825011,778,13,40089,52,49327
194515,11,10,2019,5,18,1,2,6,4,0,0,1,1,0,0,0,0,811408,764,5829835,227,13,59176,52,5294
194516,11,8,2019,5,20,1,2,5,3,1,0,1,0,0,0,0,0,805316,4929,5817686,377,13,49112,52,42396
194517,11,2,2019,5,11,1,2,6,4,0,0,1,1,0,0,0,0,799701,9112,5825677,409,13,41597,52,49869
194518,11,8,2019,5,9,1,3,5,3,0,0,1,0,1,0,0,0,799852,9118,5816514,875,13,40996,52,41648
194519,11,4,2019,5,8,1,2,0,2,0,0,1,0,0,0,0,0,792707,631,5825467,903,13,31305,52,50061
194520,11,12,2019,5,3,1,2,1,5,2,0,1,0,0,0,0,0,791625,9962,5836754,338,13,30708,52,60237
194521,11,6,2019,5,13,1,3,2,6,0,0,1,0,0,0,1,0,793396,6998,5820359,578,13,31868,52,45445
194522,11,12,2019,5,14,1,3,5,2,0,0,1,0,0,0,0,0,789903,1543,5835694,804,13,28078,52,59379
194523,11,7,2019,5,16,7,2,6,2,0,0,0,1,0,0,1,0,794963,4986,5824889,41,13,34568,52,49421
194524,11,4,2019,5,12,7,3,1,5,0,0,1,0,0,0,0,0,794221,9305,5823923,713,13,33393,52,48596
194525,11,3,2019,5,19,7,3,5,2,1,1,1,0,0,0,0,0,800025,322,5834542,94,13,42872,52,57798
194526,11,1,2019,5,17,7,3,5,3,0,1,0,0,0,0,1,0,798731,3362,5829568,325,13,40521,52,5341
194527,11,12,2019,5,21,7,2,6,4,2,0,1,1,0,0,0,0,793826,5854,5836350,248,13,33912,52,59757
194528,11,12,2019,5,21,7,3,6,6,2,0,1,1,0,0,0,0,793817,42,5836446,814,13,33907,52,59844
194529,11,1,2019,5,19,7,3,5,2,0,1,1,0,0,0,0,0,794526,2011,5831579,1,13,34518,52,55442
194530,11,9,2019,5,19,7,3,5,3,0,0,1,0,0,0,0,0,810306,2572,5819727,921,13,56616,52,43945
194531,11,7,2019,5,17,7,3,5,2,0,0,1,0,1,0,0,0,797213,3135,5819550,569,13,37396,52,44513
194532,11,9,2019,5,18,7,3,2,6,0,0,1,0,0,0,0,1,811260,2851,5820195,324,13,58059,52,4431
194533,11,10,2019,5,18,7,2,1,5,0,0,1,0,1,0,0,0,813910,8792,5825561,296,13,6245,52,48967
194534,11,1,2019,5,18,7,3,2,6,0,0,1,0,0,0,0,0,795045,571,5830316,297,13,3517,52,54282
194535,11,10,2019,5,17,7,3,5,3,0,0,1,0,1,0,0,0,812010,4312,5830589,805,13,60132,52,53582
194536,11,1,2019,5,16,7,3,1,5,0,0,1,0,0,0,0,0,799906,8773,5826955,879,13,42014,52,51004
194537,11,2,2019,5,1,7,3,5,3,2,0,1,0,0,0,0,1,800871,992,5825304,613,13,43281,52,49471
194538,11,5,2019,5,14,7,2,0,6,0,0,1,0,0,0,1,0,782434,9399,5827016,673,13,16344,52,51991
194539,11,1,2019,5,14,7,3,6,4,0,0,1,1,0,0,0,1,794790,4156,5831159,972,13,34869,52,55052
194540,11,10,2019,5,13,7,2,0,1,0,1,0,0,0,0,0,0,810968,6965,5830834,146,13,58624,52,5386
194541,11,8,2019,5,13,7,3,5,2,0,1,1,0,0,0,0,0,805807,5909,5816836,148,13,49754,52,41607
194542,11,12,2019,5,12,7,3,5,3,0,1,1,0,0,0,0,0,793791,716,5838387,289,13,34041,52,61584
194543,11,3,2019,5,11,7,3,5,3,0,0,1,0,0,0,0,0,802871,7582,5838290,452,13,47403,52,60999
194544,11,6,2019,5,10,7,3,0,1,0,0,1,0,0,0,0,0,784608,7136,5816618,354,13,18652,52,42555
194545,11,4,2019,5,3,6,3,1,1,2,0,1,0,0,0,0,0,793294,5183,5823078,694,13,31957,52,47888
194546,11,10,2019,5,8,6,3,5,2,0,1,1,0,0,0,0,0,813089,3001,5827106,998,13,61389,52,50399
194547,11,9,2019,5,12,6,3,6,7,0,0,1,1,0,0,0,0,811036,5617,5821843,97,13,57884,52,45799
194548,11,5,2019,5,14,6,3,6,6,0,0,1,1,0,0,0,0,781031,1745,5819392,18,13,13638,52,45227
194549,11,7,2019,5,22,6,3,2,2,2,0,1,0,0,0,0,0,794083,5444,5821722,798,13,32996,52,4663
194550,11,7,2019,5,6,6,3,3,6,0,0,1,0,0,0,1,0,797300,836,5821360,397,13,37686,52,46131
194551,11,2,2019,5,21,6,3,6,4,2,1,0,1,0,0,0,0,801475,9238,5825766,403,13,44211,52,49852
194552,11,8,2019,5,19,6,3,1,5,0,1,1,0,0,0,1,0,801422,6668,5823868,16,13,43961,52,48153
194553,11,8,2019,5,7,6,3,5,3,0,0,1,0,0,0,0,0,800566,6502,5825140,195,13,42819,52,4934
194554,11,12,2019,5,18,6,3,5,2,0,0,1,0,0,0,0,0,795066,6558,5832467,641,13,35392,52,56209
194555,11,7,2019,5,18,6,3,1,5,0,1,1,0,0,0,1,0,796478,9357,5824878,982,13,36792,52,4933
194556,11,11,2019,5,7,6,3,1,1,0,0,1,0,0,1,0,0,804591,1166,5832766,386,13,49427,52,55952
194557,11,9,2019,5,17,6,3,5,3,0,1,1,0,0,0,0,0,807405,1348,5818330,199,13,52233,52,42856
194558,11,1,2019,5,8,6,3,5,2,0,1,1,0,0,0,0,0,799055,7572,5828996,62,13,40947,52,5288
194559,11,1,2019,5,8,6,3,1,5,0,1,1,0,0,0,0,0,797320,9324,5827179,819,13,38234,52,51346
194560,11,6,2019,5,0,6,3,1,5,2,1,0,0,0,1,1,0,781636,4579,5814901,696,13,14148,52,4117
194561,11,1,2019,5,8,6,3,2,6,0,0,1,0,1,0,0,0,796689,4316,5828765,441,13,37448,52,52802
194562,11,5,2019,5,9,6,2,6,4,0,0,1,1,0,0,0,0,784637,7828,5827259,952,13,19603,52,52095
194563,11,7,2019,5,9,6,2,6,4,0,0,1,1,0,0,0,0,798082,9263,5815826,686,13,3834,52,41128
194564,11,1,2019,5,9,6,3,5,5,0,0,1,0,1,0,0,0,797954,8117,5826681,62,13,39121,52,50865
194565,11,1,2019,5,10,6,3,1,5,0,0,1,0,1,0,0,0,793890,4918,5827657,664,13,33236,52,51961
194566,11,6,2019,5,11,6,3,2,6,0,0,1,0,0,0,0,0,794204,3995,5821446,42,13,33149,52,46375
194567,11,5,2019,5,12,6,3,2,6,0,0,1,0,0,0,0,0,784791,3084,5828770,72,13,19958,52,53442
194568,11,8,2019,5,12,6,3,5,2,0,1,0,0,0,0,1,0,800975,2383,5824764,517,13,43385,52,48981
194569,11,2,2019,5,13,6,2,5,3,0,0,1,0,1,0,0,0,798420,4282,5824745,839,13,39632,52,49105
194570,11,6,2019,5,13,6,3,5,7,0,1,1,0,0,0,0,0,793077,4855,5820686,71,13,31428,52,45755
194571,11,3,2019,5,13,6,3,0,7,0,0,1,0,1,0,0,0,800033,175,5830686,507,13,42536,52,54341
194572,11,1,2019,5,14,6,3,2,6,0,0,1,0,1,0,0,0,797571,7037,5831890,308,13,39025,52,55555
194573,11,2,2019,5,15,6,3,5,7,0,0,1,0,1,0,0,0,797032,9532,5824470,717,13,3757,52,48934
194574,11,12,2019,5,15,6,2,5,2,0,1,1,0,0,0,0,0,793539,1536,5835464,4,13,3341,52,58978
194575,11,1,2019,5,16,5,3,1,5,0,1,1,0,0,0,1,0,797991,7643,5826838,456,13,3919,52,51004
194576,11,3,2019,5,8,5,3,5,3,0,1,1,0,0,0,0,0,801415,9424,5830909,621,13,44589,52,54465
194577,11,8,2019,5,6,5,2,2,7,0,0,1,0,1,0,0,0,803600,451,5821923,667,13,46981,52,4629
194578,11,1,2019,5,11,5,3,6,2,0,0,1,1,0,0,0,0,797913,3963,5827274,605,13,39113,52,51399
194579,11,9,2019,5,18,5,3,5,2,0,1,1,0,0,0,0,0,808974,666,5818112,353,13,54514,52,42573
194580,11,1,2019,5,18,5,3,0,3,0,1,1,0,0,0,0,0,799126,1116,5827120,575,13,40881,52,51195
194581,11,1,2019,5,8,5,3,5,3,0,1,1,0,0,0,0,0,799898,9024,5826523,844,13,41963,52,50617
194582,11,12,2019,5,16,5,3,5,2,0,1,1,0,0,0,0,0,792217,2608,5833939,835,13,3133,52,57682
194583,11,4,2019,5,15,5,3,1,5,0,0,1,0,1,0,0,0,793503,6914,5827893,8,13,32689,52,52193
194584,11,2,2019,5,14,5,3,5,5,0,1,1,0,0,0,0,0,799564,6194,5826307,676,13,41452,52,50442
194585,11,8,2019,5,15,5,2,5,2,0,0,1,0,0,0,0,0,802294,9254,5817848,234,13,44697,52,42709
194586,11,12,2019,5,15,5,3,2,6,0,0,1,0,0,0,0,0,792548,31,5834467,682,13,31864,52,58138
194587,11,3,2019,5,15,5,2,5,2,0,0,1,0,1,0,0,0,803342,4377,5831580,71,13,47482,52,54959
194588,11,6,2019,5,9,5,2,5,3,0,1,1,0,0,0,0,0,792711,912,5821670,605,13,30978,52,46657
194589,11,5,2019,5,12,5,3,5,3,0,0,0,0,1,0,1,0,786106,7127,5829356,904,13,21942,52,53898
194590,11,1,2019,5,12,5,3,5,2,0,1,0,0,0,1,0,0,793500,9477,5829389,725,13,32817,52,53534
194591,11,4,2019,5,11,5,3,5,3,0,0,1,0,0,0,0,0,791292,4732,5826060,761,13,29278,52,50669
194592,11,6,2019,5,15,5,3,6,7,0,0,1,1,0,0,0,0,793520,2365,5820658,453,13,32076,52,45706
194593,11,9,2019,5,15,5,3,6,7,0,0,1,1,0,0,0,0,808749,8299,5815317,378,13,53927,52,4008
194594,11,7,2019,5,10,5,3,5,3,0,1,1,0,0,0,0,0,796364,5711,5825091,324,13,36643,52,49526
194595,11,2,2019,5,10,5,3,5,2,0,0,1,0,0,0,1,0,802950,2125,5826077,699,13,46404,52,50049
194596,11,7,2019,5,8,5,3,2,6,0,0,1,0,0,0,1,0,795332,6233,5821559,26,13,34815,52,46416
194597,11,1,2019,5,8,5,3,3,6,0,0,0,0,0,0,1,0,799113,834,5828309,341,13,4097,52,52261
194598,11,2,2019,5,8,5,2,0,1,0,0,0,0,1,0,0,0,798433,2438,5826505,333,13,39808,52,50681
194599,11,2,2019,5,0,5,3,1,5,2,1,1,0,0,0,0,0,800645,1725,5827393,33,13,43138,52,51355
194600,11,7,2019,5,8,5,3,0,1,0,1,0,0,0,0,0,0,797284,38,5821143,507,13,37642,52,45938
194601,11,2,2019,5,16,4,3,6,2,0,1,0,1,0,0,0,0,800921,742,5826861,776,13,43496,52,50864
194602,11,6,2019,5,19,4,3,5,2,0,0,1,0,0,0,0,0,792938,7022,5817767,983,13,30969,52,43146
194603,11,8,2019,5,19,4,2,3,6,0,0,1,0,0,0,0,0,801027,423,5823894,33,13,43383,52,48198
194604,11,2,2019,5,22,4,3,6,4,2,1,0,1,0,0,0,0,800480,428,5825761,597,13,42748,52,49902
194605,11,3,2019,5,12,4,3,5,2,0,1,1,0,0,0,0,0,803366,1508,5833523,539,13,47695,52,56699
194606,11,5,2019,5,21,4,2,2,6,2,0,1,0,1,0,0,0,784391,5608,5828680,705,13,19362,52,53382
194607,11,12,2019,5,19,4,3,5,2,0,0,1,0,1,0,0,0,794339,284,5835706,267,13,34609,52,59152
194608,11,2,2019,5,18,4,3,6,7,0,0,1,1,0,0,0,0,801071,1201,5827121,581,13,43739,52,51089
194609,11,9,2019,5,18,4,3,6,2,0,0,1,1,0,0,0,0,802309,9897,5825530,661,13,45414,52,49594
194610,11,7,2019,5,14,4,3,6,7,0,1,0,1,0,0,0,0,797855,421,5821652,3,13,38525,52,46362
194611,11,4,2019,5,13,4,3,5,2,0,0,1,0,1,0,0,0,791577,9677,5824878,875,13,29594,52,49594
194612,11,6,2019,5,13,4,3,1,5,0,1,1,0,0,0,1,0,792269,5007,5820610,285,13,30236,52,4573
194613,11,5,2019,5,12,4,3,2,2,0,0,1,0,1,0,0,0,787665,754,5829975,328,13,24287,52,54371
194614,11,4,2019,5,12,4,3,3,6,0,1,1,0,0,0,0,0,792661,1466,5827139,968,13,31384,52,51563
194615,11,2,2019,5,17,4,3,5,2,0,0,1,0,1,0,0,0,798718,12,5825880,516,13,40171,52,50105
194616,11,8,2019,5,12,4,3,5,3,0,0,1,0,0,0,0,0,801478,55,5817971,456,13,43511,52,42865
194617,11,12,2019,5,12,4,3,5,3,0,1,1,0,0,0,0,0,790579,8,5839713,713,13,29426,52,62946
194618,11,4,2019,5,15,4,3,0,2,0,0,1,0,0,0,1,0,793503,5733,5825309,422,13,32461,52,49876
194619,11,4,2019,5,15,4,3,0,6,0,1,1,0,0,0,0,0,793303,783,5823754,17,13,32029,52,48493
194620,11,10,2019,5,16,4,3,2,1,0,0,1,0,0,0,0,0,810512,3879,5827974,251,13,57686,52,51323
194621,11,2,2019,5,10,4,3,0,1,0,0,0,0,1,0,0,1,799282,541,5826219,366,13,4103,52,50378
194622,11,12,2019,4,17,3,3,5,3,0,1,1,0,0,0,0,0,790967,1499,5834529,37,13,29542,52,58278
194623,11,7,2019,4,6,3,2,5,3,0,0,1,0,1,0,0,0,796332,2021,5825092,714,13,36596,52,49529
194624,11,1,2019,4,9,3,3,2,2,0,0,1,0,0,0,0,0,797179,4009,5831917,919,13,3845,52,55601
194625,11,9,2019,4,15,3,3,6,6,0,1,0,1,0,0,0,0,808562,4573,5819104,777,13,54001,52,43485
194626,11,2,2019,4,17,3,3,1,5,0,0,1,0,1,0,0,0,799852,1146,5825823,338,13,41831,52,49992
194627,11,1,2019,4,7,3,3,2,6,1,0,1,0,0,0,0,0,793878,4,5830231,523,13,33445,52,54269
194628,11,9,2019,4,23,3,3,5,3,2,0,1,0,1,0,0,0,807417,875,5818311,38,13,52249,52,42839
194629,11,1,2019,4,15,3,2,5,2,0,0,0,0,1,0,1,0,796634,192,5829789,723,13,37458,52,53723
194630,11,1,2019,4,15,3,3,3,6,0,1,1,0,0,0,0,0,796919,9784,5831542,388,13,38035,52,55279
194631,11,9,2019,4,15,3,3,5,3,0,1,1,0,0,0,0,0,806015,4078,5820102,357,13,50358,52,44523
194632,11,7,2019,4,15,3,3,5,3,0,1,0,0,0,0,1,0,797146,8825,5823822,619,13,37679,52,48347
194633,11,7,2019,4,15,3,3,5,3,0,1,1,0,0,0,0,0,793747,1463,5821713,614,13,32501,52,4664
194634,11,4,2019,4,15,3,2,5,7,0,1,1,0,0,0,0,0,790410,8026,5825382,653,13,27924,52,50108
194635,11,2,2019,4,15,3,2,5,2,0,1,1,0,0,0,0,0,798680,182,5826445,145,13,40165,52,50614