OBJECTID,LAND,BEZ,UJAHR,UMONAT,USTUNDE,UWOCHENTAG,UKATEGORIE,UART,UTYP1,ULICHTVERH,IstRad,IstPKW,IstFuss,IstKrad,IstGkfz,IstSonstige,USTRZUSTAND,LINREFX,LINREFY,XGCSWGS84,YGCSWGS84,,,,
194636,11,1,2019,4,15,3,2,5,7,0,0,1,0,1,0,0,0,794854,6689,5828992,144,13,34771,52,53105
194637,11,2,2019,4,14,3,3,5,3,0,1,1,0,0,0,0,0,798514,8682,5826169,425,13,39898,52,50376
194638,11,1,2019,4,14,3,3,5,2,0,1,0,0,0,1,0,0,793408,2861,5829078,436,13,32653,52,5326
194639,11,10,2019,4,14,3,3,3,6,0,1,0,0,0,0,1,0,813212,9248,5825316,6,13,61403,52,48788
194640,11,4,2019,4,15,3,3,1,5,0,0,1,0,0,0,0,0,791051,6605,5826351,101,13,2895,52,50942
194641,11,7,2019,4,13,3,3,5,7,0,1,1,0,0,0,0,0,795707,2049,5824041,262,13,35585,52,48621
194642,11,4,2019,4,11,3,3,5,2,0,1,1,0,0,0,0,0,792891,6925,5824757,108,13,31513,52,49414
194643,11,9,2019,4,6,3,3,5,7,0,0,1,0,0,1,0,0,806236,26,5822494,19,13,50901,52,46654
194644,11,3,2019,5,18,5,3,2,6,0,0,1,0,0,0,0,0,800925,6469,5831198,171,13,43894,52,5475
194645,11,10,2019,4,6,3,3,1,5,0,0,1,0,0,1,0,0,807447,93,5830728,883,13,53438,52,53966
194646,11,5,2019,4,6,3,3,5,3,0,0,1,0,0,0,0,0,787269,2566,5830242,612,13,23728,52,54631
194647,11,7,2019,5,18,5,3,5,3,0,0,1,0,0,0,0,0,797929,7911,5818556,127,13,38359,52,43583
194648,11,3,2019,5,14,5,3,5,3,0,1,0,0,0,0,0,1,798836,454,5831456,127,13,40845,52,55097
194649,11,1,2019,4,6,3,3,2,6,0,0,1,0,0,0,0,0,796543,9255,5831927,801,13,37516,52,55645
194650,11,10,2019,5,14,5,2,2,6,0,0,1,0,0,0,0,1,809588,9,5828534,85,13,5638,52,51878
194651,11,11,2019,5,14,5,3,5,3,0,1,1,0,0,0,0,1,806449,4155,5826869,53,13,51616,52,50563
194652,11,6,2019,5,16,6,3,1,5,0,1,1,0,0,0,0,0,793574,2415,5820963,488,13,32182,52,45977
194653,11,11,2019,5,16,6,3,2,2,0,0,0,0,1,0,1,0,802427,995,5828890,968,13,45893,52,52599
194654,11,2,2019,5,16,6,3,2,6,0,0,1,0,1,0,0,0,800168,844,5827328,842,13,42432,52,51324
194655,11,12,2019,5,15,6,2,2,6,0,0,1,0,0,0,0,0,791191,5785,5830904,403,13,29554,52,55016
194656,11,1,2019,5,15,6,3,1,5,0,1,1,0,0,0,0,0,797040,27,5828398,904,13,37931,52,52455
194657,11,5,2019,5,15,6,3,5,2,0,0,1,0,1,0,0,0,783507,6076,5822041,799,13,17497,52,47475
194658,11,2,2019,5,15,6,3,2,6,0,0,1,0,0,0,1,0,798083,715,5826489,931,13,39292,52,50686
194659,11,11,2019,5,13,6,3,5,2,0,0,0,0,0,1,1,0,803007,8226,5830784,44,13,46918,52,54264
194660,11,4,2019,5,13,6,2,5,2,0,1,1,0,0,0,0,0,793633,6498,5824865,512,13,32612,52,49472
194661,11,1,2019,5,13,6,3,0,5,0,1,0,0,0,0,1,0,797752,4679,5828802,39,13,39014,52,52777
194662,11,2,2019,5,13,6,3,5,3,0,0,1,0,0,0,0,0,799704,9067,5826006,481,13,41631,52,50164
194663,11,11,2019,5,12,6,3,3,6,0,1,0,0,0,0,1,0,803275,6778,5826146,86,13,46889,52,50092
194664,11,9,2019,5,11,6,3,0,3,0,0,1,0,0,0,1,0,808740,2692,5818502,998,13,54206,52,42936
194665,11,9,2019,5,9,5,3,3,6,0,1,0,0,0,0,1,0,801672,6423,5825161,335,13,44445,52,49298
194666,11,6,2019,5,20,5,3,2,6,1,0,1,0,0,0,0,0,793196,7893,5819819,793,13,31527,52,44972
194667,11,5,2019,5,19,5,3,5,2,0,0,1,0,0,0,0,1,789675,18,5829301,72,13,27184,52,5366
194668,11,1,2019,5,19,5,3,5,3,0,1,1,0,0,0,0,1,795774,917,5829084,13,13,36132,52,53137
194669,11,1,2019,5,19,5,3,2,6,0,0,1,0,0,0,0,1,795770,8142,5831869,86,13,36374,52,55634
194670,11,12,2019,5,23,5,3,0,1,2,0,0,0,1,0,0,1,791164,151,5834024,744,13,29788,52,57815
194671,11,6,2019,5,8,5,3,0,1,0,0,0,0,0,0,1,1,792720,5039,5816241,39,13,30515,52,41789
194672,11,5,2019,5,12,5,3,2,4,0,0,1,1,0,0,0,1,784885,3067,5830156,404,13,20215,52,54679
194673,11,4,2019,5,12,5,3,2,6,0,0,1,0,0,1,0,1,790563,8669,5825419,472,13,28152,52,50132
194674,11,6,2019,5,12,5,3,6,2,0,0,0,1,0,0,1,1,793052,7272,5816371,776,13,31014,52,41888
194675,11,2,2019,5,11,5,3,5,3,0,0,1,0,0,0,0,1,798538,9619,5825340,119,13,39859,52,49631
194676,11,10,2019,5,10,5,3,6,2,0,0,1,1,0,0,0,1,809190,2108,5830208,994,13,55952,52,53401
194677,11,2,2019,5,10,5,3,0,2,0,0,1,0,0,0,1,1,802039,4521,5827167,37,13,45166,52,51076
194678,11,2,2019,5,10,5,3,2,6,0,0,0,0,0,0,1,1,800870,9334,5826856,409,13,43421,52,50862
194679,11,2,2019,5,9,5,3,5,3,0,1,1,0,0,0,0,1,801108,4021,5827043,87,13,43787,52,51017
194680,11,2,2019,5,9,5,3,5,3,0,0,1,0,1,0,0,1,800625,1704,5825680,819,13,42954,52,49822
194681,11,12,2019,5,9,5,3,5,3,0,0,1,0,0,0,0,1,796741,1278,5833529,995,13,3795,52,5707
194682,11,2,2019,5,8,5,3,2,6,0,0,1,0,0,0,0,1,798501,383,5825362,595,13,39806,52,49653
194683,11,1,2019,5,8,5,3,5,2,0,0,1,0,0,0,0,1,796695,7454,5831632,59,13,37713,52,55371
194684,11,2,2019,5,8,5,2,5,2,0,0,1,0,1,0,0,1,802768,3787,5827684,86,13,46283,52,51499
194685,11,3,2019,5,8,5,3,4,6,0,0,1,0,0,1,0,1,800997,7698,5833690,921,13,44226,52,56981
194686,11,7,2019,5,6,5,3,6,2,0,0,1,1,0,0,0,1,797506,2777,5819279,941,13,37802,52,44255
194687,11,4,2019,5,5,5,2,1,1,1,0,1,0,0,0,0,1,793593,1639,5827840,79,13,32815,52,5214
194688,11,11,2019,5,2,5,2,6,4,2,0,0,1,0,1,0,1,803909,919,5828257,616,13,48013,52,51949
194689,11,6,2019,5,17,5,2,6,4,0,0,1,1,0,0,0,0,795273,5393,5818159,212,13,34428,52,43371
194690,11,3,2019,5,17,5,3,2,6,0,0,1,0,1,0,0,1,799571,5765,5828972,39,13,41703,52,5283
194691,11,5,2019,5,13,5,3,1,5,0,1,1,0,0,0,0,1,785642,3046,5828568,896,13,21192,52,53216
194692,11,11,2019,5,17,5,2,1,5,0,1,1,0,0,0,0,0,805966,5069,5825290,122,13,50762,52,49175
194693,11,2,2019,5,17,5,3,1,5,0,1,1,0,0,0,0,0,801778,8935,5825794,152,13,44658,52,4986
194694,11,2,2019,5,16,5,3,0,2,0,0,0,0,1,0,1,1,802768,38,5827682,907,13,46283,52,51498
194695,11,1,2019,5,16,5,3,6,4,0,0,1,1,0,0,0,1,796836,4116,5831496,938,13,37908,52,55243
194696,11,1,2019,5,15,5,3,6,2,0,0,1,1,0,0,0,1,797253,17,5827355,928,13,38151,52,51508
194697,11,3,2019,5,15,5,3,1,5,0,1,1,0,0,0,0,1,799611,6666,5832084,792,13,42042,52,55618
194698,11,4,2019,5,15,5,3,5,5,0,0,0,0,1,0,1,1,793453,4467,5826556,98,13,32497,52,50997
194699,11,12,2019,5,15,5,2,0,1,0,0,0,0,1,0,0,1,793134,2464,5835277,916,13,32798,52,58833
194700,11,7,2019,5,14,5,3,2,6,0,0,1,0,0,0,0,1,797244,3536,5820762,254,13,3755,52,45598
194701,11,1,2019,5,14,5,3,2,6,0,0,1,0,0,0,0,1,797036,1036,5831894,135,13,38237,52,55588
194702,11,10,2019,5,10,4,3,2,6,0,0,1,0,0,0,0,0,809906,7119,5831576,953,13,57132,52,54586
194703,11,4,2019,5,10,4,2,5,3,0,0,1,0,1,0,0,0,789829,513,5826308,723,13,2715,52,50969
194704,11,7,2019,5,11,4,3,5,2,0,1,1,0,0,0,0,0,800108,112,5821434,533,13,41812,52,46044
194705,11,1,2019,5,12,4,3,5,3,0,1,1,0,0,0,0,0,799139,8896,5827828,865,13,40965,52,51829
194706,11,3,2019,5,14,4,3,2,6,0,0,0,0,0,1,1,0,799036,172,5830376,173,13,41042,52,54118
194707,11,9,2019,5,14,4,3,5,3,0,1,1,0,0,0,0,1,811115,3389,5822357,823,13,58047,52,46256
194708,11,5,2019,5,15,4,3,1,5,0,1,1,0,0,0,0,0,782063,847,5830186,162,13,16068,52,54853
194709,11,5,2019,5,16,4,3,5,3,0,1,1,0,0,0,0,0,784596,4003,5827970,939,13,19603,52,52735
194710,11,4,2019,5,16,4,3,2,6,0,0,1,0,0,0,0,0,790895,9026,5824758,164,13,28582,52,49522
194711,11,5,2019,5,16,4,3,2,6,0,0,1,0,0,0,0,0,779568,472,5827837,31,13,12199,52,52875
194712,11,1,2019,5,17,4,3,1,5,0,1,1,0,0,0,0,0,798870,2126,5826660,16,13,40464,52,50796
194713,11,4,2019,5,17,4,3,2,6,0,0,1,0,0,0,0,0,790747,6763,5827375,957,13,28593,52,51877
194714,11,10,2019,5,18,4,3,5,3,0,1,1,0,0,0,0,0,812010,4005,5830589,949,13,60132,52,53582
194715,11,10,2019,5,15,4,2,6,4,0,0,1,1,0,0,0,1,813246,9276,5831036,357,13,61991,52,53911
194716,11,5,2019,5,12,4,3,0,5,0,0,1,0,0,0,1,0,780159,733,5828726,952,13,13144,52,53642
194717,11,4,2019,5,17,4,3,2,6,0,0,1,0,0,0,0,0,791929,9608,5826205,316,13,30228,52,50764
194718,11,1,2019,5,10,4,3,2,6,0,0,1,0,0,0,0,0,794775,114,5826232,823,13,3441,52,50636
194719,11,3,2019,5,10,4,3,2,2,0,0,0,0,1,0,0,0,798656,8318,5831793,983,13,40612,52,55409
194720,11,4,2019,5,9,4,2,6,7,0,0,1,1,0,0,0,0,791967,817,5825240,483,13,30197,52,49897
194721,11,1,2019,5,9,4,3,5,3,0,1,1,0,0,0,0,0,794797,2141,5828309,441,13,34626,52,52496
194722,11,2,2019,5,9,4,3,5,2,0,1,1,0,0,0,0,0,798797,741,5824935,578,13,40203,52,49254
194723,11,1,2019,5,9,4,3,2,6,0,1,0,0,0,0,0,0,800138,224,5827373,49,13,42391,52,51366
194724,11,4,2019,5,9,4,3,3,6,0,0,1,0,0,0,0,0,790492,6671,5826677,484,13,28157,52,51264
194725,11,2,2019,5,9,4,3,2,2,0,0,1,0,0,0,0,0,797781,5727,5824941,956,13,38711,52,49315
194726,11,4,2019,5,22,4,3,0,2,2,0,1,0,1,0,0,0,791964,814,5825257,345,13,30195,52,49912
194727,11,1,2019,5,8,4,3,2,3,0,1,1,0,0,0,0,0,797765,4326,5827448,796,13,38912,52,51563
194728,11,2,2019,5,8,4,3,6,2,0,0,0,1,0,0,1,0,799593,2433,5825828,281,13,41451,52,50011
194729,11,12,2019,5,8,4,3,5,3,0,1,1,0,0,0,0,0,791374,32,5833124,802,13,30018,52,56997
194730,11,11,2019,5,8,4,3,1,5,0,1,1,0,0,0,0,0,803824,3205,5828349,301,13,47895,52,52036
194731,11,7,2019,5,7,4,3,5,3,0,1,1,0,0,0,0,0,794798,2513,5823734,554,13,34223,52,48395
194732,11,9,2019,5,7,4,3,6,4,0,0,1,1,0,0,0,0,808552,9596,5819121,429,13,53989,52,43501
194733,11,1,2019,5,21,4,3,8,1,2,0,1,0,0,0,0,1,796744,552,5830484,306,13,37682,52,5434
194734,11,8,2019,5,7,4,3,6,4,0,0,1,1,0,0,0,0,801794,426,5823034,397,13,44431,52,47385
194735,11,9,2019,5,7,4,3,5,3,0,0,1,0,1,0,0,0,810473,7888,5820264,69,13,56912,52,44416
194736,11,5,2019,5,7,4,2,5,2,0,1,1,0,0,0,0,0,786719,5581,5828213,484,13,22745,52,52841
194737,11,5,2019,5,6,4,3,2,6,0,0,1,0,0,0,0,0,789773,6498,5829265,461,13,27326,52,53622
194738,11,4,2019,5,18,4,3,5,2,0,1,1,0,0,0,0,1,793474,2577,5824732,169,13,32367,52,49361
194739,11,9,2019,5,7,3,3,4,6,0,1,0,0,0,0,0,0,811048,5536,5816925,14,13,57444,52,41391
194740,11,11,2019,5,6,3,3,5,2,0,1,1,0,0,0,0,0,803330,1831,5830082,83,13,47328,52,53617
194741,11,4,2019,5,18,3,3,5,2,0,0,1,0,0,0,0,0,793343,8697,5823071,599,13,32029,52,47879
194742,11,9,2019,5,17,3,3,6,4,0,0,1,1,0,0,0,0,810657,4944,5821080,43,13,57257,52,45137
194743,11,12,2019,5,16,3,3,6,2,0,0,1,1,0,0,0,0,792284,5413,5833928,505,13,31428,52,57669
194744,11,1,2019,5,16,3,2,6,4,0,0,1,1,0,0,0,0,796442,1858,5832092,99,13,37382,52,55798
194745,11,5,2019,5,5,3,3,5,2,0,1,1,0,0,0,0,0,786252,1905,5829129,244,13,22137,52,53686
194746,11,5,2019,5,19,3,3,5,3,0,0,1,0,0,0,0,0,782800,1153,5830384,756,13,17167,52,54992
194747,11,5,2019,5,16,3,2,5,7,0,0,1,0,0,1,0,0,787999,8715,5830187,348,13,24798,52,54543
194748,11,1,2019,5,17,3,3,8,1,0,0,1,0,0,0,0,0,797576,7802,5828569,24,13,38735,52,52578
194749,11,1,2019,5,13,3,3,5,2,0,0,1,0,0,0,0,0,796855,324,5830644,512,13,3786,52,54478
194750,11,4,2019,5,22,3,2,6,4,2,0,1,1,0,0,0,0,791174,1439,5824964,605,13,29009,52,49692
194751,11,7,2019,5,13,3,3,5,2,0,1,1,0,0,0,0,0,798861,3012,5813649,347,13,39287,52,39134
194752,11,12,2019,5,13,3,3,5,3,0,1,1,0,0,0,0,0,793826,9076,5836348,108,13,33912,52,59755
194753,11,3,2019,5,13,3,3,5,2,0,1,1,0,0,0,0,0,800190,4756,5830932,505,13,42789,52,54553
194754,11,7,2019,5,11,3,3,5,2,0,1,1,0,0,0,0,0,793989,873,5821548,87,13,32843,52,46479
194755,11,7,2019,5,9,3,3,5,2,0,1,1,0,0,0,0,0,794952,1199,5825645,634,13,34618,52,501
194756,11,11,2019,5,9,3,3,0,7,0,1,0,0,0,0,0,0,807586,926,5824501,725,13,53068,52,48377
194757,11,9,2019,5,15,3,3,0,4,0,0,0,1,0,0,1,0,811257,7372,5820224,523,13,58058,52,44336
194758,11,7,2019,5,9,3,2,5,7,0,0,1,0,0,0,0,0,798347,557,5815900,579,13,38735,52,4118
194759,11,6,2019,5,9,3,3,2,6,0,0,1,0,0,0,0,0,790161,3871,5819797,243,13,27071,52,45113
194760,11,5,2019,5,8,3,3,3,2,0,0,1,0,0,1,0,0,784709,8552,5828610,857,13,19824,52,53302
194761,11,3,2019,5,8,3,3,2,6,0,0,1,0,0,1,0,0,799540,559,5833962,642,13,42107,52,57305
194762,11,7,2019,5,7,3,3,5,2,0,1,0,0,0,0,1,0,797204,5773,5818623,52,13,37301,52,43683
194763,11,5,2019,5,7,3,3,5,7,0,0,1,0,1,0,0,0,784077,5348,5831148,963,13,19112,52,55611
194764,11,3,2019,5,7,3,3,5,3,0,0,1,0,0,0,0,0,799744,2674,5831841,938,13,42215,52,55393
194765,11,9,2019,5,16,3,3,2,6,0,0,1,0,0,0,1,0,808355,907,5819446,392,13,5373,52,43803
194766,11,3,2019,5,16,3,3,5,3,0,1,1,0,0,0,0,0,799127,4215,5830556,244,13,41192,52,54274
194767,11,3,2019,5,16,3,3,5,3,0,1,1,0,0,0,0,0,800085,705,5831671,197,13,42702,52,55221
194768,11,8,2019,5,15,3,3,2,6,0,0,1,0,0,0,0,0,805300,9048,5818198,645,13,49136,52,42856
194769,11,2,2019,5,15,3,3,1,5,0,1,1,0,0,0,0,0,800891,5997,5826110,274,13,43384,52,50192
194770,11,7,2019,5,15,3,3,1,5,0,1,0,0,0,0,1,0,797208,1037,5821393,361,13,37553,52,46166
194771,11,1,2019,5,11,3,3,5,3,0,1,0,0,1,0,0,0,795211,2,5828229,304,13,35227,52,52402
194772,11,8,2019,5,11,3,3,0,6,0,1,0,0,0,0,1,0,800997,7986,5822176,36,13,43184,52,4666
194773,11,10,2019,5,14,2,3,5,3,0,0,1,0,0,0,0,0,810011,6813,5832304,951,13,57354,52,55233
194774,11,2,2019,5,16,2,3,6,7,0,1,0,1,0,0,0,0,798629,4544,5825311,279,13,39989,52,496
194775,11,3,2019,5,12,2,3,1,5,0,1,1,0,0,0,0,0,802801,5972,5828576,123,13,46413,52,52296
194776,11,7,2019,5,9,2,2,0,5,0,0,1,0,0,0,1,0,796117,279,5815936,531,13,35468,52,41333
194777,11,11,2019,5,15,2,3,5,3,0,1,1,0,0,0,0,0,805491,9218,5827157,94,13,50236,52,50875
194778,11,5,2019,5,11,2,2,0,1,0,0,1,0,1,0,0,0,783447,9605,5826733,803,13,17809,52,51685
194779,11,1,2019,5,9,2,3,3,6,0,1,0,0,0,0,0,0,799107,9376,5827140,17,13,40856,52,51213
194780,11,2,2019,5,15,2,3,5,3,0,0,1,0,0,0,0,0,800591,8972,5827048,699,13,43028,52,5105
194781,11,11,2019,5,15,2,3,6,7,0,0,0,1,1,0,0,0,806791,6013,5833787,367,13,52757,52,56744
194782,11,3,2019,5,14,2,3,2,2,0,1,1,0,0,0,0,0,801740,3856,5829170,432,13,44908,52,52888
194783,11,11,2019,5,14,2,3,5,2,0,1,1,0,0,0,0,0,806996,9693,5825780,863,13,5232,52,49557
194784,11,11,2019,5,14,2,2,5,7,0,0,1,0,0,0,1,0,806701,7124,5826903,615,13,5199,52,5058
194785,11,5,2019,5,14,2,3,5,3,0,1,1,0,0,0,0,0,788963,6388,5829790,687,13,26181,52,54136
194786,11,8,2019,5,13,2,3,2,6,0,0,1,0,0,0,0,0,804076,24,5819258,85,13,47436,52,43875
194787,11,2,2019,5,11,2,3,5,2,0,0,1,0,1,0,0,0,801701,6579,5825858,233,13,44551,52,49921
194788,11,1,2019,5,10,2,3,2,2,0,1,1,0,0,0,0,0,796636,2115,5829797,861,13,37462,52,53731
194789,11,10,2019,5,9,2,3,2,6,0,0,1,0,0,0,0,0,809391,801,5831416,355,13,5636,52,54472
194790,11,8,2019,5,10,2,3,0,1,0,0,0,0,1,0,0,0,801105,6963,5824045,46,13,43512,52,48329
194791,11,1,2019,5,9,2,2,5,2,0,1,0,0,0,1,0,0,799108,7869,5828466,4,13,40977,52,52402
194792,11,11,2019,5,15,2,3,5,3,0,0,1,0,0,0,0,0,804696,1207,5830719,916,13,49394,52,54112
194793,11,9,2019,5,14,2,3,8,1,0,0,1,0,0,0,0,0,811809,5241,5818140,945,13,58672,52,42437
194794,11,2,2019,5,8,2,2,5,2,0,1,1,0,0,0,0,0,800949,2019,5825524,498,13,43415,52,49664
194795,11,1,2019,5,8,2,3,1,5,0,1,1,0,0,0,1,0,798538,8936,5826790,929,13,39989,52,50931
194796,11,7,2019,5,8,2,2,6,4,0,0,0,1,1,0,0,0,795199,5541,5825605,528,13,34978,52,5005
194797,11,6,2019,5,8,2,3,2,7,0,0,1,0,1,1,0,0,794997,2999,5821377,3,13,34307,52,46271
194798,11,9,2019,5,8,2,3,5,2,0,1,0,0,0,1,0,0,810277,4531,5818053,555,13,56418,52,42446
194799,11,6,2019,5,7,2,3,0,1,0,0,0,0,1,0,0,0,790682,2482,5821048,534,13,27945,52,46208
194800,11,4,2019,5,7,2,3,5,3,0,0,1,0,1,0,0,0,793085,124,5822780,311,13,31623,52,47632
194801,11,7,2019,5,12,2,3,5,3,0,1,1,0,0,0,0,0,798071,4168,5814690,199,13,38222,52,4011
194802,11,2,2019,5,20,2,3,5,3,0,0,1,0,0,0,1,0,803201,5498,5827260,878,13,46881,52,51095
194803,11,7,2019,5,19,2,3,1,1,0,0,1,0,0,0,0,0,797746,1973,5820398,892,13,38254,52,45245
194804,11,12,2019,5,18,2,3,2,6,0,0,1,0,0,0,0,0,793511,6257,5832411,789,13,33099,52,56243
194805,11,12,2019,5,18,2,2,6,4,1,0,1,1,0,0,0,0,792727,349,5833871,973,13,32075,52,57594
194806,11,4,2019,5,18,2,3,6,7,0,0,1,1,0,0,0,0,792695,8545,5823099,215,13,3108,52,47938
194807,11,10,2019,5,17,2,3,5,3,0,1,1,0,0,0,0,0,811770,6273,5831763,74,13,59889,52,54647
194808,11,1,2019,5,17,2,3,1,5,0,1,0,0,0,0,1,0,799528,6038,5826741,844,13,41439,52,50833
194809,11,5,2019,5,16,2,2,6,4,0,0,1,1,0,0,0,0,784521,2249,5828650,413,13,1955,52,53348
194810,11,2,2019,5,16,2,3,5,3,0,0,1,0,0,0,1,0,801772,1931,5828665,675,13,44909,52,52434
194811,11,9,2019,5,15,2,3,5,2,0,1,0,0,0,0,1,0,802327,5175,5825309,564,13,4542,52,49395
194812,11,1,2019,5,13,2,3,5,3,0,1,1,0,0,0,0,0,799698,2284,5827210,26,13,4173,52,51243
194813,11,5,2019,5,12,2,3,3,3,0,0,1,0,0,0,0,0,782558,6477,5830463,657,13,16819,52,55076
194814,11,8,2019,5,20,1,3,0,7,1,1,1,0,0,0,0,0,803014,658,5823520,194,13,46266,52,47753
194815,11,4,2019,5,19,1,3,1,7,0,1,1,0,0,0,0,0,791849,4621,5825196,742,13,30021,52,49864
194816,11,6,2019,5,18,1,3,5,7,0,0,1,0,1,0,0,0,793003,9873,5817867,185,13,31073,52,43232
194817,11,7,2019,5,17,1,3,5,2,0,1,1,0,0,0,0,0,795448,8276,5825344,347,13,35321,52,49803
194818,11,6,2019,5,17,1,3,1,5,0,1,1,0,0,0,0,0,792860,1046,5815408,961,13,30647,52,41035
194819,11,9,2019,5,16,1,3,6,7,0,0,0,1,1,0,0,0,814080,546,5821883,941,13,62352,52,45662
194820,11,9,2019,5,16,1,3,5,2,0,1,1,0,0,0,0,0,810635,8732,5821048,723,13,57222,52,4511
194821,11,3,2019,5,16,1,3,2,6,0,0,1,0,1,0,0,0,800275,4868,5831605,725,13,42975,52,55152
194822,11,6,2019,5,16,1,3,5,3,0,0,1,0,0,0,0,0,787738,5978,5818260,43,13,23384,52,43864
194823,11,6,2019,5,12,1,3,1,7,0,1,1,0,0,0,0,0,793062,9022,5818173,343,13,31186,52,43503
194824,11,10,2019,5,15,1,3,5,2,0,0,1,0,0,0,0,0,812579,558,5830318,931,13,60943,52,53306
194825,11,9,2019,5,14,1,3,3,6,0,0,1,0,0,0,0,0,811720,8954,5823293,614,13,59023,52,4706
194826,11,3,2019,5,12,1,3,0,3,0,1,1,0,0,0,0,0,801627,5346,5836352,235,13,45395,52,59331
194827,11,8,2019,5,16,1,3,3,6,0,1,1,0,0,0,0,0,801054,61,5824921,287,13,43515,52,49117
194828,11,1,2019,5,11,1,2,5,7,0,0,1,0,1,0,0,0,793541,291,5829060,8,13,32846,52,53237
194829,11,2,2019,5,9,1,3,4,6,0,1,0,0,0,0,0,0,797613,1853,5824984,564,13,38468,52,49363
194830,11,4,2019,5,10,1,2,5,2,0,0,1,0,0,0,0,0,790387,6752,5825674,979,13,27915,52,50371
194831,11,2,2019,5,13,1,3,6,4,0,1,0,1,0,0,0,0,800201,2074,5824411,83,13,42217,52,48708
194832,11,1,2019,5,13,1,3,2,2,0,1,1,0,0,0,0,0,797590,3553,5828353,179,13,38735,52,52384
194833,11,9,2019,5,10,1,3,5,2,0,0,1,0,0,0,1,0,809391,89,5821482,711,13,55438,52,4557
194834,11,8,2019,5,4,1,3,5,7,1,0,1,0,0,0,0,1,800675,26,5824113,57,13,42885,52,48414
194835,11,9,2019,5,20,1,3,0,7,0,0,1,0,0,0,0,0,802657,2975,5824431,568,13,45825,52,4859
194836,11,12,2019,5,19,1,2,5,3,0,0,1,0,0,0,0,0,795259,8949,5836637,935,13,36048,52,59937
194837,11,7,2019,5,12,7,3,5,3,0,1,0,0,0,0,1,0,795000,7494,5823312,432,13,34483,52,48006
194838,11,5,2019,5,18,1,3,5,3,0,0,1,0,1,0,0,0,781738,1891,5828424,998,13,15439,52,5329
194839,11,1,2019,5,14,7,3,6,2,0,0,1,1,0,0,0,0,794612,8561,5831374,565,13,34627,52,55254
194840,11,4,2019,5,18,1,2,2,6,0,0,1,0,0,0,0,0,794205,5548,5826084,382,13,3356,52,50533
194841,11,5,2019,5,17,1,2,6,4,0,0,1,1,0,0,0,0,785595,3343,5832202,449,13,21435,52,56476
194842,11,1,2019,5,11,7,3,3,6,0,1,0,0,0,0,0,0,794318,25,5828450,573,13,33935,52,52648
194843,11,4,2019,5,16,1,3,1,5,0,0,1,0,0,0,0,0,790964,741,5823218,889,13,28549,52,48138
194844,11,1,2019,5,17,1,2,5,2,0,0,1,0,0,0,1,0,795663,6242,5829738,909,13,36027,52,53731
194845,11,5,2019,5,12,7,3,2,7,0,0,1,0,0,0,0,0,784573,7714,5828437,344,13,19609,52,53154
194846,11,8,2019,5,16,1,3,0,1,0,0,0,0,1,0,0,1,800881,7321,5824265,286,13,43203,52,48539
194847,11,11,2019,5,17,7,2,0,1,0,0,0,0,1,0,0,1,803239,8134,5829620,784,13,47153,52,53208
194848,11,9,2019,5,16,1,2,5,3,0,1,1,0,0,0,0,0,818930,6181,5820234,175,13,6931,52,43903
194849,11,1,2019,5,16,1,3,3,6,0,1,1,0,0,0,0,0,798211,6395,5829356,587,13,39738,52,53249
194850,11,6,2019,5,23,7,3,5,2,2,0,1,0,0,0,0,0,794871,372,5817933,697,13,33818,52,43191
194851,11,5,2019,5,19,7,3,5,2,0,0,1,0,0,0,0,1,784356,7062,5830003,74,13,19424,52,54569
194852,11,6,2019,5,16,1,3,0,1,0,0,1,0,1,0,0,1,795155,4358,5818833,71,13,34314,52,43982
194853,11,1,2019,5,15,1,3,5,2,0,1,1,0,0,0,0,0,795703,8228,5828178,73,13,35947,52,52329
194854,11,5,2019,5,18,7,3,5,3,1,0,1,0,0,0,0,1,782606,1708,5827484,517,13,16636,52,52402
194855,11,6,2019,5,13,1,3,1,5,0,1,1,0,0,0,0,0,786758,5891,5817508,623,13,21881,52,43241
194856,11,2,2019,5,18,7,3,5,2,0,1,1,0,0,0,0,1,800634,9945,5825676,122,13,42968,52,49817
194857,11,3,2019,5,12,7,3,5,3,0,1,1,0,0,0,0,0,799917,928,5837070,13,13,42944,52,60069
194858,11,6,2019,5,13,1,3,0,3,0,0,1,0,1,0,0,0,782753,228,5815836,286,13,15864,52,4195
194859,11,5,2019,5,12,1,3,0,2,0,0,1,0,1,0,0,0,782360,4733,5830492,369,13,1653,52,55112
194860,11,5,2019,5,11,7,3,5,2,0,0,1,0,0,0,0,0,783575,2,5830201,53,13,18292,52,54787
194861,11,1,2019,5,11,1,3,2,6,0,0,1,0,0,0,0,0,796631,4743,5826181,262,13,37132,52,50489
194862,11,4,2019,5,12,7,3,5,2,0,1,1,0,0,0,0,0,790488,5731,5826704,84,13,28153,52,51289
194863,11,3,2019,5,11,1,2,1,5,0,1,1,0,0,0,0,0,803031,6796,5838268,828,13,47637,52,60971
194864,11,4,2019,5,20,7,3,5,2,0,0,1,0,1,0,0,1,793485,8797,5827580,173,13,32635,52,51913
194865,11,4,2019,5,9,1,3,5,2,0,1,1,0,0,0,0,0,792719,6214,5826110,195,13,31379,52,50636
194866,11,6,2019,5,13,7,3,5,3,0,1,0,0,0,0,0,0,793245,6077,5817229,265,13,31372,52,42647