OBJECTID,LAND,BEZ,UJAHR,UMONAT,USTUNDE,UWOCHENTAG,UKATEGORIE,UART,UTYP1,ULICHTVERH,IstRad,IstPKW,IstFuss,IstKrad,IstGkfz,IstSonstige,USTRZUSTAND,LINREFX,LINREFY,XGCSWGS84,YGCSWGS84,,,,
195561,11,3,2019,6,12,6,2,1,1,0,0,1,0,0,0,1,0,801589,5728,5831780,427,13,44923,52,55236
195562,11,1,2019,6,23,7,2,0,1,2,1,0,0,0,0,0,0,798496,293,5828386,934,13,4007,52,52364
195563,11,2,2019,6,17,6,3,5,3,0,0,1,0,0,0,0,0,798411,8411,5825784,562,13,39712,52,50036
195564,11,8,2019,6,9,7,3,5,7,0,0,1,0,0,0,0,0,802374,663,5819912,366,13,45,52,44555
195565,11,1,2019,6,9,7,2,5,2,0,1,0,0,0,1,0,0,798071,6509,5829988,77,13,39589,52,53823
195566,11,8,2019,6,15,6,3,6,2,0,0,1,1,0,0,0,0,800651,7363,5823014,231,13,42752,52,4743
195567,11,4,2019,5,5,6,3,5,2,0,1,1,0,0,0,0,0,791762,2535,5824375,355,13,29821,52,49132
195568,11,3,2019,5,7,6,3,5,3,0,0,1,0,1,0,0,0,800994,2425,5831899,738,13,44059,52,55376
195569,11,2,2019,6,23,6,2,5,3,2,0,1,0,0,0,0,0,798531,8039,5826271,364,13,39932,52,50466
195570,11,4,2019,5,9,6,3,5,2,0,1,1,0,0,0,0,0,792326,574,5828251,913,13,30989,52,52578
195571,11,11,2019,6,15,6,3,5,2,0,0,1,0,1,0,0,0,807931,2058,5833796,26,13,54434,52,56687
195572,11,4,2019,5,9,6,3,5,2,0,0,1,0,0,0,0,0,791916,419,5826239,76,13,3021,52,50795
195573,11,7,2019,5,15,6,3,2,6,0,0,1,0,0,0,0,0,799139,9432,5819915,761,13,40255,52,44736
195574,11,7,2019,6,11,6,3,1,5,0,1,1,0,0,0,1,0,797853,1267,5819621,187,13,38341,52,44542
195575,11,3,2019,6,11,6,3,2,1,0,0,1,0,0,0,0,0,801160,4459,5831611,249,13,44277,52,55108
195576,11,12,2019,5,15,6,3,5,3,0,0,1,0,0,0,0,0,792601,3061,5833665,675,13,31871,52,57416
195577,11,7,2019,5,15,6,3,5,2,0,1,1,0,0,0,0,0,797748,2126,5822532,304,13,38447,52,47157
195578,11,4,2019,6,18,6,3,0,7,0,1,0,0,0,0,0,0,791296,1495,5827183,946,13,29382,52,51675
195579,11,9,2019,5,13,6,3,5,3,0,1,1,0,0,0,0,0,810544,9155,5815073,19,13,56534,52,3976
195580,11,2,2019,6,10,6,2,6,4,0,1,0,1,0,0,0,0,799774,2389,5825695,517,13,41705,52,49882
195581,11,12,2019,5,13,6,2,5,2,0,0,1,0,0,0,0,0,793186,3101,5832306,134,13,32612,52,56166
195582,11,12,2019,5,16,6,3,5,3,0,0,1,0,0,0,0,0,793845,7033,5836158,9,13,33923,52,59583
195583,11,4,2019,5,17,6,2,2,6,0,0,1,0,0,0,0,0,790383,9967,5829032,405,13,28203,52,53381
195584,11,12,2019,6,15,6,3,1,5,0,0,1,0,0,0,0,0,789775,4404,5839769,236,13,28247,52,63039
195585,11,9,2019,5,17,6,2,5,2,0,1,1,0,0,0,0,0,804483,659,5823234,787,13,48396,52,47416
195586,11,3,2019,6,10,6,3,5,2,0,0,1,0,1,0,0,0,798625,4236,5831114,243,13,40504,52,54802
195587,11,2,2019,5,19,6,3,5,7,0,1,0,0,0,0,1,0,799780,1101,5824852,426,13,41638,52,49126
195588,11,5,2019,6,9,6,3,1,5,0,1,1,0,0,0,1,0,786995,5361,5829344,1,13,23248,52,5384
195589,11,2,2019,5,19,6,3,0,6,0,0,1,0,0,0,1,0,799529,413,5824906,783,13,41275,52,49188
195590,11,2,2019,6,9,6,3,5,3,0,1,1,0,0,0,0,0,799702,925,5826016,308,13,41628,52,50173
195591,11,12,2019,5,20,6,3,5,2,0,0,1,0,0,0,0,1,793277,7366,5832576,995,13,3277,52,56404
195592,11,9,2019,6,15,6,3,5,3,0,1,1,0,0,0,0,0,806460,1913,5820700,254,13,51065,52,45033
195593,11,7,2019,5,21,6,3,2,6,2,0,1,0,0,0,1,1,798915,8768,5821220,273,13,40043,52,45917
195594,11,7,2019,6,15,6,3,1,5,0,1,1,0,0,0,0,0,799689,621,5813178,698,13,40458,52,38667
195595,11,2,2019,5,18,6,3,0,1,0,1,0,0,0,0,0,0,799191,7976,5824231,976,13,40718,52,48602
195596,11,6,2019,5,9,6,3,2,2,0,0,1,0,0,0,1,0,792655,7477,5820908,331,13,30829,52,45977
195597,11,4,2019,6,14,6,3,5,2,0,1,1,0,0,0,0,0,793170,9312,5830158,347,13,32399,52,54241
195598,11,9,2019,5,10,6,3,5,2,0,1,1,0,0,0,0,0,819383,6943,5819909,118,13,69943,52,43585
195599,11,4,2019,6,14,6,3,5,2,0,1,1,0,0,0,0,0,791852,6099,5827431,584,13,30221,52,51867
195600,11,3,2019,5,12,6,3,2,6,0,0,1,0,0,0,0,0,799869,2738,5829787,294,13,42214,52,53544
195601,11,1,2019,5,12,6,3,0,7,0,1,0,0,0,0,1,1,799883,9208,5826480,63,13,41937,52,50579
195602,11,3,2019,6,14,6,2,5,2,0,1,1,0,0,0,0,0,798642,4057,5831469,185,13,40561,52,55119
195603,11,1,2019,5,12,6,3,2,6,0,0,1,0,0,0,0,0,795445,7201,5831557,49,13,35868,52,55373
195604,11,6,2019,6,13,6,3,1,5,0,1,1,0,0,0,0,0,795430,6847,5818542,783,13,34692,52,43707
195605,11,2,2019,5,12,6,3,2,6,0,0,1,0,0,0,1,0,801215,309,5826225,282,13,4387,52,50277
195606,11,6,2019,6,14,6,3,2,6,0,0,1,0,0,1,0,0,790129,1696,5819679,493,13,27014,52,4501
195607,11,1,2019,5,12,6,3,0,7,0,0,0,0,1,0,1,1,799884,913,5826475,448,13,41938,52,50575
195608,11,1,2019,6,10,6,3,2,6,0,0,1,0,0,1,0,0,793964,9749,5830169,605,13,33568,52,54209
195609,11,12,2019,5,23,6,3,2,6,2,0,1,0,0,0,0,1,793941,3213,5835293,842,13,33987,52,58803
195610,11,1,2019,5,21,6,3,0,1,2,0,0,0,1,0,0,1,797011,4463,5828945,174,13,37937,52,52946
195611,11,1,2019,6,8,6,3,1,1,0,0,1,0,0,0,0,0,793989,87,5828215,839,13,3343,52,52456
195612,11,11,2019,6,8,6,1,6,4,0,0,0,1,0,1,0,0,807133,9037,5823935,226,13,52351,52,47895
195613,11,2,2019,5,18,5,3,6,7,0,0,1,1,0,0,0,0,797701,214,5826004,969,13,38688,52,50273
195614,11,8,2019,6,16,5,3,0,2,0,1,0,0,0,0,1,1,802517,8258,5824218,267,13,456,52,48406
195615,11,7,2019,5,18,5,2,5,2,0,0,1,0,1,0,0,0,800164,9566,5814068,965,13,41234,52,39439
195616,11,2,2019,6,18,5,3,3,6,0,1,1,0,0,0,0,0,797760,4877,5826437,829,13,38814,52,50657
195617,11,4,2019,5,17,5,3,6,4,0,0,1,1,0,0,0,0,792980,2962,5822529,243,13,31447,52,47412
195618,11,10,2019,5,17,5,2,5,3,0,1,1,0,0,0,0,0,812267,9107,5830209,467,13,60474,52,53226
195619,11,12,2019,6,15,5,3,2,6,0,0,1,0,0,0,0,0,790646,3225,5834378,22,13,29057,52,5816
195620,11,9,2019,6,7,5,3,5,2,0,1,1,0,0,0,0,0,811004,6205,5820318,672,13,57695,52,44435
195621,11,3,2019,5,16,5,3,5,3,0,0,1,0,0,0,0,0,797239,9163,5835063,787,13,38821,52,58418
195622,11,10,2019,5,16,5,2,5,3,0,1,1,0,0,0,0,0,811909,316,5829755,694,13,59905,52,5284
195623,11,9,2019,6,7,5,3,5,2,0,1,1,0,0,0,0,0,809340,9173,5818506,28,13,55087,52,42905
195624,11,1,2019,5,18,5,3,5,2,0,1,1,0,0,0,0,0,794316,304,5828379,61,13,33926,52,52585
195625,11,5,2019,6,6,5,3,5,3,0,0,1,0,1,0,0,0,785203,8256,5831871,763,13,20831,52,562
195626,11,12,2019,5,16,5,3,0,1,0,1,0,0,0,0,0,0,790567,1911,5841249,854,13,29544,52,64324
195627,11,10,2019,5,16,5,3,5,7,0,0,1,0,0,0,0,0,809347,2347,5834283,652,13,56562,52,57044
195628,11,8,2019,6,6,5,3,5,2,0,1,0,0,1,0,0,0,803180,965,5822713,857,13,46437,52,47021
195629,11,2,2019,5,23,5,2,6,4,2,0,1,1,0,0,0,0,800883,174,5826849,831,13,43438,52,50855
195630,11,1,2019,6,21,5,3,5,7,2,1,1,0,0,0,0,1,795873,6255,5831960,346,13,36534,52,5571
195631,11,8,2019,5,22,5,3,5,7,2,1,1,0,0,0,0,0,801152,3466,5822196,66,13,43413,52,46669
195632,11,8,2019,6,21,5,3,2,6,1,1,1,0,0,0,0,1,800715,726,5822880,25,13,42833,52,47307
195633,11,4,2019,5,20,5,3,5,3,1,1,1,0,0,0,0,0,792912,4407,5824395,27,13,31512,52,49089
195634,11,4,2019,6,21,5,3,6,4,1,0,1,1,0,0,0,1,793150,5614,5826111,657,13,32013,52,50615
195635,11,3,2019,5,20,5,3,5,2,1,1,1,0,0,0,0,0,804447,8874,5832668,121,13,49207,52,55872
195636,11,1,2019,5,19,5,3,1,5,0,1,1,0,0,0,0,0,794705,3814,5828322,533,13,34493,52,52513
195637,11,8,2019,6,12,5,2,6,2,0,0,1,1,0,0,0,0,805682,6494,5816732,619,13,49562,52,41521
195638,11,3,2019,6,23,5,3,5,3,2,0,1,0,0,0,0,1,800312,204,5831547,272,13,43024,52,55097
195639,11,10,2019,5,18,5,3,2,6,0,1,0,0,0,0,0,0,809633,2375,5825751,669,13,56188,52,49382
195640,11,10,2019,5,18,5,3,5,3,0,0,1,0,0,0,0,0,810496,826,5824818,404,13,57369,52,48496
195641,11,3,2019,6,15,5,3,0,7,0,0,1,0,0,0,0,0,802837,2,5835346,607,13,47083,52,58363
195642,11,1,2019,5,15,5,3,3,6,0,1,1,0,0,0,0,0,797682,2716,5827925,576,13,38832,52,51995
195643,11,8,2019,6,15,5,3,5,2,0,0,1,0,0,0,0,1,801015,6259,5823905,729,13,43367,52,48209
195644,11,4,2019,5,15,5,3,5,3,0,0,1,0,0,0,0,0,789024,1779,5827024,15,13,26029,52,51653
195645,11,1,2019,6,15,5,3,1,5,0,1,1,0,0,0,1,1,793066,1171,5828301,705,13,32081,52,52582
195646,11,3,2019,5,14,5,3,2,2,0,0,1,0,0,0,0,0,796933,4,5836537,757,13,38502,52,59756
195647,11,7,2019,6,13,5,2,2,6,0,1,1,0,0,0,0,0,796571,7072,5816237,907,13,36161,52,41579
195648,11,4,2019,5,14,5,3,2,6,0,0,1,0,0,0,0,0,792463,7819,5824037,338,13,30821,52,48792
195649,11,11,2019,6,12,5,2,6,2,0,0,1,1,0,0,0,0,804306,3817,5828168,337,13,48587,52,51847
195650,11,11,2019,5,13,5,3,6,2,0,0,0,1,0,0,1,0,805353,67,5827358,962,13,50051,52,51063
195651,11,2,2019,6,12,5,3,5,2,0,1,1,0,0,0,0,0,800928,5868,5828504,474,13,43655,52,52336
195652,11,5,2019,5,13,5,2,1,5,0,1,1,0,0,0,0,0,783897,6421,5823452,484,13,1819,52,4872
195653,11,6,2019,5,10,5,2,5,7,0,0,1,0,1,0,0,0,792904,7046,5817699,674,13,30913,52,43087
195654,11,1,2019,6,12,5,3,5,2,0,0,1,0,1,0,0,0,796061,5195,5828499,804,13,36501,52,52598
195655,11,5,2019,5,6,5,2,1,5,0,0,1,0,0,0,0,0,784036,3263,5827974,402,13,1878,52,52767
195656,11,9,2019,6,12,5,3,2,6,0,0,1,0,0,0,0,0,806434,868,5822979,87,13,51237,52,47077
195657,11,12,2019,5,16,4,3,2,6,0,0,1,0,0,0,0,0,787918,8952,5836238,85,13,25204,52,59972
195658,11,2,2019,6,11,5,2,5,7,0,1,1,0,0,0,0,0,798201,4225,5824527,251,13,39291,52,48921
195659,11,4,2019,5,18,4,3,2,2,0,1,1,0,0,0,0,0,793341,673,5829714,923,13,32611,52,53835
195660,11,6,2019,6,11,5,3,5,2,0,0,1,0,1,0,0,0,786983,8973,5817341,288,13,22198,52,43079
195661,11,2,2019,5,18,4,3,5,2,0,1,0,0,0,0,1,0,801759,6367,5826240,48,13,4467,52,50261
195662,11,1,2019,5,16,4,3,3,6,0,0,1,0,1,0,0,0,794571,404,5828597,616,13,3432,52,52767
195663,11,10,2019,6,11,5,3,2,6,0,0,1,0,0,0,0,0,809467,4359,5831424,554,13,56472,52,54475
195664,11,9,2019,6,7,5,3,6,2,0,0,1,1,0,0,0,0,814708,2746,5821927,342,13,63278,52,45665
195665,11,9,2019,5,23,4,3,0,1,2,1,0,0,0,0,0,0,810257,7465,5821474,36,13,56707,52,45513
195666,11,4,2019,5,17,4,3,6,4,0,0,1,1,0,0,0,0,792063,7493,5826935,87,13,30488,52,51411
195667,11,2,2019,6,10,5,3,5,5,0,0,1,0,1,0,0,0,802166,7874,5827344,11,13,45369,52,51227
195668,11,1,2019,5,20,4,3,0,2,1,1,0,0,0,1,0,0,797855,1246,5826858,942,13,38991,52,5103
195669,11,4,2019,6,10,5,3,2,2,0,0,1,0,0,0,0,0,794160,1722,5827008,865,13,33575,52,51365
195670,11,4,2019,5,18,4,3,5,3,0,1,1,0,0,0,0,0,793977,113,5824687,13,13,33101,52,49293
195671,11,9,2019,5,18,4,2,5,2,0,0,1,0,0,0,0,0,804391,857,5821738,307,13,48125,52,46079
195672,11,4,2019,6,9,5,3,6,2,0,1,0,1,0,0,0,0,793503,775,5825217,488,13,32452,52,49794
195673,11,2,2019,5,23,4,3,5,3,2,0,1,0,0,0,0,0,797839,9179,5824927,167,13,38795,52,49299
195674,11,11,2019,5,22,4,3,5,2,2,0,1,0,0,0,0,0,804587,552,5826362,866,13,48835,52,50213
195675,11,11,2019,6,9,5,2,6,4,0,0,0,1,0,0,1,0,805456,5376,5833348,812,13,50753,52,56426
195676,11,3,2019,5,21,4,3,5,2,1,1,1,0,0,0,0,0,800014,579,5833422,155,13,42755,52,56794
195677,11,3,2019,5,18,4,3,0,2,0,0,1,0,1,0,0,0,799528,8817,5831002,162,13,41823,52,54652
195678,11,4,2019,6,19,5,3,2,6,0,1,0,0,1,0,0,1,792711,8957,5825652,153,13,31328,52,50226
195679,11,1,2019,5,18,4,3,5,2,0,1,1,0,0,0,0,0,796010,1208,5831416,59,13,36686,52,55215
195680,11,1,2019,6,18,5,3,0,1,0,1,0,0,0,0,0,1,798646,18,5828482,384,13,40298,52,52442
195681,11,5,2019,5,15,4,3,6,2,0,0,1,1,0,0,0,0,784673,2814,5828461,76,13,19758,52,5317
195682,11,1,2019,6,18,5,3,0,3,0,1,0,0,1,0,0,1,798119,3663,5828960,15,13,39567,52,52899
195683,11,10,2019,5,18,4,3,5,3,0,1,1,0,0,0,0,0,810635,6804,5825832,55,13,57667,52,49397
195684,11,5,2019,6,18,5,3,0,2,0,1,1,0,0,0,0,1,784493,338,5828877,794,13,19529,52,53553
195685,11,6,2019,5,9,4,2,3,6,0,0,1,0,1,0,0,0,793367,92,5820349,127,13,31824,52,45437
195686,11,2,2019,5,11,4,3,5,3,0,1,1,0,0,0,0,0,800624,6462,5826273,879,13,43006,52,50353
195687,11,1,2019,6,18,5,2,5,3,1,1,1,0,0,0,0,1,797910,1197,5826572,8,13,39046,52,5077
195688,11,12,2019,6,18,5,3,5,2,0,1,1,0,0,0,0,1,795103,567,5836856,314,13,35836,52,60141
195689,11,4,2019,5,18,4,3,2,6,0,0,1,0,0,0,0,0,792307,7887,5825309,517,13,30704,52,49941
195690,11,4,2019,5,11,4,3,5,2,0,0,1,0,0,1,0,0,790536,3376,5822781,428,13,27881,52,47769
195691,11,6,2019,6,18,5,2,6,4,0,0,1,1,0,0,0,1,788900,4661,5819429,736,13,25189,52,44851
195692,11,7,2019,5,11,4,3,5,7,0,0,1,0,0,0,0,0,795484,179,5825581,347,13,35394,52,50013
195693,11,1,2019,6,18,5,3,0,1,0,0,0,0,1,0,0,1,796778,4258,5828817,975,13,37584,52,52844
195694,11,5,2019,5,11,4,3,5,2,0,0,1,0,1,0,0,0,784685,25,5829353,95,13,19852,52,5397
195695,11,2,2019,6,17,5,2,6,4,0,0,0,1,1,0,0,1,799854,844,5825830,614,13,41836,52,49998
195696,11,2,2019,5,12,4,3,1,5,0,1,1,0,0,0,1,0,801448,4442,5826394,208,13,44227,52,50416
195697,11,12,2019,6,16,5,2,0,1,0,1,0,0,0,0,0,1,787421,995,5838721,999,13,24688,52,62225
195698,11,9,2019,5,17,4,3,2,6,0,1,1,0,0,0,0,0,804041,8239,5821222,142,13,47565,52,45636
195699,11,4,2019,5,17,4,2,6,4,0,0,1,1,0,0,0,0,789061,7861,5827078,67,13,26089,52,51699
195700,11,1,2019,6,16,5,3,6,4,0,0,1,1,0,0,0,1,793557,2543,5828335,358,13,32806,52,52586
195701,11,7,2019,6,15,5,3,1,5,0,0,1,0,0,0,0,1,798266,3731,5818954,37,13,38888,52,43921
195702,11,6,2019,5,17,4,3,5,3,0,0,1,0,0,0,1,0,794204,1863,5816869,231,13,32746,52,42272
195703,11,4,2019,6,17,5,3,5,3,0,1,1,0,0,0,0,0,791792,5745,5827046,45,13,30099,52,51525
195704,11,1,2019,6,17,5,3,4,6,0,0,0,0,1,1,0,0,796660,9602,5832032,766,13,37698,52,55733
195705,11,4,2019,6,17,5,3,5,3,0,0,1,0,0,0,0,0,791333,4184,5828705,526,13,2957,52,53037
195706,11,12,2019,6,17,5,3,5,3,0,1,1,0,0,0,0,0,795563,458,5833222,522,13,36189,52,56859
195707,11,1,2019,6,16,5,3,5,3,0,0,1,0,0,0,1,0,800065,5959,5826411,893,13,42198,52,50508
195708,11,6,2019,6,16,5,3,5,2,0,1,1,0,0,0,0,0,790858,999,5817586,205,13,27901,52,43094
195709,11,4,2019,6,16,5,2,5,3,0,1,1,0,0,0,0,0,792630,7151,5827088,365,13,31335,52,51518
195710,11,3,2019,6,16,5,3,5,2,0,1,1,0,0,0,0,0,804276,5729,5841093,313,13,4973,52,63433
195711,11,1,2019,6,16,5,3,5,2,0,0,1,0,1,0,0,0,797074,6823,5829292,201,13,38061,52,53253
195712,11,10,2019,6,20,5,3,2,6,0,0,1,0,1,0,0,0,811337,3735,5829835,24,13,59072,52,52944
195713,11,2,2019,6,20,5,3,5,3,0,1,1,0,0,0,0,0,803553,1542,5827194,927,13,47392,52,51017
195714,11,2,2019,6,19,5,3,5,3,0,1,1,0,0,0,0,0,801966,6973,5829025,696,13,45227,52,52746
195715,11,11,2019,6,19,5,3,2,2,0,0,1,0,0,0,0,0,804467,6155,5826384,245,13,48661,52,50239
195716,11,5,2019,6,19,5,3,1,5,0,0,1,0,0,0,1,0,784701,6351,5827273,318,13,19698,52,52104
195717,11,10,2019,6,18,5,3,2,6,0,0,1,0,0,0,1,0,811702,5599,5831880,642,13,598,52,54756
195718,11,6,2019,6,18,5,3,0,7,0,1,0,0,0,0,0,0,790576,9004,5821720,593,13,27849,52,46816
195719,11,1,2019,6,18,5,3,5,3,0,1,1,0,0,0,0,0,794564,483,5829100,632,13,34354,52,53218
195720,11,1,2019,6,18,5,3,0,1,0,1,0,0,0,0,0,0,798305,3221,5829373,244,13,39877,52,53259
195721,11,7,2019,6,18,5,3,0,2,0,1,1,0,0,0,0,0,795656,9348,5816070,422,13,34805,52,41478
195722,11,9,2019,6,15,5,3,6,7,0,1,0,1,0,0,0,0,807236,4344,5822135,766,13,52336,52,46276
195723,11,9,2019,6,17,5,3,2,6,0,0,1,0,1,0,0,0,809683,3583,5821307,296,13,55849,52,45396
195724,11,2,2019,6,15,5,3,6,4,0,0,1,1,0,0,0,0,802688,7741,5828129,335,13,46207,52,51902
195725,11,9,2019,6,15,5,3,2,6,0,0,1,0,0,0,0,0,806504,8231,5822090,641,13,51258,52,46277
195726,11,2,2019,6,15,5,3,5,7,0,0,1,0,0,0,0,0,799332,99,5825627,348,13,4105,52,49845
195727,11,10,2019,6,6,5,2,5,2,0,1,1,0,0,0,0,0,808083,5429,5832324,671,13,54522,52,5536
195728,11,3,2019,6,7,5,2,5,3,0,1,1,0,0,0,0,0,798990,5836,5835036,513,13,41395,52,58297
195729,11,1,2019,6,14,5,3,6,4,0,0,1,1,0,0,0,0,794938,9804,5827271,4,13,34743,52,51558
195730,11,11,2019,6,7,5,3,3,6,0,0,1,0,1,0,0,1,803699,3924,5826242,401,13,4752,52,50155
195731,11,2,2019,6,7,5,3,3,6,0,1,0,0,0,0,1,0,801597,5221,5825937,283,13,44405,52,49998
195732,11,6,2019,6,7,5,3,3,6,0,0,1,0,1,0,0,0,795822,2132,5819719,904,13,35371,52,44741
195733,11,6,2019,6,7,5,2,5,2,0,0,1,0,1,0,0,1,788909,923,5817930,331,13,25074,52,43506
195734,11,1,2019,6,8,5,3,5,3,0,1,1,0,0,0,0,0,796113,3924,5831188,849,13,36817,52,55006
195735,11,11,2019,6,8,5,3,6,4,0,0,1,1,0,0,0,0,806173,8233,5831244,78,13,51614,52,54499
195736,11,9,2019,6,8,5,3,5,2,0,1,1,0,0,0,0,0,802352,5717,5824748,49,13,45406,52,4889
195737,11,9,2019,6,9,5,3,5,2,0,1,1,0,0,0,0,0,806199,7972,5823259,926,13,50918,52,47342
195738,11,1,2019,6,14,5,3,5,7,0,0,1,0,1,0,0,0,798142,92,5827413,83,13,39463,52,51511
195739,11,1,2019,6,10,5,3,5,3,0,1,1,0,0,0,0,0,797160,435,5827685,961,13,38044,52,51809
195740,11,11,2019,6,10,5,2,5,3,0,1,0,0,0,1,0,0,807089,5401,5825838,724,13,52461,52,49603
195741,11,4,2019,6,12,5,3,2,6,0,1,1,0,0,0,0,0,790046,636,5822991,8,13,2718,52,47984
195742,11,3,2019,6,12,5,3,1,5,0,1,1,0,0,0,0,0,802858,4508,5831759,3,13,46787,52,55146
195743,11,2,2019,6,12,5,3,0,3,0,1,0,0,0,1,0,0,798491,9379,5825234,696,13,39781,52,49539
195744,11,4,2019,6,8,5,2,0,1,0,1,0,0,0,0,0,0,792087,792,5825285,928,13,30379,52,49931
195745,11,4,2019,6,16,5,3,5,3,0,1,0,0,0,0,1,0,786960,292,5825533,407,13,22868,52,50425
195746,11,6,2019,6,15,4,3,6,7,0,0,0,1,1,0,0,0,791522,147,5818101,647,13,2892,52,43521
195747,11,1,2019,6,11,4,3,6,4,0,1,0,1,0,0,0,0,797706,136,5829665,789,13,39023,52,53554
195748,11,1,2019,6,19,4,3,0,1,0,0,0,0,1,0,0,1,797222,1328,5829068,629,13,38258,52,53045
195749,11,8,2019,6,19,4,3,0,1,1,1,0,0,0,0,0,1,803814,9189,5822123,38,13,47314,52,46456
195750,11,3,2019,6,11,4,2,4,6,0,0,1,0,0,1,0,0,804873,5719,5841344,509,13,50632,52,63624
195751,11,2,2019,6,8,4,3,0,1,0,0,0,0,1,0,0,1,797102,1111,5824461,43,13,3767,52,48922
195752,11,1,2019,6,23,4,3,0,2,2,1,1,0,0,0,0,1,797656,133,5831888,78,13,39148,52,55549
195753,11,1,2019,6,22,4,3,0,3,2,0,1,0,1,0,0,1,796542,1253,5829873,613,13,3733,52,53804
195754,11,12,2019,6,22,4,3,5,3,2,0,1,0,0,0,0,1,793946,4197,5836639,163,13,34114,52,60009
195755,11,6,2019,6,15,4,3,5,2,0,0,1,0,1,0,0,0,794789,3652,5819837,703,13,33866,52,44902
195756,11,10,2019,6,15,4,2,6,4,0,0,1,1,0,0,0,0,811301,9219,5831644,18,13,59189,52,54567
195757,11,7,2019,6,15,4,3,0,7,0,0,1,0,0,0,1,0,798507,165,5820918,369,13,39416,52,45669
195758,11,1,2019,6,16,4,3,6,4,0,1,0,1,0,0,0,0,797135,8407,5826451,252,13,37897,52,50703
195759,11,9,2019,6,18,4,3,5,2,0,1,1,0,0,0,0,1,810939,7698,5821589,109,13,57718,52,45577
195760,11,9,2019,6,18,4,3,6,4,0,0,1,1,0,0,0,1,810176,6919,5819580,752,13,56412,52,43821
195761,11,4,2019,6,18,4,3,5,3,0,1,1,0,0,0,0,1,791815,9749,5827721,353,13,30193,52,52129
195762,11,11,2019,6,19,4,3,0,7,0,0,1,0,0,0,0,1,804744,6384,5827412,75,13,49162,52,51145
195763,11,8,2019,6,18,4,3,5,2,0,0,0,0,1,0,1,0,802184,3121,5823750,843,13,45068,52,48006
195764,11,5,2019,6,17,4,3,6,4,0,1,0,1,0,0,0,0,781626,8029,5830689,753,13,15468,52,55327
195765,11,3,2019,6,16,4,3,6,4,0,1,0,1,0,0,0,0,802231,7584,5829343,843,13,45646,52,53016
195766,11,3,2019,6,16,4,3,5,3,0,0,1,0,0,0,1,0,800015,434,5833422,212,13,42756,52,56794
195767,11,8,2019,6,22,4,3,2,6,2,0,1,0,0,0,0,1,800343,3043,5824377,42,13,42422,52,48669
195768,11,3,2019,6,20,4,3,5,3,1,1,1,0,0,0,0,1,801828,3152,5831741,146,13,45271,52,55187
195769,11,5,2019,6,16,4,3,2,6,0,0,1,0,0,0,0,0,783392,355,5827691,34,13,17809,52,52547
195770,11,1,2019,6,20,4,3,1,5,0,1,1,0,0,0,0,1,797212,284,5827200,14,13,38076,52,5137
195771,11,1,2019,6,19,4,2,5,7,0,0,1,0,0,0,1,1,798032,9586,5830088,787,13,39541,52,53915
195772,11,8,2019,6,18,4,3,0,1,1,1,0,0,0,0,0,1,803039,4929,5818352,386,13,45834,52,4312
195773,11,1,2019,6,10,4,3,1,5,0,1,1,0,0,0,1,0,798660,1176,5828529,973,13,40323,52,52484
195774,11,6,2019,6,13,4,3,5,2,0,1,1,0,0,0,0,0,792762,5723,5817959,17,13,30727,52,43327
195775,11,5,2019,6,14,4,3,5,2,0,1,1,0,0,0,0,0,785392,594,5830299,982,13,20973,52,54781
195776,11,6,2019,6,14,4,3,5,3,0,0,1,0,0,0,0,0,785991,2499,5817398,888,13,20746,52,43183
195777,11,2,2019,6,12,4,3,2,6,0,1,1,0,0,0,0,0,799535,5179,5825861,18,13,41369,52,50043
195778,11,2,2019,6,13,4,3,5,2,0,0,1,0,1,0,0,0,801837,1915,5825745,476,13,4474,52,49813
195779,11,1,2019,6,13,4,3,5,3,0,1,1,0,0,0,0,0,795089,579,5828866,944,13,35105,52,5298
195780,11,4,2019,6,13,4,3,5,3,0,1,1,0,0,0,0,0,790494,101,5826545,703,13,28147,52,51146
195781,11,6,2019,6,15,4,3,5,2,0,1,1,0,0,0,0,0,795596,1917,5817084,586,13,34806,52,42391
195782,11,4,2019,6,15,4,3,2,6,0,0,1,0,0,0,0,0,793967,9715,5824808,709,13,33098,52,49403
195783,11,4,2019,6,12,4,2,5,3,0,1,1,0,0,0,0,0,791284,9177,5826353,81,13,29293,52,50932
195784,11,6,2019,6,13,4,3,2,6,0,0,1,0,0,0,0,0,794926,3511,5816245,19,13,3375,52,41674
195785,11,3,2019,6,10,4,3,5,7,0,0,1,0,0,0,1,0,803489,245,5832275,531,13,47761,52,55574
195786,11,1,2019,6,19,4,3,3,6,0,0,1,0,0,0,0,1,796941,6989,5831531,146,13,38066,52,55268
195787,11,2,2019,6,19,4,3,0,5,0,1,1,0,0,0,0,1,799391,5706,5824779,84,13,41061,52,49082
195788,11,11,2019,6,4,4,3,0,7,1,0,0,0,1,0,1,1,803815,4113,5829076,625,13,47949,52,52689
195789,11,4,2019,6,5,4,3,0,3,0,0,1,0,1,0,0,1,793355,9089,5822576,2,13,32003,52,47434
195790,11,1,2019,6,6,4,3,5,3,0,0,1,0,0,0,0,1,797959,9349,5827080,333,13,39164,52,51222
195791,11,9,2019,6,6,4,3,5,3,0,0,1,0,0,0,0,0,807026,6737,5822418,551,13,52054,52,46542