OBJECTID,LAND,BEZ,UJAHR,UMONAT,USTUNDE,UWOCHENTAG,UKATEGORIE,UART,UTYP1,ULICHTVERH,IstRad,IstPKW,IstFuss,IstKrad,IstGkfz,IstSonstige,USTRZUSTAND,LINREFX,LINREFY,XGCSWGS84,YGCSWGS84,,,,
196485,11,12,2019,6,9,1,3,5,3,0,0,1,0,0,0,0,0,791190,4184,5837723,563,13,30152,52,61129
196486,11,2,2019,6,8,3,3,5,2,0,1,0,0,0,0,1,0,799328,174,5826226,817,13,41098,52,50382
196487,11,9,2019,6,11,1,3,0,2,0,0,1,0,1,0,0,0,807686,343,5819179,38,13,52723,52,43601
196488,11,8,2019,6,22,1,3,1,5,1,1,1,0,0,0,0,0,801648,5582,5824159,47,13,44319,52,48401
196489,11,5,2019,6,7,3,3,3,6,0,0,1,0,1,0,0,0,784791,2496,5828848,614,13,19964,52,53511
196490,11,1,2019,6,21,1,2,5,3,1,0,1,0,1,0,0,0,797703,9044,5829237,567,13,38981,52,5317
196491,11,1,2019,6,8,3,3,5,2,0,1,1,0,0,0,0,0,793687,6773,5828003,362,13,32969,52,52282
196492,11,1,2019,6,21,1,3,1,5,1,1,1,0,0,0,1,0,793826,42,5830715,717,13,33412,52,54706
196493,11,5,2019,6,6,3,3,2,2,0,0,1,0,1,0,0,0,786617,512,5829251,101,13,22684,52,53777
196494,11,1,2019,6,20,1,2,2,6,0,0,1,0,1,0,0,0,797156,331,5829196,916,13,38173,52,53164
196495,11,1,2019,6,8,3,3,5,2,0,0,1,0,0,0,1,0,797699,669,5830682,26,13,39104,52,54465
196496,11,10,2019,6,19,1,3,5,7,0,1,1,0,0,0,0,0,809029,6722,5828440,77,13,55551,52,51826
196497,11,10,2019,6,19,1,3,5,3,0,0,1,0,1,0,0,0,812399,4366,5824300,614,13,60113,52,47924
196498,11,9,2019,6,7,3,3,5,3,0,1,1,0,0,0,0,0,811766,9243,5818272,864,13,58622,52,42558
196499,11,12,2019,6,7,3,3,5,2,0,0,1,0,1,0,0,0,793420,353,5836088,487,13,33291,52,59544
196500,11,7,2019,6,17,1,3,1,5,0,1,1,0,0,0,0,0,796303,781,5824279,819,13,36481,52,48802
196501,11,7,2019,6,17,1,3,1,5,0,1,1,0,0,0,0,0,797207,536,5822598,731,13,37659,52,47246
196502,11,3,2019,6,7,3,3,5,2,0,1,1,0,0,0,0,0,801604,5702,5836127,615,13,45341,52,59131
196503,11,8,2019,6,17,1,3,0,6,0,0,1,0,1,0,0,0,801744,1602,5822065,453,13,4427,52,46519
196504,11,5,2019,6,6,3,3,5,3,0,1,1,0,0,0,0,0,784584,5525,5830691,56,13,19818,52,55174
196505,11,6,2019,6,14,1,3,5,3,0,0,1,0,0,0,0,0,791141,2356,5819257,726,13,28462,52,44578
196506,11,1,2019,6,14,2,3,6,4,0,0,1,1,0,0,0,0,796978,8241,5827022,72,13,37718,52,51224
196507,11,3,2019,6,14,1,3,5,2,0,0,1,0,0,0,0,0,797770,2066,5835761,244,13,39664,52,59014
196508,11,1,2019,6,17,2,3,5,7,0,0,1,0,0,0,0,0,798432,9003,5829046,54,13,40036,52,52959
196509,11,9,2019,6,14,1,3,2,7,0,1,1,0,0,0,0,0,802292,3094,5825488,591,13,45385,52,49557
196510,11,6,2019,6,14,1,3,5,3,0,1,1,0,0,0,0,0,785886,5933,5817772,64,13,20625,52,43523
196511,11,4,2019,6,12,2,3,5,2,0,0,1,0,1,0,0,0,790646,8038,5826703,353,13,28386,52,51279
196512,11,5,2019,7,19,5,3,6,6,0,0,1,1,0,0,0,0,781052,8685,5829607,482,13,14532,52,54386
196513,11,2,2019,7,19,5,2,5,2,0,1,1,0,0,0,0,0,798697,5747,5824672,444,13,40032,52,49024
196514,11,1,2019,7,18,5,3,6,7,0,1,0,1,0,0,0,0,794529,1173,5831556,882,13,3452,52,55422
196515,11,1,2019,7,17,5,2,5,2,0,0,1,0,1,0,0,0,797014,18,5826726,159,13,37743,52,50956
196516,11,9,2019,7,17,5,2,5,3,0,1,1,0,0,0,0,0,814606,3219,5821936,317,13,63129,52,45678
196517,11,8,2019,7,17,5,3,5,2,0,0,1,0,0,0,0,0,801004,9172,5822159,522,13,43193,52,46645
196518,11,2,2019,7,17,5,3,5,2,0,1,1,0,0,0,0,0,801431,1335,5826069,115,13,44172,52,50125
196519,11,1,2019,7,16,5,2,0,4,0,1,0,1,0,0,0,0,798204,9621,5828918,517,13,39689,52,52857
196520,11,4,2019,7,15,5,3,0,7,0,0,0,0,1,0,1,1,793319,9969,5823569,565,13,32038,52,48327
196521,11,5,2019,7,16,5,2,6,4,0,0,1,1,0,0,0,0,784468,4291,5828145,473,13,1943,52,52898
196522,11,3,2019,7,16,5,2,5,3,0,1,1,0,0,0,0,0,804507,7048,5841274,482,13,50087,52,63582
196523,11,8,2019,7,14,5,2,5,3,0,0,1,0,1,0,0,0,802812,2565,5820793,171,13,45722,52,4532
196524,11,10,2019,7,13,5,3,1,5,0,1,1,0,0,0,0,0,809296,2736,5826661,709,13,55778,52,50216
196525,11,2,2019,7,13,5,3,1,5,0,0,1,0,1,0,1,0,802266,6017,5826861,362,13,45471,52,50789
196526,11,4,2019,7,13,5,2,6,4,0,0,1,1,0,0,0,0,791950,2519,5825252,124,13,30174,52,49908
196527,11,9,2019,7,12,5,3,5,3,0,0,0,0,0,1,1,0,808641,7035,5819167,114,13,54123,52,43537
196528,11,8,2019,7,9,5,3,2,6,0,0,1,0,0,0,0,0,802250,6569,5819588,73,13,44789,52,44272
196529,11,2,2019,7,8,5,2,5,3,0,1,1,0,0,0,0,0,800294,3344,5827628,217,13,42643,52,51585
196530,11,1,2019,7,7,5,3,6,4,0,0,0,1,0,1,0,0,796677,3951,5831904,39,13,37711,52,55617
196531,11,1,2019,7,7,5,3,5,2,0,1,1,0,0,0,0,0,800020,2375,5826468,64,13,42136,52,50561
196532,11,4,2019,7,7,5,3,5,3,0,1,1,0,0,0,0,0,791180,4039,5824998,36,13,29021,52,49722
196533,11,5,2019,7,7,5,3,2,6,0,0,1,0,0,0,0,0,782859,4086,5826898,866,13,16958,52,51864
196534,11,1,2019,7,7,5,3,3,6,0,1,1,0,0,0,0,0,797934,859,5827934,106,13,39203,52,51989
196535,11,11,2019,7,1,5,3,6,4,2,0,1,1,0,0,0,0,805194,9684,5829080,317,13,49976,52,52615
196536,11,4,2019,7,9,4,3,6,7,0,1,0,0,0,0,1,0,793700,1306,5826365,47,13,32842,52,50812
196537,11,3,2019,7,22,4,3,0,3,2,0,1,0,1,0,0,0,799358,4667,5829198,784,13,4141,52,53045
196538,11,3,2019,7,20,4,3,6,7,0,1,0,1,0,0,0,0,803951,168,5841333,789,13,49272,52,63667
196539,11,2,2019,7,19,4,2,5,3,0,1,1,0,0,0,0,0,800771,8041,5825611,272,13,43163,52,49751
196540,11,1,2019,7,17,4,3,5,2,0,1,1,0,0,0,0,0,798770,3467,5827484,833,13,40391,52,51541
196541,11,1,2019,7,17,4,3,5,2,0,1,1,0,0,0,0,0,799646,4127,5827049,332,13,41639,52,51102
196542,11,6,2019,7,16,4,3,9,1,0,0,1,0,0,0,0,0,784216,3624,5816204,38,13,18041,52,42204
196543,11,8,2019,7,16,4,3,1,1,0,0,1,0,1,0,0,0,801612,852,5821692,496,13,44042,52,46192
196544,11,2,2019,7,16,4,3,3,6,0,1,1,0,0,0,0,0,800639,7013,5827357,64,13,43126,52,51324
196545,11,4,2019,7,15,4,2,0,1,0,1,0,0,0,0,0,0,789228,211,5824032,93,13,26069,52,4896
196546,11,10,2019,7,14,4,3,5,2,0,1,0,0,0,0,1,0,806629,2438,5830238,623,13,52191,52,53573
196547,11,5,2019,7,23,4,2,7,7,2,0,0,0,0,0,1,0,781976,5014,5830602,308,13,15974,52,5523
196548,11,7,2019,7,22,4,3,0,3,2,0,1,0,0,0,1,0,798279,5596,5820992,99,13,39089,52,45748
196549,11,4,2019,7,20,4,3,1,5,0,0,1,0,0,0,1,0,792325,3987,5825514,588,13,30748,52,50124
196550,11,1,2019,7,13,4,3,1,7,0,0,1,0,1,0,0,0,794213,9265,5828585,722,13,33794,52,52775
196551,11,8,2019,7,13,4,3,0,2,0,0,0,0,1,0,1,0,804137,9434,5817801,69,13,47395,52,42565
196552,11,9,2019,7,9,4,3,2,6,0,1,0,0,0,0,0,0,819343,831,5818461,71,13,69746,52,4229
196553,11,7,2019,7,12,4,3,5,7,0,0,1,0,1,0,0,0,798480,5521,5820974,851,13,39383,52,45721
196554,11,2,2019,7,11,4,3,2,6,0,0,1,0,0,0,0,0,799832,5564,5825751,192,13,41796,52,49928
196555,11,4,2019,7,11,4,3,5,5,0,1,1,0,0,0,0,0,793913,867,5825509,13,13,33081,52,50033
196556,11,1,2019,7,10,4,3,5,2,0,1,1,0,0,0,0,0,797304,478,5827235,514,13,38215,52,51397
196557,11,1,2019,7,7,4,3,1,5,0,1,1,0,0,0,0,0,797087,4865,5831427,362,13,38271,52,55167
196558,11,2,2019,7,9,4,3,6,7,0,1,0,1,0,0,0,0,797213,8106,5826363,235,13,38004,52,5062
196559,11,1,2019,7,9,4,3,5,3,0,1,0,0,0,1,0,0,796934,9393,5830171,942,13,37935,52,5405
196560,11,9,2019,7,9,4,3,0,1,0,1,0,0,0,0,0,0,804146,77,5822931,722,13,47873,52,47163
196561,11,5,2019,7,9,4,3,0,3,0,0,1,0,1,0,0,0,784733,857,5831859,369,13,20137,52,56214
196562,11,12,2019,7,16,4,3,9,1,0,0,1,0,0,0,0,0,795662,2396,5832966,598,13,36312,52,56624
196563,11,11,2019,7,9,4,3,5,2,0,1,1,0,0,0,0,0,804149,5249,5830425,119,13,48563,52,53879
196564,11,12,2019,7,15,4,2,1,7,0,0,1,0,0,0,1,0,794130,688,5833595,52,13,34115,52,57271
196565,11,4,2019,7,15,4,3,0,1,0,0,0,0,1,0,0,0,792085,2567,5825779,57,13,30418,52,50374
196566,11,11,2019,7,15,4,3,1,5,0,1,1,0,0,0,0,0,804218,87,5828419,924,13,4848,52,52078
196567,11,10,2019,7,15,4,2,5,2,0,0,0,0,1,0,1,0,810012,8894,5832313,45,13,57357,52,5524
196568,11,5,2019,7,15,4,3,0,2,0,1,1,0,0,0,0,0,783579,2577,5830206,824,13,18298,52,54792
196569,11,4,2019,7,14,4,3,2,7,0,0,1,0,0,0,0,0,793010,2666,5825555,513,13,31758,52,50124
196570,11,4,2019,7,14,4,3,5,2,0,1,1,0,0,0,0,0,793918,8992,5825642,459,13,331,52,50153
196571,11,9,2019,7,8,4,3,5,2,0,1,1,0,0,0,0,0,807684,3758,5817719,645,13,52586,52,42293
196572,11,3,2019,7,7,4,3,0,1,0,1,0,0,0,0,0,0,800084,5108,5837521,357,13,4323,52,60464
196573,11,9,2019,7,7,4,3,5,3,0,1,0,0,1,0,0,0,808503,4308,5818725,839,13,5388,52,43149
196574,11,4,2019,7,0,4,3,7,7,2,0,1,0,0,0,0,0,789433,4678,5830626,72,13,26944,52,54861
196575,11,6,2019,7,14,4,3,5,3,0,1,1,0,0,0,0,0,790189,1772,5815243,828,13,26717,52,4103
196576,11,7,2019,7,14,4,2,2,6,0,0,1,0,0,0,1,0,796473,968,5819817,563,13,36335,52,44793
196577,11,9,2019,7,13,4,3,4,6,0,0,1,0,0,0,0,0,803795,83,5821086,965,13,4719,52,45529
196578,11,2,2019,7,15,4,3,3,6,0,1,1,0,0,0,0,0,801457,986,5828047,338,13,4439,52,51897
196579,11,1,2019,7,13,4,3,1,5,0,1,1,0,0,0,0,0,797041,1687,5828391,83,13,37932,52,52448
196580,11,4,2019,7,13,4,3,5,7,0,1,1,0,0,0,0,0,792219,4072,5826491,161,13,30678,52,51005
196581,11,4,2019,7,12,4,3,3,6,0,1,1,0,0,0,0,0,792727,8354,5826153,624,13,31395,52,50675
196582,11,1,2019,7,19,3,3,0,6,0,0,1,0,1,0,0,0,798081,325,5830001,803,13,39604,52,53834
196583,11,8,2019,7,13,3,3,0,6,0,0,1,0,0,0,1,0,802140,243,5822692,274,13,44908,52,47059
196584,11,4,2019,7,8,3,3,0,7,0,1,0,0,0,0,0,1,792813,537,5824367,52,13,31363,52,49069
196585,11,11,2019,7,19,3,3,5,3,0,1,0,0,0,0,1,0,807974,2171,5823866,32,13,53578,52,47786
196586,11,7,2019,7,22,3,3,0,7,2,0,0,0,1,0,0,0,795926,5481,5825376,805,13,36025,52,49806
196587,11,4,2019,7,15,3,3,5,3,0,1,1,0,0,0,0,0,792901,3879,5826967,897,13,31722,52,51396
196588,11,3,2019,7,15,3,3,2,6,0,0,1,0,1,0,0,0,799192,1965,5831774,975,13,41397,52,55363
196589,11,9,2019,7,14,3,3,5,2,0,0,1,0,0,0,1,0,807790,9388,5817234,83,13,52698,52,41852
196590,11,1,2019,7,16,3,3,2,2,0,0,1,0,0,0,0,0,796582,875,5826871,72,13,37123,52,5111
196591,11,7,2019,7,14,3,2,5,7,0,0,1,0,1,0,0,0,795484,7982,5825579,28,13,35395,52,50011
196592,11,4,2019,7,14,3,3,6,7,0,1,0,1,0,0,0,0,793786,8387,5825471,707,13,32891,52,50007
196593,11,2,2019,7,22,3,3,2,6,2,0,1,0,1,0,0,0,799043,2528,5825050,903,13,40574,52,49344
196594,11,4,2019,7,21,3,3,5,2,0,0,1,0,1,0,0,0,791026,2155,5826041,636,13,28885,52,50666
196595,11,5,2019,7,20,3,3,2,6,1,0,1,0,0,0,0,0,783692,6209,5830033,716,13,1845,52,54631
196596,11,1,2019,7,13,3,2,5,7,0,0,1,0,1,0,0,0,796261,7769,5832173,799,13,37123,52,55881
196597,11,4,2019,7,12,3,3,2,6,0,0,1,0,1,0,0,0,794133,687,5825463,783,13,334,52,49981
196598,11,1,2019,7,19,3,3,3,6,0,1,0,1,0,0,1,0,797375,4716,5828942,172,13,38472,52,52923
196599,11,6,2019,7,18,3,3,5,3,0,1,1,0,0,0,0,0,785940,9215,5817242,414,13,20659,52,43045
196600,11,7,2019,7,18,3,2,0,7,0,1,0,1,0,0,0,0,796554,6112,5824856,564,13,36902,52,49306
196601,11,2,2019,7,12,3,3,6,4,0,1,0,1,0,0,0,0,801208,931,5827484,466,13,43973,52,51406
196602,11,2,2019,7,18,3,3,0,6,0,0,0,0,0,0,1,0,799786,339,5824820,622,13,41644,52,49097
196603,11,8,2019,7,17,3,3,0,3,0,1,1,0,0,0,0,0,802275,8121,5816644,396,13,4456,52,41631
196604,11,9,2019,7,17,3,3,0,1,0,1,1,0,0,0,0,0,806478,4345,5821587,403,13,51173,52,45828
196605,11,7,2019,7,17,3,3,2,6,0,0,1,0,1,0,0,0,798476,2166,5821921,287,13,39461,52,4657
196606,11,6,2019,7,17,3,2,1,5,0,1,0,0,0,0,1,0,789956,3449,5819061,721,13,26707,52,44465
196607,11,4,2019,7,17,3,3,5,3,0,1,1,0,0,0,0,0,790738,3293,5822655,659,13,28167,52,47645
196608,11,11,2019,7,15,3,3,6,4,0,1,0,1,0,0,0,0,804348,3128,5830822,158,13,48892,52,54223
196609,11,11,2019,7,10,3,3,5,3,0,0,1,0,0,0,0,0,807665,8299,5824538,78,13,53187,52,48406
196610,11,2,2019,7,16,3,3,5,2,0,1,1,0,0,0,0,0,802037,559,5826153,6,13,45071,52,50167
196611,11,8,2019,7,16,3,3,5,3,0,1,1,0,0,0,0,0,802968,2058,5818341,672,13,45728,52,43114
196612,11,1,2019,7,16,3,3,1,5,0,1,1,0,0,0,0,0,798013,91,5831379,5,13,39629,52,55073
196613,11,1,2019,7,16,3,3,5,3,0,1,1,0,0,0,0,0,794748,182,5830415,36,13,34741,52,54386
196614,11,9,2019,7,15,3,3,5,2,0,0,1,0,0,0,1,0,809401,4666,5821504,76,13,55454,52,45589
196615,11,11,2019,7,15,3,2,2,6,0,0,1,0,0,0,0,0,804605,9656,5827491,135,13,48965,52,51224
196616,11,5,2019,7,15,3,3,6,4,0,0,1,1,0,0,0,0,784794,1179,5828779,66,13,19963,52,53449
196617,11,7,2019,7,10,3,2,5,2,0,0,1,0,0,0,0,0,797613,9733,5815560,661,13,37629,52,40915
196618,11,4,2019,7,10,3,3,5,2,0,1,1,0,0,0,0,0,792849,3247,5824354,897,13,31416,52,49056
196619,11,8,2019,7,10,3,3,5,2,0,1,1,0,0,0,0,0,801385,4097,5819265,642,13,43491,52,4403
196620,11,12,2019,7,7,4,2,2,6,0,1,1,0,0,0,0,0,794365,3097,5833745,401,13,34474,52,57392
196621,11,1,2019,7,9,3,3,5,7,0,1,1,0,0,0,0,0,796261,974,5825958,406,13,3657,52,50309
196622,11,7,2019,7,9,3,3,5,2,0,0,1,0,1,0,0,0,797845,401,5822205,329,13,3856,52,46859
196623,11,4,2019,7,16,4,3,6,4,0,0,1,1,0,0,0,0,791449,8971,5824359,279,13,29361,52,49135
196624,11,10,2019,7,7,4,2,5,3,0,1,1,0,0,0,0,0,809546,6389,5827716,505,13,56244,52,51147
196625,11,9,2019,7,6,3,3,5,2,0,0,1,0,0,0,0,0,806212,3325,5820262,215,13,50661,52,44655
196626,11,1,2019,7,6,3,3,2,2,0,0,1,0,0,0,0,0,795576,1503,5830791,659,13,35992,52,54679
196627,11,4,2019,7,16,4,3,2,6,0,0,1,0,0,0,0,0,792572,2517,5825446,294,13,31105,52,50049
196628,11,12,2019,7,6,3,3,5,3,0,1,1,0,0,0,0,0,790795,4894,5834062,953,13,29249,52,57869
196629,11,4,2019,7,18,4,3,5,3,0,0,1,0,0,0,0,0,793162,5557,5826882,531,13,32098,52,51305
196630,11,1,2019,7,4,3,2,5,3,1,0,1,0,0,0,0,0,794493,3483,5830684,18,13,3439,52,54641
196631,11,10,2019,7,1,3,3,5,2,2,0,1,0,0,0,1,0,806320,389,5830210,46,13,51734,52,53564
196632,11,6,2019,7,16,4,3,6,4,0,0,1,1,0,0,0,0,793406,1999,5820902,203,13,3193,52,45931
196633,11,8,2019,7,0,3,2,6,4,2,0,1,1,0,0,0,0,801425,982,5818738,67,13,43501,52,43555
196634,11,8,2019,7,15,4,2,5,2,0,1,1,0,0,0,0,0,800175,464,5823650,664,13,4211,52,48027
196635,11,7,2019,7,6,3,3,5,3,0,0,0,0,0,0,1,0,794238,3016,5822030,514,13,3325,52,46898
196636,11,6,2019,7,8,4,3,0,1,0,0,0,0,1,0,0,0,790379,6579,5815129,967,13,26986,52,40917
196637,11,4,2019,7,9,4,3,2,6,0,0,1,0,0,0,0,0,790158,365,5827328,973,13,27723,52,51866
196638,11,1,2019,7,15,2,3,6,4,0,1,0,1,0,0,0,0,797836,5496,5826975,183,13,38974,52,51135
196639,11,7,2019,7,18,2,3,0,7,0,1,1,0,0,0,0,0,797948,9167,5821417,282,13,38642,52,46147
196640,11,12,2019,7,0,4,2,0,1,2,0,1,0,0,0,0,0,794770,9335,5836686,181,13,35332,52,60007
196641,11,4,2019,7,11,2,3,5,3,0,0,0,0,1,1,0,0,794468,8663,5825860,374,13,33927,52,50318
196642,11,1,2019,7,0,4,3,5,2,2,0,0,0,0,0,1,0,796704,6996,5831929,935,13,37753,52,55638
196643,11,8,2019,7,15,2,3,6,4,0,0,1,1,0,0,0,0,801547,6678,5817370,597,13,43558,52,42322
196644,11,1,2019,7,19,4,3,6,4,0,1,0,1,0,0,0,0,796558,8264,5830997,568,13,37455,52,5481
196645,11,7,2019,7,21,2,3,0,1,0,0,0,0,1,0,0,0,795888,8033,5820842,605,13,35568,52,45744
196646,11,1,2019,7,8,4,3,6,7,0,0,1,1,0,0,0,0,794116,201,5827798,204,13,3358,52,52075
196647,11,2,2019,7,19,2,2,5,2,0,1,1,0,0,0,0,0,801753,6763,5826263,57,13,44664,52,50282
196648,11,4,2019,7,19,2,2,5,2,0,0,1,0,0,0,0,0,792084,4616,5827960,644,13,30609,52,52329
196649,11,4,2019,7,17,4,1,2,2,0,1,1,0,0,0,0,0,792405,9224,5826526,158,13,30955,52,51026
196650,11,11,2019,7,22,3,3,0,1,2,1,0,0,0,0,0,0,803372,6562,5830090,726,13,47391,52,53622
196651,11,3,2019,7,19,2,3,4,2,0,1,1,0,0,0,0,0,798839,9365,5832388,229,13,40935,52,55932
196652,11,9,2019,7,14,3,3,0,1,0,1,0,0,0,0,0,0,806321,4359,5819658,861,13,50766,52,44108
196653,11,6,2019,7,18,2,2,2,7,0,0,1,0,1,0,1,0,795861,1267,5819280,724,13,35389,52,44345
196654,11,8,2019,7,18,3,3,5,2,0,1,1,0,0,0,0,0,801318,6532,5819557,922,13,43419,52,44295
196655,11,1,2019,7,17,2,3,0,1,0,0,0,0,1,0,0,0,795305,5948,5827367,65,13,3529,52,51624
196656,11,11,2019,7,17,3,3,5,2,0,0,1,0,0,0,0,0,804697,8504,5831161,348,13,49437,52,54508
196657,11,7,2019,7,16,2,2,0,1,0,0,0,0,0,0,1,0,798097,5989,5817032,377,13,38469,52,42208
196658,11,1,2019,7,16,2,3,2,6,0,0,1,0,0,0,0,0,797114,7696,5831888,559,13,38352,52,55579
196659,11,4,2019,7,17,3,2,5,7,0,0,1,0,1,0,0,0,793924,7211,5825797,952,13,33122,52,50292
196660,11,1,2019,7,12,2,3,5,7,0,0,1,0,0,1,0,0,797079,89,5831451,199,13,38261,52,55188
196661,11,2,2019,7,17,3,3,1,5,0,1,1,0,0,0,0,0,799849,625,5826001,43,13,41843,52,50152
196662,11,6,2019,7,11,2,3,5,3,0,1,1,0,0,0,0,0,793380,3253,5820364,996,13,31844,52,45451
196663,11,5,2019,7,17,3,3,1,5,0,1,1,0,0,0,0,0,784728,5925,5827275,497,13,19738,52,52104
196664,11,2,2019,7,12,2,3,5,7,0,0,1,0,1,0,0,0,799377,7305,5826178,606,13,41166,52,50336
196665,11,4,2019,7,15,3,2,1,1,0,0,1,1,0,0,0,0,791632,3358,5828622,505,13,30002,52,52947
196666,11,5,2019,7,10,2,3,5,2,0,0,1,0,0,0,0,0,786432,1594,5831178,154,13,22578,52,55514
196667,11,11,2019,7,10,2,2,5,2,0,1,0,0,0,0,1,0,806032,4971,5825652,903,13,50892,52,49496
196668,11,6,2019,7,14,3,3,5,3,0,1,0,0,0,1,0,0,784846,772,5817638,602,13,19087,52,43458
196669,11,5,2019,7,14,3,3,0,3,0,0,1,0,1,0,0,0,785221,5109,5830572,13,20745,52,55034,
196670,11,12,2019,7,11,2,3,0,1,0,0,0,0,1,0,0,0,793562,4894,5832368,644,13,3317,52,56202
196671,11,8,2019,7,16,2,3,1,5,0,1,1,0,0,0,0,0,801602,1664,5824093,763,13,44245,52,48345
196672,11,4,2019,7,11,3,3,5,3,0,1,1,0,0,0,0,0,789629,9728,5827415,727,13,26954,52,51972
196673,11,1,2019,7,9,2,2,5,3,0,1,1,0,0,0,0,0,799718,8372,5827562,517,13,41792,52,51558
196674,11,12,2019,7,15,2,2,5,2,0,0,1,0,1,0,0,0,792400,6191,5835221,185,13,31713,52,58821
196675,11,12,2019,7,11,3,3,2,6,0,0,1,0,0,0,0,0,795004,6071,5836325,206,13,35644,52,5967
196676,11,1,2019,7,11,3,2,5,2,0,0,1,0,1,0,0,0,800028,8363,5827069,465,13,42203,52,51099
196677,11,4,2019,7,8,2,3,1,5,0,1,0,0,0,0,1,0,792636,4281,5822775,56,13,30964,52,47651
196678,11,6,2019,7,11,3,3,2,6,0,0,1,0,0,0,0,0,793233,7094,5816839,586,13,3132,52,42298
196679,11,4,2019,7,7,2,3,5,3,0,0,1,0,0,0,0,0,791297,6861,5830670,856,13,2969,52,54801
196680,11,1,2019,7,10,3,3,2,6,0,0,1,0,0,0,0,0,798164,6838,5829835,835,13,39712,52,53681
196681,11,9,2019,7,6,2,3,5,2,0,0,1,0,0,0,0,0,805345,6734,5822386,477,13,49584,52,46607
196682,11,1,2019,7,8,3,3,0,2,0,1,0,0,1,0,0,0,797418,3709,5828891,967,13,38531,52,52876
196683,11,1,2019,7,6,2,3,5,2,0,0,1,0,0,0,0,0,799247,224,5828469,39,13,4118,52,52397
196684,11,5,2019,7,6,2,3,3,6,0,0,0,0,1,1,0,0,786046,8296,5829180,601,13,21839,52,53743
196685,11,7,2019,7,8,3,2,5,3,0,1,1,0,0,0,0,0,800683,4432,5813934,666,13,41982,52,3929
196686,11,9,2019,7,5,2,3,0,1,1,0,0,0,1,0,0,0,806343,1102,5822225,686,13,51033,52,46407
196687,11,4,2019,7,6,3,3,5,2,1,0,1,0,0,0,0,0,793352,206,5829681,351,13,32624,52,53804
196688,11,8,2019,7,2,2,3,5,3,2,0,1,0,0,0,0,0,800445,5215,5823705,804,13,42512,52,48061
196689,11,11,2019,7,22,3,3,2,6,2,0,1,0,0,0,0,0,803676,5883,5826244,23,13,47486,52,50158
196690,11,4,2019,7,7,2,3,0,3,0,1,1,0,0,0,0,0,792892,4566,5822847,589,13,31346,52,47702
196691,11,3,2019,7,22,3,3,5,2,2,0,1,0,0,0,0,0,802824,1,5832152,326,13,46772,52,555
196692,11,4,2019,7,1,2,2,1,5,2,1,1,0,0,0,0,0,793793,8249,5825851,68,13,32935,52,50346
196693,11,10,2019,7,14,2,2,1,1,0,0,1,0,0,1,0,0,809087,1982,5830371,553,13,55815,52,53553
196694,11,4,2019,7,20,3,3,2,7,1,0,1,0,0,0,0,0,792669,2472,5825766,676,13,31275,52,50331
196695,11,1,2019,7,19,3,3,2,6,0,0,1,0,1,0,0,0,794409,7891,5830555,465,13,34256,52,5453
196696,11,9,2019,7,14,2,3,6,2,0,0,1,1,0,0,0,0,810693,701,5819447,697,13,57158,52,43672
196697,11,1,2019,7,14,2,3,2,2,0,0,1,0,0,0,0,0,795419,9256,5827461,117,13,35466,52,51702
196698,11,12,2019,7,19,3,3,6,2,0,0,1,1,0,0,0,0,790029,1234,5835374,84,13,28236,52,59085
196699,11,8,2019,7,14,2,2,5,2,0,0,1,0,1,0,0,0,803341,2151,5822143,53,13,46621,52,46501
196700,11,7,2019,7,19,3,2,5,2,0,1,1,0,0,0,0,0,795075,3785,5825803,539,13,34813,52,50235
196701,11,4,2019,7,13,2,3,5,2,0,1,1,0,0,0,0,0,791183,6779,5826476,599,13,29155,52,51047
196702,11,7,2019,7,13,2,3,2,6,0,0,1,0,0,0,0,0,798038,1881,5815811,258,13,38273,52,41117
196703,11,3,2019,7,12,2,3,5,3,0,0,1,0,0,0,0,0,800324,1325,5831578,9,13,43044,52,55124
196704,11,9,2019,7,19,3,3,2,6,0,0,1,0,0,0,0,0,803038,85,5820914,664,13,46064,52,45416
196705,11,4,2019,7,13,2,2,5,7,0,0,1,0,1,0,0,0,792672,4812,5830660,68,13,31711,52,54718
196706,11,4,2019,7,12,2,3,2,6,0,0,1,0,0,0,0,0,791524,1807,5822504,25,13,29308,52,47468
196707,11,10,2019,6,16,1,3,5,3,0,0,1,0,1,0,0,0,810780,1806,5824530,563,13,57758,52,48222
196708,11,4,2019,6,3,1,2,0,7,2,1,0,0,0,0,0,0,793158,133,5827434,97,13,3214,52,51801
196709,11,1,2019,7,12,2,3,6,4,0,0,1,1,0,0,0,0,793525,957,5829210,274,13,32838,52,53372
196710,11,7,2019,6,1,1,3,1,1,2,0,1,0,0,0,1,0,794778,893,5823180,565,13,34144,52,47899
196711,11,2,2019,6,22,1,2,0,7,2,1,0,0,0,0,0,0,799601,1341,5824503,216,13,41344,52,48822
196712,11,9,2019,7,11,2,3,0,1,0,0,0,0,1,0,0,1,810268,3673,5821460,143,13,56721,52,455
196713,11,5,2019,6,20,1,3,1,5,0,0,1,0,1,0,0,0,779536,6596,5820269,882,13,11518,52,46091
196714,11,2,2019,7,10,2,3,3,6,0,1,0,0,0,0,0,0,799955,6547,5825745,245,13,41976,52,49916
196715,11,10,2019,6,19,1,3,5,2,0,1,1,0,0,0,0,0,811146,4761,5831554,512,13,58952,52,54496
196716,11,9,2019,6,19,1,2,2,6,0,0,1,0,0,0,0,0,815064,5183,5820951,434,13,63708,52,4477