OBJECTID,LAND,BEZ,UJAHR,UMONAT,USTUNDE,UWOCHENTAG,UKATEGORIE,UART,UTYP1,ULICHTVERH,IstRad,IstPKW,IstFuss,IstKrad,IstGkfz,IstSonstige,USTRZUSTAND,LINREFX,LINREFY,XGCSWGS84,YGCSWGS84,,,,
197179,11,4,2019,7,12,5,2,5,3,0,0,1,0,0,0,0,0,793366,333,5822846,322,13,32042,52,47676
197180,11,5,2019,7,11,5,3,5,2,0,0,1,0,1,0,0,0,784341,644,5828351,942,13,19261,52,5309
197181,11,2,2019,7,10,5,3,5,2,0,1,1,0,0,0,0,0,802769,6125,5827688,356,13,46286,52,51503
197182,11,9,2019,7,9,5,2,2,6,0,0,1,0,0,0,0,0,804312,6215,5824043,759,13,48219,52,4815
197183,11,1,2019,7,9,5,3,5,2,0,0,1,0,0,0,0,0,795664,665,5829738,324,13,36028,52,5373
197184,11,8,2019,7,17,5,2,1,5,0,1,1,0,0,0,0,0,800898,8392,5824614,108,13,43259,52,48851
197185,11,7,2019,7,8,5,3,5,2,0,1,1,0,0,0,0,0,794956,6499,5824452,51,13,34519,52,4903
197186,11,2,2019,7,8,5,3,6,2,0,0,1,1,0,0,0,0,797856,5457,5825650,681,13,38885,52,49947
197187,11,9,2019,7,9,5,3,5,2,0,1,1,0,0,0,0,0,803887,5924,5823382,523,13,47535,52,47581
197188,11,8,2019,7,23,5,3,9,1,2,0,1,0,0,0,0,1,801115,388,5823525,231,13,43479,52,47863
197189,11,12,2019,7,23,5,3,0,1,2,1,0,0,0,0,0,0,790781,4751,5836541,889,13,29446,52,60092
197190,11,8,2019,7,22,5,3,1,5,2,1,1,0,0,0,0,1,800685,9156,5822952,854,13,42797,52,47373
197191,11,7,2019,7,17,5,3,6,7,0,0,1,1,0,0,0,0,798061,2757,5819655,531,13,3865,52,44561
197192,11,11,2019,7,14,5,3,0,1,0,0,0,0,1,0,0,0,805336,8087,5827358,653,13,50027,52,51064
197193,11,5,2019,7,21,4,3,1,5,1,0,1,0,0,1,0,0,787460,7852,5828073,673,13,23822,52,52676
197194,11,7,2019,7,21,4,2,5,3,1,1,0,0,0,0,1,0,800351,6851,5821674,106,13,42191,52,46245
197195,11,2,2019,7,21,4,3,5,3,1,1,1,0,0,0,0,1,798621,7826,5825130,473,13,39962,52,49438
197196,11,1,2019,7,21,4,3,0,1,2,0,0,0,1,0,0,1,797460,8575,5829185,13,38619,52,53136,
197197,11,1,2019,7,21,4,3,5,3,2,1,1,0,0,0,0,1,797894,1815,5826569,591,13,39022,52,50768
197198,11,4,2019,7,20,4,3,3,6,0,1,1,0,0,0,0,0,793451,9101,5825695,36,13,32419,52,50225
197199,11,5,2019,7,20,4,2,9,1,0,0,0,0,1,0,0,0,779790,585,5828609,546,13,1259,52,53556
197200,11,1,2019,7,20,4,3,5,2,0,1,1,0,0,0,0,0,797866,1111,5827607,568,13,39074,52,517
197201,11,11,2019,7,19,4,3,5,3,0,0,1,0,0,0,0,0,804212,2936,5829084,485,13,48533,52,52674
197202,11,2,2019,7,19,4,3,0,2,0,0,1,0,1,0,0,0,798909,3858,5825257,539,13,40396,52,49537
197203,11,10,2019,7,18,4,3,5,7,0,0,1,0,0,0,0,0,806551,8652,5829133,367,13,51975,52,52586
197204,11,6,2019,7,18,4,3,0,6,0,1,0,0,0,0,1,0,793804,7504,5821211,364,13,32542,52,46187
197205,11,8,2019,7,17,4,3,5,2,0,1,1,0,0,0,0,0,802024,3987,5823487,78,13,4481,52,47779
197206,11,1,2019,7,17,4,3,5,2,0,1,1,0,0,0,0,0,797294,108,5827231,553,13,382,52,51394
197207,11,10,2019,7,15,4,3,5,2,0,0,1,0,0,0,0,0,809598,405,5828542,104,13,56396,52,51884
197208,11,3,2019,7,14,4,3,5,3,0,1,0,0,0,0,1,0,802341,2649,5829201,323,13,45794,52,52882
197209,11,1,2019,7,14,4,3,2,7,0,1,1,0,0,0,0,0,796563,2038,5830501,648,13,37417,52,54365
197210,11,12,2019,7,13,4,3,3,6,0,0,1,0,0,0,0,0,791810,9804,5831241,76,13,30495,52,55285
197211,11,12,2019,7,13,4,3,1,5,0,0,1,0,0,0,0,0,786779,6032,5837513,77,13,23637,52,61175
197212,11,8,2019,7,11,4,3,2,6,0,0,1,0,0,1,0,0,800636,7894,5823075,924,13,42736,52,47486
197213,11,9,2019,7,10,4,2,6,4,0,0,1,1,0,0,0,0,808418,5731,5820877,47,13,53954,52,45082
197214,11,3,2019,7,7,4,3,1,5,0,0,1,0,0,0,1,0,799574,6241,5833175,311,13,42086,52,56597
197215,11,3,2019,7,10,4,3,2,6,0,0,1,0,0,0,0,0,801097,8653,5834753,495,13,4447,52,57928
197216,11,3,2019,7,9,4,3,3,6,0,0,1,0,1,0,0,0,799165,1604,5831807,483,13,41361,52,55394
197217,11,1,2019,7,10,4,3,5,3,0,0,1,0,1,0,0,0,796967,401,5828843,44,13,37863,52,52857
197218,11,8,2019,7,3,7,3,2,6,2,1,1,0,0,0,0,0,801412,1275,5823929,395,13,43951,52,48208
197219,11,2,2019,7,3,7,2,0,1,2,0,0,0,1,0,0,0,798145,4599,5824850,8,13,39237,52,49213
197220,11,5,2019,7,2,7,2,0,1,2,0,1,0,0,0,0,0,789329,1113,5828958,247,13,26646,52,53371
197221,11,1,2019,7,22,6,2,5,3,2,1,0,0,0,0,0,0,794807,7151,5826245,815,13,34459,52,50646
197222,11,4,2019,7,14,7,3,5,2,0,1,1,0,0,0,0,0,793498,9662,5827611,55,13,32657,52,5194
197223,11,4,2019,7,14,7,2,3,6,0,1,1,0,0,0,0,0,791983,5437,5826456,165,13,30328,52,50986
197224,11,1,2019,7,13,7,3,0,2,0,0,1,0,1,0,0,0,795409,5452,5829565,725,13,35638,52,53589
197225,11,9,2019,7,22,7,3,6,4,2,1,0,1,0,0,0,0,801505,9058,5824928,523,13,44179,52,49099
197226,11,1,2019,7,13,7,2,0,7,0,0,1,1,0,0,1,0,797881,2197,5827067,96,13,39048,52,51216
197227,11,1,2019,7,12,7,2,2,2,0,1,1,0,0,0,0,0,794542,7963,5829072,984,13,3432,52,53194
197228,11,2,2019,7,21,7,3,5,2,1,1,1,0,0,0,0,0,800586,6892,5827009,168,13,43017,52,51014
197229,11,5,2019,7,12,7,2,5,2,0,0,1,0,0,0,0,0,784144,997,5827314,427,13,18883,52,5217
197230,11,12,2019,7,12,7,3,5,2,0,1,1,0,0,0,0,0,792167,14,5838069,796,13,31621,52,61387
197231,11,6,2019,7,12,7,3,5,2,0,1,1,0,0,0,0,0,787770,1067,5821679,68,13,23725,52,46928
197232,11,12,2019,7,12,7,3,4,5,0,0,1,0,0,0,1,0,794289,2458,5833707,616,13,34358,52,57363
197233,11,10,2019,7,19,7,3,3,6,0,0,1,0,1,0,0,0,809602,821,5828545,501,13,56402,52,51887
197234,11,8,2019,7,11,7,3,0,1,0,0,0,0,1,0,0,0,804323,5288,5817812,264,13,47668,52,42564
197235,11,1,2019,7,11,7,3,1,5,0,1,0,0,0,0,1,0,797758,4472,5829256,873,13,39063,52,53184
197236,11,3,2019,7,11,7,3,5,2,0,0,1,0,0,0,0,0,800204,762,5832142,254,13,4292,52,55636
197237,11,9,2019,7,11,7,3,5,3,0,0,1,0,0,0,0,0,804484,64,5823235,645,13,48397,52,47416
197238,11,1,2019,7,11,7,2,5,3,0,1,1,0,0,0,0,0,794905,8172,5825973,833,13,34579,52,50396
197239,11,11,2019,7,10,7,3,5,3,0,1,0,0,0,0,1,0,807217,1539,5823900,22,13,5247,52,47859
197240,11,9,2019,7,8,7,3,0,6,0,0,0,0,1,0,1,0,808991,9267,5818122,718,13,5454,52,42581
197241,11,2,2019,7,4,7,3,5,3,1,0,1,0,0,0,0,0,800293,5857,5827628,335,13,42642,52,51586
197242,11,4,2019,7,7,6,3,3,6,0,1,0,0,0,0,1,0,790243,954,5828067,494,13,27912,52,52523
197243,11,9,2019,7,6,6,3,3,6,0,1,0,0,0,0,1,0,806326,186,5820933,198,13,5089,52,4525
197244,11,11,2019,7,16,6,3,5,2,0,1,1,0,0,0,0,0,805463,7605,5833353,913,13,50764,52,5643
197245,11,3,2019,7,16,6,3,5,3,0,1,1,0,0,0,0,0,797369,117,5835183,886,13,39022,52,58518
197246,11,6,2019,7,15,6,3,2,6,0,0,1,0,1,0,0,0,794393,3543,5820190,127,13,33316,52,45239
197247,11,11,2019,7,15,6,2,0,1,0,0,0,0,0,0,1,0,807793,1954,5824286,643,13,53351,52,48173
197248,11,6,2019,7,15,6,2,5,7,0,0,0,0,1,0,1,0,789550,4445,5817882,802,13,26009,52,43429
197249,11,2,2019,7,15,6,2,5,3,0,1,0,0,0,0,1,0,801141,3718,5825433,129,13,43689,52,49571
197250,11,7,2019,7,13,6,3,2,6,0,0,1,0,0,0,1,0,795121,9291,5825777,188,13,34879,52,50209
197251,11,3,2019,7,13,6,3,5,3,0,0,1,0,0,0,0,0,803395,3345,5833104,87,13,47699,52,56322
197252,11,4,2019,7,13,6,3,2,6,0,0,1,0,1,0,0,0,793338,2519,5829756,106,13,3261,52,53872
197253,11,9,2019,7,13,6,3,5,2,0,1,1,0,0,0,0,0,806135,2139,5821074,864,13,50623,52,45387
197254,11,8,2019,7,12,6,2,2,6,0,0,1,0,0,0,0,0,801386,9496,5819252,51,13,43492,52,44018
197255,11,2,2019,7,12,6,3,0,7,0,1,0,0,0,0,0,0,799214,794,5824493,424,13,40776,52,48835
197256,11,4,2019,7,11,6,3,6,7,0,0,1,1,0,0,0,0,790830,1176,5826383,249,13,28627,52,50982
197257,11,7,2019,7,11,6,3,3,6,0,0,1,0,1,0,0,0,799119,5536,5816189,822,13,39892,52,41397
197258,11,2,2019,7,10,6,3,5,2,0,1,0,0,0,1,0,0,800612,2044,5826605,897,13,43018,52,50652
197259,11,3,2019,7,22,6,3,5,3,2,1,1,0,0,0,0,0,802196,1459,5829420,706,13,456,52,53087
197260,11,7,2019,7,21,6,3,5,2,2,0,1,0,0,0,0,0,796920,95,5822284,2,13,3721,52,4698
197261,11,9,2019,7,21,6,2,5,3,1,1,1,0,0,0,0,0,802329,4441,5825307,772,13,45423,52,49393
197262,11,2,2019,7,20,6,3,5,3,0,1,1,0,0,0,0,0,800584,3583,5827010,421,13,43014,52,51016
197263,11,7,2019,7,19,6,3,5,2,0,0,1,0,0,0,0,0,797824,2186,5822535,858,13,38559,52,47156
197264,11,4,2019,7,1,6,3,5,3,2,0,1,0,0,0,0,0,792580,2204,5825448,123,13,31116,52,5005
197265,11,8,2019,7,19,6,3,5,7,0,1,1,0,0,0,0,0,802766,7787,5818171,919,13,45418,52,42973
197266,11,11,2019,7,10,6,3,6,4,0,0,1,1,0,0,0,0,807251,878,5824282,871,13,52556,52,482
197267,11,5,2019,7,9,6,3,0,6,0,0,0,0,0,0,1,0,784609,1042,5828341,795,13,19653,52,53066
197268,11,11,2019,7,9,6,3,5,2,0,1,1,0,0,0,0,0,804144,293,5829828,569,13,485,52,53344
197269,11,1,2019,7,9,6,3,5,3,0,0,1,0,0,0,1,0,797629,814,5828204,983,13,3878,52,52249
197270,11,1,2019,7,8,6,2,5,3,0,1,1,0,0,0,0,0,795398,3563,5830283,802,13,35685,52,54233
197271,11,7,2019,7,8,6,3,4,6,0,1,1,0,0,0,0,0,794083,7562,5822045,924,13,33025,52,4692
197272,11,11,2019,7,7,6,3,5,3,0,1,1,0,0,0,0,0,805189,6453,5826252,541,13,49709,52,50081
197273,11,9,2019,7,6,6,3,1,1,0,0,1,0,0,0,0,0,810892,5807,5822275,948,13,57713,52,46195
197274,11,2,2019,7,6,6,3,5,2,0,1,1,0,0,0,0,0,803103,948,5826085,88,13,4663,52,50048
197275,11,1,2019,7,15,6,3,3,6,0,0,1,0,0,0,1,0,797532,7647,5827566,101,13,3858,52,51681
197276,11,8,2019,7,11,5,3,0,3,0,1,1,0,0,0,0,0,800987,8167,5817122,88,13,42715,52,4213
197277,11,8,2019,7,21,5,2,9,1,2,0,0,0,1,0,0,0,803138,51,5822672,845,13,4637,52,46987
197278,11,1,2019,7,21,5,3,6,4,0,1,0,1,0,0,0,0,799020,4092,5827873,927,13,40794,52,51876
197279,11,1,2019,7,20,5,3,5,2,0,0,1,0,0,0,1,0,795451,436,5831591,824,13,3588,52,55403
197280,11,4,2019,7,19,5,3,5,3,0,1,1,0,0,0,0,0,793938,5461,5825810,689,13,33144,52,50302
197281,11,6,2019,7,18,5,3,5,3,0,0,1,0,1,0,0,0,787738,8229,5818260,274,13,23384,52,43863
197282,11,8,2019,7,18,5,3,5,2,0,0,1,0,0,0,0,0,800952,209,5816263,563,13,42585,52,41363
197283,11,11,2019,7,16,5,3,0,7,0,0,1,0,0,0,1,0,802987,6234,5830854,857,13,46894,52,54328
197284,11,2,2019,7,15,5,3,5,2,0,1,0,0,0,0,1,0,799774,4273,5824825,1,13,41627,52,49102
197285,11,1,2019,7,18,5,3,5,3,0,1,1,0,0,0,0,0,797902,559,5826576,585,13,39035,52,50774
197286,11,2,2019,7,15,5,3,2,6,0,0,1,0,0,0,0,0,800392,9357,5827855,974,13,42809,52,51784
197287,11,1,2019,7,17,5,3,5,7,0,1,0,0,0,0,1,0,793703,5118,5828112,761,13,33002,52,52379
197288,11,1,2019,7,15,5,3,5,2,0,0,1,0,1,0,0,0,796190,236,5831009,98,13,36914,52,54841
197289,11,1,2019,7,17,5,3,5,7,0,1,1,0,0,0,0,0,797810,3491,5827136,663,13,3895,52,51281
197290,11,1,2019,7,15,5,3,6,7,0,0,1,1,0,0,0,0,796886,1079,5831538,794,13,37985,52,55277
197291,11,4,2019,7,15,5,3,6,3,0,0,1,1,0,0,0,0,794029,3386,5824715,871,13,3318,52,49316
197292,11,8,2019,7,17,5,3,5,3,0,1,0,0,0,0,0,0,801551,9419,5824363,932,13,44196,52,4859
197293,11,8,2019,7,14,5,3,1,5,0,0,1,0,0,0,1,0,801341,3722,5820026,322,13,43495,52,44714
197294,11,7,2019,7,16,5,2,5,3,0,1,1,0,0,0,0,0,795229,4533,5822260,95,13,34725,52,4705
197295,11,12,2019,7,14,5,3,0,5,0,0,1,0,0,0,1,0,793540,5442,5837847,668,13,33624,52,61114
197296,11,9,2019,7,13,5,3,1,1,0,1,1,0,0,0,0,0,814032,502,5820745,63,13,62176,52,44644
197297,11,1,2019,7,11,5,3,3,2,0,0,1,0,0,0,0,0,795161,8216,5827090,891,13,35054,52,51384
197298,11,7,2019,7,11,5,3,5,2,0,0,1,0,0,1,0,0,798707,8463,5816019,87,13,39273,52,41267
197299,11,1,2019,7,11,5,3,6,2,0,0,0,1,0,0,1,0,793573,4952,5828507,524,13,32845,52,5274
197300,11,9,2019,7,11,5,3,2,6,0,0,1,0,0,0,1,0,809528,9404,5818795,339,13,5539,52,43153
197301,11,7,2019,7,11,5,3,2,6,0,0,1,0,0,0,1,0,797757,2024,5822626,559,13,38469,52,47241
197302,11,1,2019,7,10,5,3,5,3,0,0,1,0,0,0,1,0,797045,9479,5828361,996,13,37936,52,52421
197303,11,1,2019,7,10,5,3,1,5,0,1,1,0,0,0,0,0,796928,6652,5826430,217,13,37591,52,50696
197304,11,11,2019,7,10,5,3,1,1,0,0,1,0,0,0,0,0,805338,777,5827208,857,13,50015,52,5093
197305,11,11,2019,7,9,5,2,5,2,0,0,0,0,1,0,1,0,806356,863,5832164,587,13,51968,52,55314
197306,11,3,2019,7,9,5,3,2,6,0,0,1,0,0,0,0,0,800096,4792,5833877,837,13,42917,52,57198
197307,11,1,2019,7,9,5,3,5,3,0,1,1,0,0,0,0,0,799901,7061,5826514,373,13,41966,52,50609
197308,11,4,2019,7,7,5,3,5,3,0,1,1,0,0,0,0,0,791578,2942,5822164,356,13,29357,52,4716
197309,11,7,2019,7,5,5,3,0,1,1,0,0,0,0,0,1,0,797271,8433,5822823,492,13,37774,52,47444
197310,11,5,2019,7,3,5,2,1,1,2,0,1,0,0,0,0,0,781394,3375,5829726,48,13,15044,52,54475
197311,11,3,2019,7,17,5,3,6,2,0,0,1,1,0,0,0,0,802262,617,5831577,211,13,45894,52,55016
197312,11,2,2019,7,14,5,3,5,7,0,0,0,0,1,0,1,0,801515,292,5825998,741,13,4429,52,50058
197313,11,7,2019,7,10,5,3,0,7,0,0,0,0,1,0,0,1,796019,5531,5824976,68,13,36126,52,49442
197314,11,4,2019,7,10,4,3,1,5,0,1,0,0,0,0,1,0,793749,2853,5825832,119,13,32868,52,50332
197315,11,7,2019,7,15,4,3,6,4,0,1,0,1,0,0,0,0,794574,3506,5822329,132,13,3377,52,47147
197316,11,5,2019,7,17,4,2,5,2,0,1,1,0,0,0,0,0,782434,567,5830490,2,13,16639,52,55106
197317,11,11,2019,7,17,4,3,5,2,0,1,1,0,0,0,0,0,804371,8011,5830844,325,13,48928,52,54242
197318,11,2,2019,7,17,4,3,0,2,0,0,1,0,1,0,0,0,801206,464,5827467,49,13,43969,52,51391
197319,11,9,2019,7,16,4,3,6,2,0,0,0,1,0,1,0,0,804746,5982,5822302,503,13,48697,52,46565
197320,11,1,2019,7,16,4,3,6,7,0,1,0,1,0,0,0,0,797882,533,5831027,186,13,39404,52,54764
197321,11,6,2019,7,16,4,3,5,3,0,1,1,0,0,0,0,0,794339,5264,5819041,313,13,33135,52,44212
197322,11,7,2019,7,16,4,3,2,7,0,0,0,0,1,0,1,0,798170,1912,5821908,165,13,39011,52,46575
197323,11,4,2019,7,5,4,3,0,6,0,0,0,0,1,0,0,0,791141,786,5829174,408,13,29328,52,53468
197324,11,5,2019,7,23,4,3,0,1,2,1,0,0,0,0,0,0,783747,479,5824142,705,13,18028,52,49346
197325,11,1,2019,7,20,4,3,0,3,0,1,0,0,0,0,1,0,798507,5333,5830233,396,13,40252,52,54019
197326,11,1,2019,7,19,4,3,1,5,0,1,1,0,0,0,0,0,798782,3379,5829671,733,13,40605,52,535
197327,11,12,2019,7,19,4,3,2,4,0,0,1,1,0,0,0,0,791950,482,5831492,874,13,30721,52,55503
197328,11,11,2019,7,18,4,3,2,3,0,0,1,0,0,0,0,0,803361,7038,5826298,587,13,47029,52,50224
197329,11,2,2019,7,18,4,3,0,6,0,1,0,0,0,0,0,0,802547,5962,5826732,22,13,45872,52,50658
197330,11,1,2019,7,18,4,3,5,3,0,1,1,0,0,0,0,0,798603,908,5828890,418,13,40273,52,5281
197331,11,5,2019,7,18,4,2,2,6,0,0,1,0,1,0,0,0,786044,5055,5829165,312,13,21834,52,5373
197332,11,2,2019,7,18,4,3,5,2,0,0,1,0,1,0,0,0,798322,9117,5825139,64,13,39524,52,49463
197333,11,7,2019,7,18,4,3,6,2,0,1,0,1,0,0,0,0,798099,158,5823964,834,13,3909,52,48422
197334,11,1,2019,7,18,4,3,0,1,0,1,0,0,0,0,0,0,798545,2399,5829189,163,13,40214,52,53081
197335,11,10,2019,7,17,4,3,6,7,0,0,1,1,0,0,0,0,812123,4917,5830905,826,13,60328,52,53859
197336,11,1,2019,7,12,4,3,2,2,0,0,1,0,0,0,1,0,794913,1324,5832044,113,13,35128,52,55838
197337,11,9,2019,7,12,4,3,0,6,0,0,1,0,1,0,0,0,806685,7465,5822696,904,13,51579,52,4681
197338,11,7,2019,7,12,4,3,5,2,0,1,1,0,0,0,0,0,796347,883,5824919,951,13,36602,52,49374
197339,11,9,2019,7,11,4,2,6,7,0,0,1,1,0,0,0,0,804282,1573,5823767,33,13,48149,52,47904
197340,11,3,2019,7,10,4,2,6,4,0,0,1,1,0,0,0,0,800710,2781,5829144,165,13,43392,52,52921
197341,11,7,2019,7,9,4,3,5,2,0,0,1,0,0,0,0,0,794567,3052,5825796,196,13,34066,52,50256
197342,11,7,2019,7,8,4,3,5,3,0,1,1,0,0,0,0,0,795426,1992,5825488,69,13,353,52,49933
197343,11,1,2019,7,8,4,3,1,5,0,1,1,0,0,0,0,0,798855,242,5827027,577,13,40475,52,51126
197344,11,11,2019,7,8,4,3,5,2,0,1,1,0,0,0,0,0,803969,6837,5829072,463,13,48175,52,52676
197345,11,11,2019,7,7,4,3,5,3,0,0,1,0,1,0,0,0,804308,5809,5828168,371,13,4859,52,51847
197346,11,5,2019,7,7,4,3,6,4,0,0,1,1,0,0,0,0,786804,9857,5828211,49,13,2287,52,52835
197347,11,3,2019,7,16,4,3,2,6,0,0,1,0,0,0,0,0,804644,687,5841357,339,13,50296,52,63649
197348,11,11,2019,7,16,4,3,0,7,0,1,1,0,0,0,0,0,808400,6053,5823572,31,13,54177,52,47498
197349,11,4,2019,7,15,4,2,5,2,0,0,1,0,1,0,0,0,792302,3205,5825377,25,13,30702,52,50002
197350,11,12,2019,7,15,4,3,3,5,0,1,1,0,0,0,0,0,788353,7777,5832100,746,13,25485,52,5624
197351,11,4,2019,7,14,4,2,6,4,0,1,0,1,0,0,0,0,794028,2973,5824715,809,13,33179,52,49316
197352,11,3,2019,7,14,4,3,2,6,0,0,1,0,0,0,0,0,798047,2902,5831836,487,13,39719,52,55481
197353,11,3,2019,7,13,4,3,6,2,0,0,1,1,0,0,0,0,801536,4047,5831445,505,13,44815,52,54938
197354,11,1,2019,7,13,4,3,0,3,0,0,1,0,0,0,0,0,794479,2,5827387,3,13,34077,52,51687
197355,11,1,2019,7,13,4,3,5,2,0,1,1,0,0,0,0,0,795668,9129,5829732,336,13,36034,52,53724
197356,11,11,2019,7,12,4,3,3,6,0,0,1,0,0,1,0,0,805522,379,5831606,95,13,5069,52,5486
197357,11,2,2019,7,13,4,2,3,6,0,0,1,0,1,0,0,0,801730,635,5828912,954,13,4487,52,52658
197358,11,10,2019,7,5,4,3,6,4,0,0,0,1,0,0,1,0,809206,1174,5830597,75,13,56011,52,53749
197359,11,2,2019,7,20,4,3,5,2,0,0,1,0,1,0,0,0,800425,6853,5827973,981,13,42868,52,51888
197360,11,9,2019,7,19,3,3,6,4,0,1,0,1,0,0,0,0,813473,2629,5816411,605,13,60949,52,40793
197361,11,1,2019,7,21,3,3,5,3,2,0,1,0,1,0,0,0,797804,4315,5830038,942,13,39201,52,53883
197362,11,1,2019,7,20,3,3,0,7,0,0,1,0,0,0,0,0,796401,9495,5830096,117,13,37144,52,54011
197363,11,7,2019,7,19,3,3,2,7,0,1,0,0,0,0,1,0,796206,5206,5824232,496,13,36335,52,48765
197364,11,9,2019,7,19,3,3,5,2,0,1,1,0,0,0,0,0,807367,132,5822350,367,13,52547,52,46461
197365,11,2,2019,7,19,3,2,5,7,1,0,1,0,1,0,0,0,799766,8115,5824819,202,13,41615,52,49097
197366,11,1,2019,7,19,3,2,1,5,0,1,1,0,0,0,0,0,798617,6698,5828850,144,13,4029,52,52773
197367,11,1,2019,7,18,3,3,2,6,0,0,1,0,1,0,0,0,798372,7401,5829037,422,13,39946,52,52954
197368,11,5,2019,7,18,3,3,5,3,0,0,1,0,0,0,0,0,782375,924,5827033,52,13,16259,52,52009
197369,11,8,2019,7,18,3,3,0,3,0,0,1,0,1,0,0,0,805354,681,5817314,53,13,49134,52,42061
197370,11,2,2019,7,17,3,3,6,4,0,0,1,1,0,0,0,0,801427,4069,5826416,965,13,44198,52,50437
197371,11,2,2019,7,17,3,3,2,6,0,1,0,0,0,0,0,0,801627,8052,5826057,583,13,4446,52,50104
197372,11,2,2019,7,16,3,3,5,3,0,1,1,0,0,0,0,0,802218,9191,5826089,384,13,45331,52,501
197373,11,9,2019,7,16,3,3,5,7,0,0,1,0,0,0,1,0,806509,9448,5822550,203,13,51308,52,46689
197374,11,3,2019,7,11,3,3,0,1,0,1,0,0,0,0,0,0,804086,6477,5841238,982,13,49463,52,63574
197375,11,1,2019,7,16,3,2,0,1,0,1,0,0,0,0,0,0,798678,5389,5829460,684,13,40434,52,53317
197376,11,1,2019,7,16,3,3,0,1,0,1,0,0,0,0,0,0,798474,5082,5829096,249,13,40101,52,53001
197377,11,1,2019,7,15,3,3,5,2,0,0,1,0,1,0,0,0,797776,8136,5827345,155,13,38919,52,5147
197378,11,8,2019,7,15,3,2,0,1,0,1,0,0,0,0,0,0,800329,3289,5824358,696,13,424,52,48653
197379,11,2,2019,7,14,3,3,0,7,0,1,1,0,0,0,0,0,801207,7451,5827481,316,13,43972,52,51403
197380,11,1,2019,7,13,3,3,2,6,0,0,0,0,1,0,1,0,794554,3647,5830743,303,13,34485,52,54691
197381,11,6,2019,7,13,3,3,5,7,0,0,1,0,1,0,0,0,795142,4399,5818859,104,13,34297,52,44006
197382,11,9,2019,7,13,3,2,5,3,0,1,1,0,0,0,0,0,811558,5299,5818886,184,13,58374,52,4312
197383,11,8,2019,7,12,3,3,5,7,0,0,1,0,1,0,0,0,800185,1982,5823612,589,13,42121,52,47992
197384,11,4,2019,7,12,3,3,3,2,0,0,1,0,0,0,0,0,792628,5074,5825441,235,13,31187,52,50042
197385,11,1,2019,7,12,3,3,1,5,0,1,1,0,0,0,0,0,797240,287,5828237,236,13,3821,52,52299
197386,11,4,2019,7,11,3,3,2,2,0,0,1,0,1,0,0,0,792439,2963,5824109,262,13,30792,52,48858
197387,11,2,2019,7,11,3,3,6,4,0,0,1,1,0,0,0,0,800282,3398,5826085,137,13,42487,52,50203
197388,11,4,2019,7,11,3,3,2,6,0,0,1,0,1,0,0,0,792378,8498,5825383,952,13,30815,52,50004
197389,11,3,2019,7,11,3,3,5,3,0,0,1,0,1,0,0,0,798977,7695,5835029,233,13,41375,52,58292
197390,11,5,2019,7,17,3,3,2,6,0,0,1,0,0,0,0,0,785138,3518,5828966,141,13,20485,52,53599
197391,11,5,2019,7,10,3,3,2,6,0,0,1,0,0,0,0,0,779617,7478,5827822,114,13,12271,52,52859
197392,11,7,2019,7,10,3,3,2,2,0,0,1,0,1,0,0,0,798741,9674,5823946,932,13,40032,52,48371
197393,11,2,2019,7,10,3,3,0,1,0,1,0,0,0,0,0,0,801416,9208,5825630,388,13,44112,52,49733
197394,11,1,2019,7,9,3,3,2,6,0,0,1,0,0,0,0,0,795375,1858,5831089,716,13,35723,52,54957
197395,11,11,2019,7,9,3,3,5,2,0,1,1,0,0,0,0,0,804095,153,5825995,295,13,48078,52,49911
197396,11,4,2019,7,9,3,3,2,2,0,0,1,0,1,0,0,0,791474,7366,5828282,774,13,29741,52,52651
197397,11,3,2019,7,9,3,3,1,5,0,1,1,0,0,0,0,0,801620,921,5830165,634,13,44823,52,53787
197398,11,9,2019,7,7,3,3,5,7,0,1,0,0,0,0,1,0,814207,5313,5821766,947,13,62528,52,4555
197399,11,3,2019,7,6,3,3,5,3,0,0,1,0,0,0,1,0,796278,303,5835300,553,13,37427,52,58683
197400,11,11,2019,7,6,3,3,5,3,0,0,1,0,1,0,0,0,806501,8618,5833022,41,13,5226,52,56075
197401,11,1,2019,7,6,3,3,5,2,0,0,1,0,1,0,0,0,797556,1451,5828722,82,13,38718,52,52717
197402,11,4,2019,7,3,3,3,5,3,2,1,1,0,0,0,0,0,792847,2806,5824332,448,13,31411,52,49036
197403,11,1,2019,7,18,3,3,0,1,0,0,0,0,0,0,1,0,798485,4558,5828032,274,13,40022,52,52047
197404,11,5,2019,7,13,3,3,1,5,0,1,1,0,0,0,0,0,781733,6368,5828491,503,13,15438,52,5335
197405,11,1,2019,7,19,3,3,1,5,0,1,1,0,0,0,0,0,797482,528,5828817,64,13,38618,52,52806
197406,11,3,2019,7,7,2,3,5,3,0,0,1,0,0,0,0,0,799586,5108,5831413,305,13,41945,52,55017
197407,11,4,2019,7,6,2,3,2,2,0,0,1,0,0,1,0,0,791672,953,5830679,627,13,30242,52,54789
197408,11,7,2019,7,1,2,3,0,1,2,0,1,0,0,0,0,0,799160,2544,5816219,514,13,39954,52,41421
197409,11,1,2019,7,15,2,3,5,3,0,1,1,0,0,0,0,0,799106,9793,5828466,91,13,40974,52,52402