OBJECTID,LAND,BEZ,UJAHR,UMONAT,USTUNDE,UWOCHENTAG,UKATEGORIE,UART,UTYP1,ULICHTVERH,IstRad,IstPKW,IstFuss,IstKrad,IstGkfz,IstSonstige,USTRZUSTAND,LINREFX,LINREFY,XGCSWGS84,YGCSWGS84,,,,
197410,11,3,2019,7,15,2,3,2,7,0,0,0,0,1,1,0,0,799980,5304,5835126,8,13,4286,52,58323
197411,11,4,2019,7,17,2,3,5,2,0,1,1,0,0,0,0,1,793631,3299,5824864,161,13,32609,52,4947
197412,11,4,2019,7,17,2,3,0,7,0,1,1,0,0,0,0,1,791839,1431,5824921,469,13,29982,52,49618
197413,11,1,2019,7,13,2,3,5,2,0,1,1,0,0,0,0,0,797763,2654,5829744,614,13,39114,52,53621
197414,11,1,2019,7,13,2,3,3,6,0,1,0,0,0,0,1,0,797705,865,5829652,281,13,3902,52,53542
197415,11,1,2019,7,16,2,3,2,7,0,0,1,0,0,0,0,0,796369,3878,5831657,559,13,37236,52,55412
197416,11,1,2019,7,15,2,2,5,2,0,1,1,0,0,0,0,0,797471,2321,5826798,786,13,38421,52,50997
197417,11,1,2019,7,15,2,3,1,1,0,0,1,0,0,0,0,0,797811,5894,5831131,418,13,39309,52,54862
197418,11,5,2019,7,16,2,3,2,6,0,0,1,0,0,0,1,0,784702,1072,5827686,122,13,19734,52,52474
197419,11,4,2019,7,14,2,2,3,6,0,0,1,0,0,0,0,0,790381,6894,5825984,707,13,27934,52,50649
197420,11,4,2019,7,17,2,2,0,1,0,0,0,0,1,0,0,1,790732,781,5827657,588,13,28594,52,5213
197421,11,5,2019,7,21,2,3,9,1,1,0,1,0,0,0,0,1,784926,624,5831138,701,13,2036,52,55558
197422,11,8,2019,7,20,2,3,2,7,1,0,1,0,1,0,0,0,800717,3842,5823850,426,13,42924,52,48176
197423,11,12,2019,7,19,2,3,2,6,0,0,1,0,0,0,0,0,793509,8551,5832413,303,13,33097,52,56244
197424,11,1,2019,7,19,2,3,1,5,0,1,1,0,0,0,1,0,795112,1716,5831237,511,13,35349,52,55104
197425,11,2,2019,7,13,2,3,5,3,0,0,1,0,0,0,0,0,799022,9659,5826071,454,13,40636,52,5026
197426,11,4,2019,7,13,2,3,5,2,0,0,1,0,1,0,0,0,792312,4101,5825381,533,13,30717,52,50005
197427,11,1,2019,7,12,2,3,5,3,0,1,0,0,0,0,0,0,793831,3744,5828141,3,13,33192,52,52397
197428,11,9,2019,7,12,2,3,5,3,0,0,1,0,0,0,0,0,811065,6118,5821224,398,13,57869,52,45243
197429,11,11,2019,7,11,2,3,0,7,0,0,0,0,0,1,0,0,806591,6061,5827752,818,13,51906,52,51347
197430,11,6,2019,7,11,2,3,5,3,0,0,1,0,0,0,1,0,796875,8598,5817496,1,13,36719,52,4269
197431,11,9,2019,7,11,2,3,5,3,0,1,1,0,0,0,0,0,806409,5666,5822969,801,13,51199,52,4707
197432,11,2,2019,7,9,2,3,2,6,0,1,0,0,0,0,0,0,798346,1963,5825563,927,13,39596,52,49842
197433,11,11,2019,7,9,2,3,2,6,0,0,1,0,0,0,0,0,807217,6113,5824022,971,13,52482,52,47969
197434,11,3,2019,7,8,2,3,5,3,0,1,1,0,0,0,0,0,798684,5131,5833804,311,13,40833,52,5721
197435,11,1,2019,7,6,2,3,6,4,0,1,0,1,0,0,0,0,797087,5049,5828852,287,13,38041,52,52858
197436,11,5,2019,7,10,2,3,5,2,0,1,1,0,0,0,0,0,785202,6906,5831163,583,13,20768,52,55565
197437,11,4,2019,7,10,2,2,6,4,0,0,1,1,0,0,0,0,789756,334,5826384,785,13,2705,52,51041
197438,11,3,2019,7,20,2,3,1,5,1,1,1,0,0,0,0,0,798149,9737,5835473,657,13,40197,52,58735
197439,11,5,2019,7,11,2,3,6,2,0,0,1,1,0,0,0,0,783903,2146,5831186,961,13,18859,52,55654
197440,11,9,2019,7,14,1,3,6,4,0,0,1,1,0,0,0,0,809277,9159,5817390,902,13,54892,52,41909
197441,11,1,2019,7,19,1,3,2,6,0,0,1,0,0,0,0,0,794706,6407,5830843,821,13,34718,52,54773
197442,11,3,2019,7,22,1,3,1,7,2,0,0,0,1,0,1,0,800149,2991,5831877,123,13,42814,52,55402
197443,11,4,2019,7,19,1,3,1,5,0,0,1,0,1,0,0,0,791975,8154,5824146,324,13,30114,52,48916
197444,11,3,2019,7,19,1,3,5,3,0,1,1,0,0,0,0,0,799136,13,5830553,416,13,41205,52,54271
197445,11,6,2019,7,19,1,3,1,5,0,0,1,0,0,0,0,0,790696,3993,5817892,226,13,27691,52,43377
197446,11,8,2019,7,18,1,3,0,2,0,0,1,0,0,0,1,0,800750,551,5824332,298,13,43015,52,48606
197447,11,9,2019,7,18,1,3,5,2,0,0,1,0,0,0,1,0,803842,6567,5823840,348,13,47511,52,47994
197448,11,9,2019,7,17,1,2,5,3,0,0,1,0,1,0,0,0,818821,531,5812575,883,13,68421,52,37047
197449,11,11,2019,7,16,1,3,3,6,0,0,1,0,1,0,0,0,805514,1552,5830038,116,13,50533,52,53455
197450,11,11,2019,7,16,1,2,6,4,0,0,1,1,0,0,0,0,805043,606,5833518,386,13,50161,52,56601
197451,11,11,2019,7,16,1,3,4,6,0,0,1,0,1,0,0,0,805830,8108,5834831,459,13,5144,52,57734
197452,11,2,2019,7,15,1,3,5,3,0,0,1,0,1,0,0,0,800618,9241,5827215,663,13,43083,52,51198
197453,11,5,2019,7,15,1,3,5,2,0,0,1,0,0,0,0,1,783691,1223,5830167,514,13,18459,52,54751
197454,11,4,2019,7,14,1,3,2,6,0,1,1,0,0,0,0,0,785817,4789,5825053,83,13,21147,52,50055
197455,11,9,2019,7,14,1,3,1,5,0,1,1,0,0,0,0,0,810570,901,5820665,306,13,5709,52,4477
197456,11,4,2019,7,14,1,3,1,5,0,1,1,0,0,0,0,0,792933,6467,5825549,874,13,31645,52,50123
197457,11,1,2019,7,15,1,3,8,1,0,0,1,0,0,0,1,0,794423,8217,5828948,138,13,34134,52,53089
197458,11,12,2019,7,10,1,3,5,3,0,0,1,0,0,0,0,1,793890,5372,5837581,197,13,34115,52,60857
197459,11,8,2019,7,2,1,2,1,5,2,1,1,0,0,0,0,1,801218,4211,5824851,347,13,4375,52,49046
197460,11,1,2019,7,22,1,2,0,7,2,0,0,0,0,0,1,0,797411,7651,5831253,655,13,38732,52,54993
197461,11,3,2019,7,20,7,3,5,2,1,1,1,0,0,0,0,0,800624,1669,5831371,523,13,43467,52,54923
197462,11,1,2019,7,18,7,3,6,4,0,0,1,1,0,0,0,0,797351,5866,5831186,295,13,38638,52,54936
197463,11,12,2019,7,22,7,3,6,7,2,1,0,1,0,0,0,1,787238,4723,5837814,425,13,24339,52,61421
197464,11,7,2019,7,20,7,3,5,2,0,0,1,0,0,0,1,0,796014,49,5824955,601,13,36116,52,49424
197465,11,12,2019,7,20,7,3,2,2,0,0,1,0,0,0,0,0,793267,6298,5832584,139,13,32756,52,56411
197466,11,8,2019,7,18,7,2,5,2,0,0,1,0,1,0,0,0,800663,9273,5824384,824,13,42894,52,48658
197467,11,11,2019,7,17,7,3,9,1,0,0,1,0,0,0,0,0,806362,865,5835157,976,13,52253,52,57996
197468,11,1,2019,7,17,7,3,5,7,0,0,1,0,1,0,0,0,795079,6277,5829098,479,13,35112,52,53188
197469,11,7,2019,7,16,7,2,1,5,0,1,1,0,0,0,0,0,794959,2689,5825281,655,13,34596,52,49773
197470,11,4,2019,7,16,7,3,5,3,0,1,1,0,0,0,0,0,790669,1179,5829639,788,13,28675,52,5391
197471,11,3,2019,7,16,7,3,8,1,0,0,0,0,0,0,1,0,800910,4538,5832110,499,13,43954,52,55569
197472,11,4,2019,7,15,7,3,5,2,0,1,1,0,0,0,0,0,792061,585,5824052,229,13,30232,52,48827
197473,11,4,2019,7,14,7,3,2,6,0,0,1,0,1,0,0,0,790363,3212,5825570,779,13,2787,52,50279
197474,11,4,2019,7,13,7,2,5,2,0,0,1,0,0,0,0,0,793433,5209,5823929,36,13,32236,52,48643
197475,11,11,2019,7,12,7,2,2,6,0,0,1,0,0,0,0,0,805112,17,5829972,509,13,49936,52,53419
197476,11,6,2019,7,12,7,3,3,6,0,0,1,0,1,0,0,0,793238,1486,5816841,304,13,31327,52,42299
197477,11,7,2019,7,11,7,3,5,2,0,0,1,0,0,0,0,0,797576,81,5818421,451,13,37829,52,43482
197478,11,7,2019,7,11,7,3,5,3,0,1,1,0,0,0,0,0,795889,7709,5815352,929,13,35083,52,40822
197479,11,10,2019,7,10,7,3,5,3,0,1,1,0,0,0,0,0,811314,4224,5831721,137,13,59215,52,54635
197480,11,3,2019,7,10,7,2,6,3,0,0,1,1,0,0,0,0,800073,7201,5837478,547,13,4321,52,60427
197481,11,5,2019,7,9,7,3,0,6,0,0,0,0,0,0,1,0,786050,9259,5829162,42,13,21843,52,53726
197482,11,9,2019,7,9,7,2,6,2,0,0,1,1,0,0,0,0,802660,822,5824427,915,13,45829,52,48586
197483,11,12,2019,7,8,7,3,5,3,0,0,1,0,1,0,0,0,793309,3532,5833875,298,13,32931,52,57566
197484,11,8,2019,7,18,7,3,5,3,0,0,1,0,0,0,0,0,801860,1336,5821749,947,13,44411,52,4623
197485,11,3,2019,7,22,7,3,5,2,2,1,0,0,0,0,1,1,800598,249,5831859,304,13,43473,52,55361
197486,11,5,2019,7,14,6,3,2,6,0,0,1,0,0,0,0,0,784758,5282,5830452,191,13,20054,52,54951
197487,11,6,2019,7,16,6,3,5,3,0,0,1,0,0,0,0,0,794297,485,5820851,728,13,33233,52,45838
197488,11,5,2019,7,19,6,2,5,3,0,0,1,0,0,0,0,0,780018,3664,5827865,477,13,12863,52,52877
197489,11,1,2019,7,18,6,3,5,3,0,0,1,0,1,0,0,0,796971,2111,5826858,103,13,37692,52,51077
197490,11,3,2019,7,16,6,2,5,3,0,0,1,0,1,0,0,1,800086,2845,5831671,75,13,42703,52,55221
197491,11,12,2019,7,15,6,3,2,6,0,0,1,0,0,0,0,0,791255,5223,5836431,173,13,30134,52,59967
197492,11,11,2019,7,14,6,3,4,6,0,0,1,0,0,1,0,0,805713,464,5830900,713,13,50906,52,54217
197493,11,2,2019,7,13,6,3,2,7,0,0,0,0,1,1,0,0,801777,7042,5827424,505,13,44804,52,51321
197494,11,5,2019,7,12,6,3,5,2,0,0,1,0,0,0,0,0,780873,764,5828322,241,13,14159,52,53243
197495,11,12,2019,7,11,6,3,0,5,0,1,1,0,0,0,1,0,793235,7463,5835960,562,13,33008,52,59439
197496,11,1,2019,7,10,6,3,2,6,0,0,0,0,1,0,1,0,799248,351,5828469,191,13,41182,52,52397
197497,11,6,2019,7,10,6,3,5,2,0,1,1,0,0,0,0,0,795348,9043,5818441,799,13,34563,52,43621
197498,11,1,2019,7,8,6,3,5,3,0,1,1,0,0,0,0,0,797761,9208,5827443,2,13,38906,52,51558
197499,11,5,2019,7,22,6,3,2,2,2,0,1,0,1,0,0,0,782374,2671,5830505,233,13,16551,52,55123
197500,11,8,2019,7,20,6,3,5,3,2,0,1,0,0,0,0,0,800893,7323,5821468,207,13,42968,52,46031
197501,11,2,2019,7,16,6,3,0,1,0,0,0,0,1,0,0,1,803212,236,5825840,15,13,46767,52,49821
197502,11,1,2019,7,12,6,2,6,2,0,0,0,1,0,0,1,0,796622,5384,5825637,32,13,37071,52,50002
197503,11,4,2019,7,10,6,2,5,3,0,0,1,0,0,0,0,0,790471,356,5826697,152,13,28127,52,51283
197504,11,11,2019,7,16,6,3,0,1,0,0,0,0,1,0,0,1,804119,134,5829830,649,13,48464,52,53348
197505,11,1,2019,7,17,6,3,0,1,0,1,0,0,0,0,0,1,798551,2712,5828965,436,13,40202,52,5288
197506,11,10,2019,8,15,3,3,0,2,0,1,1,0,0,0,0,1,809183,9232,5830215,1,13,55943,52,53407
197507,11,3,2019,8,17,3,1,5,5,0,0,0,0,0,0,1,0,799689,7096,5832577,9,13,42201,52,56055
197508,11,8,2019,8,13,2,3,3,6,0,1,1,0,0,0,0,0,800988,8133,5819508,749,13,42931,52,44269
197509,11,1,2019,8,22,2,3,1,5,2,1,1,0,0,0,0,0,796694,784,5826907,377,13,37289,52,51136
197510,11,4,2019,8,17,2,3,0,1,0,0,0,0,1,0,0,0,789934,7848,5826209,149,13,27296,52,50874
197511,11,4,2019,8,16,2,3,2,2,0,0,1,0,0,0,1,0,793508,1029,5827633,456,13,32672,52,5196
197512,11,1,2019,8,16,2,3,3,6,0,1,1,0,0,0,0,0,798343,1575,5828962,346,13,39896,52,52888
197513,11,4,2019,8,16,2,3,5,3,0,1,1,0,0,0,0,0,790855,6336,5826736,783,13,28696,52,51298
197514,11,9,2019,8,9,2,3,5,2,0,1,0,0,0,0,1,0,805794,606,5821825,33,13,50192,52,46079
197515,11,4,2019,8,17,2,3,3,6,0,1,1,0,0,0,0,0,794178,473,5824120,51,13,33346,52,48774
197516,11,9,2019,8,16,2,3,0,2,0,1,0,0,0,0,1,0,809215,9385,5823033,132,13,55323,52,46969
197517,11,3,2019,8,16,2,3,6,2,0,0,0,1,0,1,0,0,802304,781,5829214,319,13,45741,52,52896
197518,11,9,2019,8,16,2,3,0,3,0,1,1,0,0,0,0,0,809182,6593,5819531,62,13,5495,52,43832
197519,11,8,2019,8,15,2,3,2,6,0,0,1,0,0,0,0,0,800845,1669,5824283,899,13,43151,52,48558
197520,11,7,2019,8,15,2,2,1,5,0,1,1,0,0,0,0,0,796145,7741,5824014,932,13,36226,52,48573
197521,11,1,2019,8,15,2,3,0,2,0,1,1,0,0,0,0,0,793098,2877,5828963,683,13,32187,52,53174
197522,11,7,2019,8,13,2,3,0,1,0,0,0,0,1,0,0,1,795889,5071,5820821,862,13,35567,52,45725
197523,11,1,2019,8,11,2,3,5,3,0,1,0,0,0,0,1,0,797962,6729,5826580,54,13,39124,52,50774
197524,11,2,2019,8,11,2,3,1,5,0,1,1,0,0,0,0,0,797035,7873,5823991,334,13,37531,52,48504
197525,11,4,2019,8,11,2,3,6,7,0,1,0,1,0,0,0,0,793162,6303,5827770,961,13,32177,52,52101
197526,11,8,2019,8,11,2,3,5,7,0,0,1,0,1,0,0,0,804345,654,5818310,531,13,47745,52,4301
197527,11,6,2019,8,11,2,3,5,3,0,0,1,0,0,0,0,0,794730,9606,5820070,642,13,338,52,45114
197528,11,1,2019,8,8,2,2,5,3,0,1,1,0,0,0,0,0,798550,2721,5827802,738,13,40097,52,51838
197529,11,7,2019,8,8,2,3,5,2,0,1,1,0,0,0,0,0,799802,6047,5813185,422,13,40624,52,38667
197530,11,1,2019,8,8,2,3,2,6,0,0,1,0,0,0,1,0,800251,8139,5827564,13,13,42575,52,5153
197531,11,8,2019,8,8,2,3,5,2,0,1,1,0,0,0,0,0,800477,1364,5823615,274,13,4255,52,47978
197532,11,4,2019,8,7,2,3,2,6,0,0,1,0,0,0,0,0,789431,5024,5826660,338,13,26596,52,51305
197533,11,3,2019,8,7,2,3,2,7,0,0,1,0,0,0,0,0,798846,4673,5834955,918,13,41176,52,58233
197534,11,3,2019,8,10,2,3,0,3,0,1,0,0,0,0,1,0,799984,783,5835246,868,13,42877,52,58431
197535,11,3,2019,8,7,2,3,5,2,0,0,1,0,1,0,0,0,801962,582,5831443,645,13,45441,52,54913
197536,11,9,2019,8,6,2,3,5,3,0,1,1,0,0,0,0,0,806494,525,5820614,202,13,51107,52,44954
197537,11,2,2019,8,2,2,3,5,3,2,0,1,0,0,0,1,0,800519,5831,5825464,878,13,42779,52,49634
197538,11,1,2019,8,6,2,3,1,5,0,1,1,0,0,0,0,0,797099,6089,5830996,804,13,3825,52,5478
197539,11,3,2019,8,10,2,3,2,6,0,0,1,0,0,0,0,0,802911,368,5833188,512,13,46995,52,56424
197540,11,6,2019,8,9,2,3,5,2,0,0,1,0,1,0,0,0,794108,7055,5820903,111,13,32961,52,45894
197541,11,10,2019,8,9,2,3,2,6,0,0,1,0,0,0,0,0,809583,1018,5828033,338,13,56327,52,51429
197542,11,5,2019,8,9,2,3,5,2,0,1,1,0,0,0,0,0,784580,4094,5829771,713,13,19733,52,5435
197543,11,7,2019,8,4,1,3,2,6,2,0,1,0,0,0,0,0,797751,534,5823954,123,13,38578,52,48432
197544,11,3,2019,8,17,1,2,0,1,0,1,0,0,0,0,0,0,804141,6584,5832425,905,13,48735,52,55672
197545,11,1,2019,8,13,1,3,0,1,0,0,0,0,1,0,0,0,796957,468,5826861,653,13,37672,52,51081
197546,11,1,2019,8,0,1,3,0,1,2,0,0,0,0,0,1,0,799101,3121,5828264,602,13,40948,52,52221
197547,11,5,2019,8,12,1,3,2,6,0,0,1,0,1,0,1,0,785277,1754,5829298,541,13,20717,52,53889
197548,11,3,2019,8,17,1,3,5,3,0,0,1,0,1,0,0,0,804148,1813,5838509,244,13,49303,52,61124
197549,11,6,2019,8,16,1,3,5,3,0,0,1,0,1,0,0,0,795357,9475,5818459,732,13,34578,52,43636
197550,11,5,2019,8,13,1,3,2,6,0,0,1,0,0,0,0,0,781831,5477,5827188,266,13,15472,52,52176
197551,11,5,2019,8,12,1,3,3,6,0,0,1,0,1,0,0,0,785667,9962,5829287,353,13,21291,52,53859
197552,11,4,2019,8,4,1,3,1,5,2,0,1,0,0,0,1,0,793227,5015,5825204,887,13,32046,52,49798
197553,11,3,2019,8,4,1,3,5,3,2,0,1,0,0,0,0,0,798602,6767,5833049,917,13,40645,52,56538
197554,11,11,2019,8,18,1,3,0,7,0,1,0,0,0,0,0,0,804137,6143,5834704,442,13,48938,52,57715
197555,11,2,2019,8,0,1,3,0,5,2,1,1,0,0,0,1,0,801991,933,5825603,84,13,44954,52,49677
197556,11,1,2019,8,21,1,3,1,5,2,1,1,0,0,0,0,0,794525,6392,5826093,588,13,34031,52,50524
197557,11,8,2019,8,20,1,2,5,3,1,0,1,0,0,0,0,0,801176,6426,5820600,381,13,43305,52,45238
197558,11,2,2019,8,19,1,3,0,1,0,1,0,0,0,0,0,0,798295,803,5825335,49,13,39501,52,4964
197559,11,11,2019,8,19,1,3,0,1,0,1,0,0,0,0,0,0,807244,2199,5824179,594,13,52535,52,48108
197560,11,12,2019,8,21,7,3,2,6,0,0,1,0,0,0,0,0,792918,752,5832171,662,13,32206,52,5606
197561,11,2,2019,8,14,7,3,4,6,0,1,0,0,0,0,1,0,800759,6584,5825807,211,13,43163,52,49928
197562,11,12,2019,8,14,7,3,2,6,0,0,1,0,0,0,0,0,790476,4778,5834680,712,13,28833,52,5844
197563,11,12,2019,8,19,7,3,5,3,0,0,1,0,0,0,0,0,791742,429,5832955,592,13,30545,52,56826
197564,11,4,2019,8,13,7,3,6,4,0,0,1,1,0,0,0,0,789636,109,5823315,306,13,26606,52,48295
197565,11,8,2019,8,13,7,3,5,3,0,1,1,0,0,0,0,0,804307,6774,5819649,526,13,47812,52,44212
197566,11,2,2019,8,15,7,3,2,6,0,1,1,0,0,0,0,0,799983,5511,5826185,739,13,42057,52,5031
197567,11,8,2019,8,15,7,3,1,5,0,1,1,0,0,0,0,0,801494,5371,5817761,548,13,43515,52,42676
197568,11,8,2019,8,17,7,3,5,2,0,1,1,0,0,0,0,0,804102,8817,5817517,229,13,47317,52,42312
197569,11,12,2019,8,15,7,3,5,2,0,0,1,0,0,0,0,0,793297,9642,5832586,726,13,32801,52,56411
197570,11,1,2019,8,15,7,3,6,4,0,0,1,1,0,0,0,0,796949,676,5832582,88,13,38171,52,56209
197571,11,3,2019,8,17,7,2,5,3,0,0,1,0,1,0,0,0,797958,8765,5835932,98,13,39957,52,59158
197572,11,5,2019,8,16,7,3,0,2,0,1,1,0,0,0,0,0,784029,1293,5828512,442,13,18815,52,5325
197573,11,9,2019,8,17,7,2,2,6,0,0,1,0,1,0,0,0,809337,736,5818509,287,13,55083,52,42908
197574,11,10,2019,8,18,7,3,5,3,0,0,1,0,0,0,0,0,812423,4106,5829322,3,13,6062,52,52422
197575,11,2,2019,8,19,7,3,0,1,0,1,0,0,0,0,0,0,802192,2314,5828107,844,13,45475,52,51911
197576,11,1,2019,8,19,7,2,1,5,0,1,0,0,0,0,1,0,797604,817,5829222,413,13,38834,52,53162
197577,11,12,2019,8,23,7,3,5,2,2,0,1,0,1,0,0,0,792908,9831,5832163,636,13,32191,52,56053
197578,11,9,2019,8,22,7,3,0,3,2,0,1,0,1,0,0,0,804758,3299,5822290,433,13,48714,52,46554
197579,11,6,2019,8,23,7,3,5,3,2,1,0,0,0,0,0,0,794133,631,5817331,112,13,32683,52,4269
197580,11,12,2019,8,13,7,2,2,7,0,1,1,0,0,0,0,0,796697,2496,5832997,85,13,37838,52,56595
197581,11,4,2019,8,11,7,3,5,5,0,0,1,0,1,0,0,0,789108,9976,5827326,726,13,2618,52,5192
197582,11,4,2019,8,11,7,3,2,6,0,1,1,0,0,0,0,0,794029,5785,5826123,672,13,33305,52,50578
197583,11,4,2019,8,11,7,3,2,6,0,1,1,0,0,0,0,0,791323,4101,5826066,443,13,29324,52,50672
197584,11,1,2019,8,10,7,3,0,2,0,0,0,0,0,1,1,0,796977,257,5831917,222,13,38153,52,55612
197585,11,11,2019,8,1,7,2,6,4,2,0,1,1,0,0,0,0,803792,3675,5826174,458,13,4765,52,50089
197586,11,8,2019,8,14,6,2,6,4,0,0,1,1,0,0,0,0,801527,5653,5817384,764,13,4353,52,42336
197587,11,5,2019,8,0,6,3,6,2,2,0,0,1,0,0,1,0,785039,148,5829825,629,13,20413,52,54374
197588,11,1,2019,8,16,6,3,5,3,0,1,1,0,0,0,0,0,795860,801,5831121,351,13,3644,52,54959
197589,11,12,2019,8,18,6,3,0,2,0,1,1,0,0,0,0,0,794511,5874,5834270,775,13,34735,52,57855
197590,11,1,2019,8,9,6,3,6,7,0,0,0,1,0,0,1,0,797573,5057,5828588,184,13,38732,52,52595
197591,11,1,2019,8,14,6,2,5,3,0,0,1,0,1,0,0,0,795091,1428,5828855,464,13,35107,52,5297
197592,11,2,2019,8,18,6,3,0,2,0,1,1,0,0,0,0,1,797844,167,5825634,55,13,38865,52,49932
197593,11,1,2019,8,11,6,3,5,5,0,0,1,0,0,0,0,0,796602,2082,5831240,986,13,37541,52,55026
197594,11,3,2019,8,11,6,3,0,5,0,1,0,0,0,0,0,0,803016,6304,5838438,872,13,4763,52,61124
197595,11,2,2019,8,15,6,3,5,2,0,1,1,0,0,0,0,0,800154,6356,5827339,713,13,42412,52,51335
197596,11,8,2019,8,14,6,3,6,4,0,0,1,1,0,0,0,0,802027,1344,5823490,961,13,44814,52,47782
197597,11,4,2019,8,14,6,3,5,3,0,0,0,0,1,0,1,0,792459,7366,5824274,246,13,30836,52,49004
197598,11,6,2019,8,13,6,3,1,5,0,1,0,0,0,0,1,0,793219,8801,5821326,368,13,31693,52,46321
197599,11,7,2019,8,13,6,3,2,6,0,0,1,0,1,0,0,0,795666,311,5824476,945,13,35563,52,49013
197600,11,4,2019,8,12,6,3,5,7,0,0,1,0,1,0,0,0,793041,3872,5829760,398,13,32174,52,53891
197601,11,5,2019,8,11,6,3,2,6,0,0,1,0,0,0,0,0,785136,117,5828334,744,13,20427,52,53033
197602,11,12,2019,8,11,6,2,5,3,0,0,1,0,1,0,0,0,792481,36,5833903,364,13,31715,52,57636
197603,11,5,2019,8,10,6,3,1,5,0,0,1,0,0,0,1,0,783755,3949,5829856,59,13,18527,52,54469
197604,11,6,2019,8,8,6,2,0,1,0,0,1,0,1,0,0,0,791059,2378,5816495,64,13,28101,52,42105
197605,11,2,2019,8,8,6,3,5,3,0,1,0,0,0,0,0,0,798523,266,5825303,253,13,39832,52,49599
197606,11,10,2019,8,8,6,3,2,7,0,0,1,0,0,0,0,0,809579,6071,5828544,82,13,56369,52,51887
197607,11,12,2019,8,8,6,3,2,6,0,0,1,0,0,0,0,0,793463,1948,5833666,784,13,33139,52,57371
197608,11,6,2019,8,8,6,3,5,2,0,1,1,0,0,0,0,0,790227,581,5814993,992,13,26751,52,40804
197609,11,11,2019,8,19,6,3,0,2,1,0,1,0,1,0,0,1,804496,143,5826390,17,13,48703,52,50243
197610,11,3,2019,8,19,6,3,1,5,0,1,1,0,0,0,0,1,799103,2468,5832206,353,13,41305,52,55755
197611,11,9,2019,8,18,6,3,2,2,0,0,1,0,0,0,0,1,810525,5977,5821116,219,13,57067,52,45177
197612,11,4,2019,8,18,6,2,5,3,0,0,1,0,1,0,0,1,792666,7316,5827732,154,13,31444,52,52093
197613,11,11,2019,8,18,6,3,1,5,1,1,1,0,0,0,0,1,807089,6669,5824392,69,13,52328,52,48307
197614,11,3,2019,8,17,6,2,0,1,0,1,0,0,0,0,0,1,801788,137,5829991,342,13,45053,52,53621
197615,11,3,2019,8,17,6,3,2,6,0,0,1,0,0,0,0,1,802339,3481,5829174,13,13,45788,52,52858
197616,11,4,2019,8,17,6,3,6,4,0,0,1,1,0,0,0,1,793152,9979,5826190,93,13,32023,52,50686
197617,11,3,2019,8,17,6,3,5,3,0,0,1,0,0,0,0,1,801741,5648,5829168,902,13,44909,52,52887
197618,11,4,2019,8,16,6,3,5,3,0,0,1,0,0,0,0,1,789638,2713,5826254,713,13,26865,52,5093
197619,11,1,2019,8,16,6,3,2,6,0,0,1,0,0,0,0,1,796752,3643,5830496,269,13,37695,52,5435
197620,11,5,2019,8,22,6,3,6,4,2,0,1,1,0,0,0,0,784521,1104,5828649,896,13,1955,52,53347
197621,11,1,2019,8,20,6,3,0,1,0,1,0,0,0,0,0,0,795781,6142,5831019,172,13,36314,52,54872
197622,11,3,2019,8,18,6,3,0,2,1,1,1,0,0,0,0,1,799501,2195,5831356,33,13,41814,52,54971
197623,11,1,2019,8,15,5,3,2,6,0,0,1,0,1,0,0,0,797212,1013,5832020,146,13,38507,52,55691
197624,11,4,2019,8,22,5,3,1,5,2,1,1,0,0,0,0,0,794274,39,5825500,123,13,33609,52,50006
197625,11,6,2019,8,21,5,2,5,2,2,0,1,0,0,0,0,0,793313,8046,5820742,14,13,3178,52,45792
197626,11,3,2019,8,21,5,2,5,3,1,1,0,0,0,0,1,0,800396,6454,5831947,294,13,43184,52,55451
197627,11,2,2019,8,20,5,3,1,5,1,1,1,0,0,0,0,0,803097,8769,5826934,929,13,46699,52,50809
197628,11,2,2019,8,20,5,3,6,4,1,1,0,1,0,0,0,0,797817,6452,5825899,514,13,3885,52,50172
197629,11,3,2019,8,19,5,3,6,4,0,0,1,1,0,0,0,0,799084,9113,5830225,218,13,411,52,5398
197630,11,10,2019,8,19,5,3,5,3,0,1,1,0,0,0,0,0,809226,1922,5827212,697,13,55726,52,50714
197631,11,5,2019,8,16,5,3,2,6,0,0,1,0,1,0,0,1,785236,4594,5831826,472,13,20875,52,56158
197632,11,8,2019,8,18,5,3,1,5,0,1,1,0,0,0,0,0,800206,5944,5823526,513,13,42145,52,47914
197633,11,2,2019,8,18,5,3,0,3,0,0,1,0,1,0,0,0,800733,3861,5826516,318,13,43188,52,50565
197634,11,5,2019,8,17,5,3,5,2,0,0,1,0,0,0,0,0,783248,7712,5830289,788,13,17819,52,54884
197635,11,4,2019,8,16,5,3,2,6,0,0,1,0,0,0,1,0,792447,9746,5827189,429,13,31075,52,51619
197636,11,7,2019,8,16,5,3,0,1,0,1,0,0,0,0,0,0,796541,7762,5820099,424,13,3646,52,45042
197637,11,4,2019,8,16,5,3,5,3,0,1,1,0,0,0,0,0,792887,7282,5824294,618,13,31467,52,49
197638,11,7,2019,8,14,5,3,5,3,0,0,1,0,0,0,0,0,797325,2524,5823511,807,13,37913,52,48058
197639,11,5,2019,8,14,5,3,2,6,0,0,1,0,0,0,0,0,785231,6755,5830968,843,13,20794,52,55389
197640,11,12,2019,8,14,5,3,0,6,0,1,0,0,0,1,0,0,792682,3423,5837413,295,13,32321,52,60771