OBJECTID,LAND,BEZ,UJAHR,UMONAT,USTUNDE,UWOCHENTAG,UKATEGORIE,UART,UTYP1,ULICHTVERH,IstRad,IstPKW,IstFuss,IstKrad,IstGkfz,IstSonstige,USTRZUSTAND,LINREFX,LINREFY,XGCSWGS84,YGCSWGS84,,,,
199951,11,1,2019,10,10,5,3,0,1,0,0,0,0,1,0,0,1,797684,6008,5829635,138,13,38989,52,53527
199952,11,3,2019,9,18,5,3,5,3,1,1,1,0,0,0,0,0,801413,5641,5830922,624,13,44586,52,54477
199953,11,1,2019,10,9,5,3,0,1,0,0,0,0,1,0,0,1,796959,4011,5828920,41,13,37859,52,52926
199954,11,9,2019,9,18,5,3,5,3,2,1,1,0,0,0,0,0,811468,9656,5817294,982,13,58094,52,41699
199955,11,2,2019,10,4,5,2,6,2,2,0,1,1,0,0,0,1,797619,2044,5826418,714,13,38605,52,50648
199956,11,4,2019,9,16,5,3,5,2,0,0,1,0,0,0,0,0,791019,6798,5824868,39,13,28773,52,49614
199957,11,8,2019,10,19,5,3,5,3,2,0,1,0,0,0,1,0,801004,6777,5822160,88,13,43193,52,46645
199958,11,3,2019,9,16,5,3,2,6,0,0,1,0,0,0,0,0,801206,9914,5839213,695,13,45036,52,61919
199959,11,1,2019,10,16,5,3,1,5,0,1,1,0,0,0,0,1,793526,4367,5828513,856,13,32777,52,52748
199960,11,4,2019,10,14,5,3,2,6,0,0,1,0,0,0,0,1,790604,8143,5827359,58,13,28381,52,51869
199961,11,1,2019,9,16,5,3,5,2,0,1,1,0,0,0,0,0,797855,992,5826859,91,13,38991,52,5103
199962,11,11,2019,10,14,5,3,1,1,0,0,1,0,0,0,0,1,807686,205,5834012,107,13,54094,52,56895
199963,11,12,2019,9,18,5,3,6,6,1,0,1,1,0,0,0,0,785452,127,5835940,778,13,21546,52,59835
199964,11,2,2019,10,18,5,2,5,3,2,0,1,0,0,0,1,0,798929,1406,5826353,905,13,40523,52,50518
199965,11,8,2019,9,18,5,3,5,2,0,1,0,0,0,0,1,0,801264,6138,5819821,28,13,43364,52,44534
199966,11,1,2019,10,18,4,2,6,4,1,0,1,1,0,0,0,1,796852,2953,5827631,73,13,37586,52,51776
199967,11,3,2019,9,15,5,3,3,6,0,1,1,0,0,0,0,0,800068,9657,5830664,635,13,42586,52,5432
199968,11,9,2019,10,7,4,3,6,2,0,0,1,1,0,0,0,1,810777,3529,5821249,144,13,57448,52,45282
199969,11,6,2019,10,7,4,3,0,1,2,0,0,0,1,0,0,1,792088,239,5820289,691,13,29942,52,45452
199970,11,11,2019,9,14,5,3,0,6,0,0,1,0,0,0,1,0,805135,5436,5829989,784,13,49972,52,53433
199971,11,4,2019,9,14,5,3,6,4,0,0,1,1,0,0,0,0,794161,8937,5824104,374,13,33321,52,48761
199972,11,8,2019,10,7,4,3,6,4,2,0,1,1,0,0,0,1,802066,2658,5823564,48,13,44878,52,47845
199973,11,6,2019,10,7,4,3,3,6,0,1,0,0,0,0,1,0,793067,913,5821401,572,13,31477,52,46397
199974,11,7,2019,9,14,5,3,5,7,0,0,1,0,1,0,0,0,794865,7374,5824287,379,13,34371,52,48887
199975,11,3,2019,10,18,4,3,5,7,0,0,1,0,1,0,0,0,800164,3491,5832725,72,13,42913,52,56161
199976,11,1,2019,9,14,5,3,2,7,0,0,1,0,0,0,0,0,795259,8063,5831726,628,13,3561,52,55534
199977,11,1,2019,10,17,4,2,5,2,0,0,1,0,1,0,0,0,794308,391,5827029,377,13,33794,52,51375
199978,11,5,2019,10,17,4,3,2,6,0,0,1,0,0,0,0,1,787212,2373,5829747,838,13,23602,52,54191
199979,11,7,2019,9,18,5,3,2,6,1,0,1,0,0,0,0,0,794711,604,5825757,821,13,34275,52,50213
199980,11,8,2019,10,16,4,3,6,2,0,0,1,1,0,0,0,0,802488,7128,5823167,18,13,45462,52,47466
199981,11,1,2019,10,16,4,3,0,1,0,0,0,0,0,0,1,1,792911,4455,5828884,497,13,31905,52,53113
199982,11,1,2019,9,17,5,2,3,6,0,0,1,0,1,0,0,0,796625,3592,5826185,85,13,37124,52,50493
199983,11,8,2019,10,16,4,3,1,5,0,1,1,0,0,0,0,1,801769,84,5822674,234,13,44361,52,47064
199984,11,2,2019,9,14,5,3,3,6,0,0,1,0,1,0,0,0,797064,339,5824721,2,13,37638,52,49157
199985,11,6,2019,10,16,4,3,0,2,0,1,0,0,0,0,1,0,792591,8,5817200,311,13,30409,52,42656
199986,11,7,2019,10,23,4,2,5,7,2,0,1,0,1,0,0,0,793939,8717,5822533,833,13,32857,52,47365
199987,11,12,2019,9,18,5,3,5,2,0,1,1,0,0,0,0,0,792907,5047,5835906,835,13,3252,52,59409
199988,11,8,2019,10,16,4,3,5,3,0,1,0,0,1,0,0,0,800950,6568,5824716,81,13,43345,52,48939
199989,11,7,2019,9,13,5,3,6,2,0,0,1,1,0,0,0,0,794948,3978,5825411,972,13,34592,52,49891
199990,11,1,2019,10,22,4,3,0,7,2,0,0,1,0,0,1,0,799844,9362,5827199,762,13,41945,52,51226
199991,11,1,2019,9,17,5,3,5,7,0,0,1,0,0,0,0,0,797409,5746,5829164,38,13,38542,52,53121
199992,11,12,2019,10,15,4,3,5,3,0,0,1,0,0,0,1,0,793419,6062,5833379,383,13,3305,52,57115
199993,11,1,2019,10,15,4,3,2,6,0,0,1,0,0,0,0,0,794159,5826,5830311,935,13,33867,52,54326
199994,11,4,2019,9,17,5,3,1,5,0,0,1,0,1,0,0,0,792314,307,5827249,26,13,30884,52,51679
199995,11,1,2019,9,13,5,3,2,2,0,1,1,0,0,0,0,0,794635,2898,5830512,245,13,34584,52,54479
199996,11,1,2019,10,22,4,3,1,5,2,1,1,0,0,0,0,0,795685,617,5830562,211,13,36133,52,54467
199997,11,12,2019,10,21,4,3,5,2,2,0,1,0,0,0,0,0,792908,9831,5832163,636,13,32191,52,56053
199998,11,4,2019,9,17,5,3,2,6,0,0,1,0,0,0,0,0,791330,6643,5822049,407,13,28984,52,4707
199999,11,3,2019,10,13,4,2,6,4,0,0,1,1,0,0,0,1,802668,5,5832413,832,13,46567,52,55744
200000,11,8,2019,9,17,5,3,5,3,0,0,1,0,0,0,0,1,801397,6758,5821869,302,13,43744,52,46363
200001,11,1,2019,10,13,4,3,2,6,0,0,1,0,0,0,1,0,798851,5135,5826639,107,13,40435,52,50778
200002,11,3,2019,10,13,4,3,2,6,0,0,1,0,0,1,0,0,796902,1679,5833845,709,13,38215,52,57344
200003,11,9,2019,9,0,5,3,1,1,2,0,1,0,0,0,0,1,808904,775,5815634,15,13,54183,52,40356
200004,11,7,2019,10,12,4,2,4,6,0,0,1,0,0,0,0,0,799508,176,5821801,855,13,40964,52,46406
200005,11,8,2019,10,20,4,3,6,2,2,0,1,1,0,0,0,0,800682,8737,5824118,203,13,42897,52,48418
200006,11,2,2019,9,7,5,3,0,1,0,1,0,0,0,0,0,1,799234,8326,5826244,169,13,40962,52,50403
200007,11,6,2019,10,12,4,3,6,2,0,0,1,1,0,0,0,1,794133,1764,5820815,639,13,32989,52,45814
200008,11,9,2019,9,8,5,2,0,1,0,0,0,0,1,0,0,1,818241,87,5820701,209,13,68344,52,44361
200009,11,3,2019,10,20,4,3,5,3,2,1,1,0,0,0,0,0,800076,2618,5832605,133,13,42772,52,56058
200010,11,8,2019,10,11,4,2,5,3,0,0,1,0,0,0,0,1,803003,8207,5819366,821,13,45874,52,44031
200011,11,2,2019,9,1,5,2,0,1,2,1,0,0,0,0,0,1,800091,2226,5825739,615,13,42175,52,49904
200012,11,3,2019,9,8,5,3,6,4,0,0,0,1,1,0,0,0,796662,878,5834126,834,13,37887,52,5761
200013,11,3,2019,10,11,4,3,5,3,0,0,1,0,0,0,0,1,797830,334,5835393,175,13,39719,52,58681
200014,11,1,2019,10,18,4,3,2,6,2,1,1,0,0,0,0,0,796911,3276,5828127,803,13,37717,52,52219
200015,11,7,2019,9,19,4,3,2,6,1,0,1,0,0,0,0,0,798724,6512,5816027,788,13,39299,52,41273
200016,11,1,2019,10,10,4,3,2,6,0,0,1,0,0,0,0,1,793527,3741,5829190,739,13,32838,52,53355
200017,11,2,2019,9,10,4,3,0,3,0,1,0,0,0,0,0,0,802029,2646,5827169,856,13,45151,52,51079
200018,11,1,2019,9,12,4,3,0,1,0,1,0,0,0,0,0,1,798898,209,5827349,37,13,40567,52,51412
200019,11,1,2019,10,8,4,3,5,2,0,1,1,0,0,0,0,1,796916,9458,5830733,379,13,37958,52,54554
200020,11,7,2019,10,10,4,3,2,6,0,0,1,0,0,0,0,1,794972,8259,5825118,917,13,34602,52,49626
200021,11,2,2019,9,9,4,3,5,3,0,1,1,0,0,0,0,1,798183,347,5826499,56,13,39441,52,5069
200022,11,1,2019,10,8,4,3,5,2,0,1,1,0,0,0,0,1,797622,8021,5827024,94,13,38664,52,5119
200023,11,3,2019,9,16,4,3,5,3,0,0,1,0,0,0,0,1,801251,6433,5833177,634,13,44553,52,56507
200024,11,7,2019,10,10,4,3,5,2,0,0,1,0,0,0,0,1,798379,754,5818418,79,13,39005,52,43435
200025,11,4,2019,9,23,4,3,5,7,2,1,1,0,0,0,0,0,792860,8025,5825287,913,13,31514,52,49892
200026,11,11,2019,10,10,4,2,2,1,0,0,1,0,0,0,1,1,804161,6423,5829837,567,13,48527,52,53351
200027,11,1,2019,9,21,4,3,0,6,2,1,0,1,0,0,0,1,797862,7502,5828741,636,13,3917,52,52717
200028,11,2,2019,10,8,4,3,0,2,0,1,1,0,0,0,0,1,798747,8356,5824982,852,13,40134,52,49299
200029,11,3,2019,9,21,4,3,0,7,2,0,0,0,0,0,1,1,799086,4931,5833834,763,13,41428,52,57215
200030,11,2,2019,10,8,4,2,5,2,0,0,1,0,1,0,0,1,800283,8656,5827632,192,13,42628,52,5159
200031,11,11,2019,9,20,4,3,5,2,2,0,1,0,0,0,0,1,806904,89,5832625,874,13,52815,52,55697
200032,11,11,2019,10,10,4,2,0,1,0,1,0,0,0,0,0,1,804354,9313,5829081,816,13,48742,52,52663
200033,11,1,2019,9,20,4,3,6,4,2,0,1,1,0,0,0,1,795452,4029,5831563,756,13,35879,52,55378
200034,11,8,2019,10,6,4,3,8,1,2,0,1,0,0,0,0,1,802493,9962,5820704,856,13,45247,52,45258
200035,11,6,2019,10,9,4,3,0,1,0,0,0,0,1,0,0,1,793040,2059,5821522,584,13,31447,52,46507
200036,11,1,2019,9,20,4,3,0,7,2,1,1,0,0,0,0,0,795456,7177,5830145,365,13,35759,52,54106
200037,11,9,2019,10,9,4,3,2,4,0,0,1,1,0,0,0,1,804763,7451,5822310,124,13,48723,52,46571
200038,11,10,2019,9,19,4,3,0,3,2,0,1,0,1,0,0,1,807810,2725,5830799,53,13,53978,52,54008
200039,11,4,2019,10,9,4,2,6,4,0,0,1,1,0,0,0,1,790382,4818,5827324,543,13,28052,52,5185
200040,11,10,2019,10,16,4,3,2,6,0,0,1,0,0,0,1,0,812179,7645,5831090,99,13,60428,52,5402
200041,11,1,2019,9,19,4,2,6,4,2,0,0,1,0,0,1,0,796594,5326,5828710,542,13,37304,52,52758
200042,11,9,2019,10,20,3,3,1,1,2,1,1,0,0,0,0,1,811122,9864,5820269,323,13,57864,52,44384
200043,11,2,2019,9,19,4,3,5,2,2,1,1,0,0,0,0,1,800190,7067,5824401,536,13,422,52,48699
200044,11,8,2019,10,19,3,3,6,4,2,0,1,1,0,0,0,1,802011,9034,5823483,93,13,44791,52,47776
200045,11,10,2019,9,19,4,3,5,3,2,1,1,0,0,0,0,1,812417,4698,5829366,807,13,60615,52,52463
200046,11,11,2019,10,20,3,3,5,2,2,1,1,0,0,0,0,1,804093,8475,5825996,71,13,48076,52,49912
200047,11,7,2019,9,19,4,3,5,2,2,1,1,0,0,0,0,1,793496,174,5822495,199,13,32202,52,47354
200048,11,7,2019,10,19,3,3,5,3,2,0,1,0,0,0,0,1,795138,1739,5824105,711,13,34755,52,48709
200049,11,5,2019,10,18,3,3,5,2,0,0,1,0,0,0,0,0,784794,2366,5828793,417,13,19964,52,53462
200050,11,1,2019,9,14,4,3,0,6,0,0,1,0,0,0,1,0,797400,9106,5826956,933,13,38332,52,51142
200051,11,1,2019,9,18,4,3,1,1,1,0,1,0,0,0,0,1,795744,9322,5831891,931,13,36338,52,55656
200052,11,3,2019,10,15,3,3,5,2,0,1,1,0,0,0,0,0,799138,9572,5830367,632,13,41192,52,54104
200053,11,12,2019,9,17,4,2,5,3,0,0,1,0,0,0,1,1,793592,9998,5832344,342,13,33213,52,56178
200054,11,11,2019,10,21,3,3,6,7,2,1,0,1,0,0,0,1,806657,8028,5832305,105,13,52423,52,55423
200055,11,2,2019,9,17,4,3,5,3,0,1,1,0,0,0,0,1,802847,699,5826941,93,13,46331,52,50828
200056,11,8,2019,10,11,3,3,6,7,0,0,1,1,0,0,0,1,801152,3426,5823781,701,13,43556,52,4809
200057,11,1,2019,10,17,3,3,5,3,0,0,1,0,0,0,1,1,795904,1559,5831965,867,13,36579,52,55714
200058,11,2,2019,9,17,4,3,5,3,0,1,1,0,0,0,0,1,798359,802,5825560,264,13,39615,52,49838
200059,11,1,2019,9,17,4,3,5,3,0,1,1,0,0,0,0,1,798682,18,5829453,767,13,40439,52,5331
200060,11,6,2019,10,17,3,3,5,3,1,1,1,0,0,0,0,1,794709,1216,5819452,267,13,33714,52,44561
200061,11,1,2019,10,16,3,3,5,3,0,0,1,0,0,0,1,0,795054,5128,5826301,441,13,34827,52,50682
200062,11,7,2019,9,17,4,3,5,3,0,1,1,0,0,0,0,1,793952,6241,5822454,78,13,32868,52,47293
200063,11,1,2019,10,15,3,3,6,7,0,0,0,1,0,0,1,1,797799,4788,5831148,903,13,39293,52,54878
200064,11,6,2019,9,16,4,3,5,3,0,1,1,0,0,0,0,1,787499,7932,5816884,497,13,22915,52,42643
200065,11,7,2019,10,16,3,3,5,2,0,0,1,0,1,0,0,1,794948,8556,5825407,18,13,34592,52,49886
200066,11,6,2019,10,15,3,3,0,3,0,1,1,0,0,0,0,1,786664,5538,5817724,994,13,21762,52,4344
200067,11,2,2019,9,20,4,2,0,1,2,0,0,0,1,0,0,1,799796,5223,5825719,795,13,4174,52,49902
200068,11,4,2019,10,15,3,3,0,1,0,0,1,0,0,0,1,1,791803,7673,5825397,532,13,29971,52,50047
200069,11,5,2019,9,16,4,3,6,4,0,0,1,1,0,0,0,1,781605,644,5830242,59,13,15398,52,54926
200070,11,5,2019,10,15,3,3,0,7,0,0,0,0,1,0,0,1,785201,5099,5829781,66,13,20648,52,54326
200071,11,4,2019,9,16,4,3,0,6,0,0,1,0,1,0,0,1,793467,4978,5824700,16,13,32354,52,49332
200072,11,4,2019,10,15,3,2,5,2,0,0,1,0,0,0,0,1,791475,626,5828279,112,13,29742,52,52647
200073,11,1,2019,9,18,4,3,0,7,1,0,0,0,1,0,0,1,796903,2427,5831902,881,13,38043,52,55603
200074,11,4,2019,10,15,3,3,2,6,0,1,1,0,0,0,0,0,793741,6685,5826505,93,13,32916,52,50936
200075,11,2,2019,10,14,3,2,3,6,0,0,1,0,0,1,0,1,801781,8902,5828940,67,13,44948,52,52679
200076,11,5,2019,9,16,4,3,4,1,0,0,1,0,0,0,0,1,787172,5177,5830660,967,13,23622,52,55011
200077,11,1,2019,9,8,4,3,5,2,0,1,1,0,0,0,0,0,794396,663,5827608,577,13,33976,52,51889
200078,11,2,2019,10,14,3,3,3,6,0,1,1,0,0,0,0,1,801899,922,5828928,55,13,45119,52,52662
200079,11,1,2019,10,14,3,3,2,6,0,0,1,0,0,0,1,1,795446,5156,5831558,236,13,3587,52,55373
200080,11,1,2019,9,8,4,3,2,6,0,1,1,0,0,0,0,1,797956,758,5827067,6,13,39159,52,51211
200081,11,5,2019,10,14,3,3,5,3,0,1,1,0,0,0,0,1,785075,1616,5829890,506,13,20471,52,54431
200082,11,2,2019,9,16,4,3,8,1,0,0,1,1,0,0,0,1,800735,7081,5826521,418,13,43192,52,50569
200083,11,2,2019,10,14,3,3,2,3,0,0,1,0,0,0,0,1,800144,213,5827333,283,13,42396,52,51329
200084,11,11,2019,9,16,4,3,5,3,0,1,1,0,0,0,0,1,804119,3978,5831903,769,13,48654,52,55206
200085,11,4,2019,10,14,3,3,5,2,0,1,1,0,0,0,0,1,793881,2456,5826957,554,13,33161,52,51334
200086,11,6,2019,9,16,4,3,0,6,0,0,0,0,1,0,0,1,795531,854,5819931,78,13,34962,52,44946
200087,11,4,2019,10,14,3,3,6,4,0,1,0,1,0,0,0,1,792954,1806,5825471,501,13,31668,52,50051
200088,11,7,2019,9,15,4,3,5,3,1,0,1,0,0,0,0,1,797014,5451,5820706,501,13,37207,52,4556
200089,11,7,2019,10,13,3,3,2,6,0,0,1,0,1,0,0,1,798247,487,5818947,309,13,38859,52,43916
200090,11,5,2019,9,15,4,3,2,6,0,0,1,0,0,0,0,1,784464,525,5831704,2,13,19729,52,56089
200091,11,4,2019,10,13,3,3,2,6,0,0,1,0,0,0,0,1,793170,7046,5826096,86,13,32041,52,506
200092,11,4,2019,10,12,3,3,2,6,0,0,1,0,0,0,0,1,791942,6926,5824762,736,13,3012,52,4947
200093,11,6,2019,9,12,4,3,2,6,0,0,1,0,0,0,1,1,795709,649,5818214,576,13,35072,52,43397
200094,11,1,2019,10,12,3,3,5,3,0,1,0,0,0,0,1,1,796155,7813,5832271,126,13,36976,52,55974
200095,11,1,2019,9,15,4,3,2,6,0,0,1,0,1,0,0,1,796858,4989,5831940,532,13,3798,52,55639
200096,11,12,2019,10,11,3,3,2,3,0,0,1,0,0,0,1,1,793589,4693,5836124,584,13,33543,52,59567
200097,11,2,2019,9,12,4,3,5,3,0,1,1,0,0,0,0,1,800769,971,5828490,69,13,43419,52,52332
200098,11,9,2019,10,11,3,3,2,6,0,0,1,0,0,0,0,1,813727,7986,5821729,166,13,61821,52,45543
200099,11,10,2019,9,12,4,3,0,1,0,0,0,0,1,0,0,1,811443,6549,5828147,248,13,5907,52,51425
200100,11,3,2019,10,11,3,3,6,4,0,0,1,1,0,0,0,1,799665,3943,5832817,343,13,42187,52,56271
200101,11,4,2019,10,8,3,2,5,7,0,0,1,0,0,0,0,1,791700,636,5827390,728,13,29994,52,51839
200102,11,7,2019,9,11,4,3,1,5,0,0,1,0,0,0,0,1,795993,8277,5816303,913,13,3532,52,41669
200103,11,3,2019,9,11,4,3,6,4,0,0,1,1,0,0,0,1,800562,6648,5829814,307,13,43235,52,5353
200104,11,3,2019,10,7,3,3,2,6,0,0,1,0,0,0,1,1,803632,852,5833484,405,13,48082,52,56649
200105,11,9,2019,10,7,3,2,6,4,0,0,1,1,0,0,0,1,801482,6795,5824896,38,13,44142,52,49071
200106,11,4,2019,9,11,4,3,0,5,0,1,1,0,0,0,0,0,790858,3168,5824442,692,13,28499,52,49241
200107,11,11,2019,10,11,3,3,5,2,0,0,1,0,0,0,1,1,804136,3933,5831923,24,13,48681,52,55222
200108,11,6,2019,9,10,4,3,2,2,0,0,1,0,0,0,0,1,795496,2539,5818348,159,13,34771,52,43529
200109,11,3,2019,10,10,3,3,0,2,0,1,1,0,0,0,0,1,797150,1966,5838895,354,13,39033,52,61857
200110,11,9,2019,10,7,3,3,5,3,0,1,1,0,0,0,0,1,813761,843,5821714,99,13,6187,52,45528
200111,11,7,2019,9,10,4,3,2,2,0,0,1,0,0,0,0,1,797861,339,5821928,636,13,38559,52,4661
200112,11,2,2019,10,10,3,3,6,2,0,0,1,1,0,0,0,1,798318,183,5825553,265,13,39554,52,49834
200113,11,1,2019,10,5,3,3,2,6,2,0,1,0,0,1,0,1,793678,4152,5828492,481,13,32998,52,52721
200114,11,4,2019,9,10,4,3,6,4,0,1,0,1,0,0,0,1,790971,1836,5827411,72,13,28924,52,51896
200115,11,4,2019,10,9,3,3,5,3,0,1,1,0,0,0,0,1,793354,4942,5824665,24,13,32185,52,49307
200116,11,2,2019,10,0,3,3,1,6,2,0,1,0,0,1,1,0,798787,1055,5825577,628,13,40245,52,4983
200117,11,6,2019,9,15,4,2,5,3,0,0,1,0,0,1,0,1,793241,818,5816839,532,13,31331,52,42298
200118,11,3,2019,10,9,3,3,5,3,0,1,0,0,0,0,0,1,800328,2903,5831640,141,13,43056,52,5518
200119,11,1,2019,9,10,4,3,2,6,0,0,1,0,0,0,0,1,797543,6459,5831285,593,13,38929,52,55015
200120,11,11,2019,9,9,2,3,2,6,0,0,1,0,0,0,0,1,805754,5041,5833789,503,13,51232,52,56804
200121,11,8,2019,9,10,4,3,5,3,0,0,1,0,0,0,0,1,802146,6713,5817751,715,13,4447,52,42631
200122,11,1,2019,9,16,2,2,1,5,0,0,1,0,1,0,0,1,797110,131,5828825,788,13,38072,52,52833
200123,11,1,2019,9,15,4,3,0,3,0,0,0,0,1,0,1,1,796215,3732,5830763,58,13,36929,52,54619
200124,11,10,2019,9,15,2,3,5,2,0,0,1,0,0,0,0,0,807798,8059,5830767,321,13,53959,52,5398
200125,11,6,2019,9,19,2,3,2,6,1,0,1,0,0,0,0,1,795372,916,5819974,33,13,34734,52,44993
200126,11,9,2019,9,14,4,3,5,3,0,1,1,0,0,0,0,1,807578,9646,5820222,779,13,52662,52,44543
200127,11,1,2019,9,9,4,3,2,6,0,0,1,0,0,0,0,1,795917,4285,5831968,169,13,36599,52,55715
200128,11,6,2019,9,19,2,3,5,3,2,1,1,0,0,0,0,1,792650,2787,5815228,62,13,30324,52,40885
200129,11,10,2019,9,17,2,3,5,2,0,1,1,0,0,0,0,0,813776,1244,5830051,234,13,62676,52,52998
200130,11,4,2019,9,14,4,3,3,6,0,0,1,0,0,0,0,1,789986,3481,5826171,13,13,27369,52,50837
200131,11,4,2019,9,18,2,3,2,6,0,0,1,0,0,0,0,1,791895,1351,5823949,349,13,29979,52,48743
200132,11,12,2019,9,14,4,3,0,7,0,0,0,0,1,0,0,1,788914,9331,5836114,599,13,2666,52,59808
200133,11,1,2019,9,17,2,3,5,3,2,0,1,0,0,0,0,0,798135,324,5827009,464,13,39415,52,51149
200134,11,10,2019,9,13,4,3,6,2,0,0,1,1,0,0,0,0,812237,7694,5830686,179,13,60475,52,53655
200135,11,4,2019,9,14,2,3,5,7,0,0,1,0,0,0,0,1,792479,4033,5824008,287,13,30842,52,48765
200136,11,4,2019,9,12,4,3,4,6,0,0,1,0,0,0,0,0,793319,8618,5823075,814,13,31994,52,47884
200137,11,4,2019,10,18,4,3,0,4,1,1,0,1,0,0,0,1,792718,6679,5825876,242,13,31357,52,50427
200138,11,1,2019,10,18,4,3,0,3,1,1,1,0,0,0,0,1,795112,6454,5826491,871,13,34929,52,5085
200139,11,9,2019,10,12,4,3,6,4,0,0,1,1,0,0,0,0,806729,7071,5822299,784,13,51607,52,46452
200140,11,5,2019,10,17,4,3,2,6,0,0,1,0,0,0,1,1,786514,4799,5829203,901,13,22529,52,5374
200141,11,1,2019,10,17,4,3,2,6,0,0,1,0,0,0,0,1,798471,1312,5829052,99,13,40092,52,52963
200142,11,1,2019,10,0,4,2,0,1,2,0,0,0,1,0,0,0,798625,6807,5829487,754,13,40359,52,53344
200143,11,7,2019,10,11,4,3,5,3,0,1,1,0,0,0,0,1,796273,1528,5823229,24,13,36344,52,47862
200144,11,4,2019,10,11,4,2,6,2,0,0,1,1,0,0,0,1,792043,3416,5822453,54,13,30065,52,47395
200145,11,3,2019,10,11,4,3,2,6,0,0,1,0,1,0,0,1,799274,8978,5831102,763,13,41458,52,54756
200146,11,9,2019,10,9,4,3,5,3,0,1,1,0,0,0,0,1,810258,31,5820350,587,13,56603,52,44506
200147,11,1,2019,10,9,4,3,5,7,0,0,0,0,1,0,1,1,796748,1636,5830490,221,13,37688,52,54345
200148,11,3,2019,10,9,4,3,1,5,0,1,0,0,0,1,0,1,799958,3374,5831098,264,13,42463,52,54714
200149,11,5,2019,10,9,4,3,2,6,0,0,1,0,0,0,1,1,785317,6071,5829279,719,13,20775,52,5387
200150,11,3,2019,10,9,4,3,5,2,0,1,1,0,0,0,0,1,799841,1317,5830806,315,13,42264,52,54459
200151,11,12,2019,10,8,4,3,5,3,0,0,1,0,0,0,0,1,793405,6053,5837764,441,13,33417,52,61047
200152,11,1,2019,10,8,4,3,0,7,0,0,1,0,0,0,1,1,797010,5902,5828950,46,13,37937,52,5295
200153,11,9,2019,10,8,4,3,0,3,0,0,1,0,1,0,0,1,807645,5182,5819363,87,13,52681,52,43768
200154,11,4,2019,10,7,4,3,5,5,0,1,1,0,0,0,0,1,793436,985,5823414,389,13,32195,52,48181
200155,11,3,2019,10,7,4,3,6,4,1,0,0,1,1,0,0,0,800474,667,5832367,35,13,43337,52,55823
200156,11,8,2019,10,6,4,3,5,2,2,1,1,0,0,0,0,0,801414,1694,5820246,761,13,43621,52,44908
200157,11,4,2019,10,19,4,1,6,4,2,0,1,1,1,0,0,1,791137,1018,5822803,45,13,28765,52,47757
200158,11,9,2019,10,15,3,3,3,6,0,1,0,0,0,0,0,0,810875,361,5820304,965,13,57504,52,4443
200159,11,2,2019,10,18,3,3,0,1,1,0,0,0,1,0,0,0,799892,602,5825139,923,13,41828,52,49377
200160,11,3,2019,10,15,3,2,5,3,0,1,1,0,0,0,0,0,801256,3256,5831050,732,13,44367,52,546
200161,11,2,2019,10,22,3,3,1,5,2,1,1,0,0,0,1,0,800667,1698,5826572,416,13,43096,52,50619
200162,11,1,2019,10,22,3,3,3,6,2,0,1,0,1,0,0,0,797007,7151,5828948,62,13,37932,52,52949
200163,11,1,2019,10,13,4,3,6,2,0,0,1,1,0,0,0,1,796641,4031,5826647,515,13,37189,52,50906
200164,11,2,2019,10,21,3,3,1,5,2,1,1,0,0,0,0,0,802259,5542,5827115,811,13,45484,52,51018
200165,11,4,2019,10,20,3,3,5,7,2,1,1,0,0,0,0,0,791451,4074,5825070,281,13,29425,52,49772
200166,11,7,2019,10,20,3,3,2,6,2,0,1,0,0,0,0,0,798464,1604,5819031,153,13,39185,52,4398
200167,11,1,2019,10,18,3,3,0,1,1,0,0,0,1,0,0,0,797160,6567,5831885,235,13,3842,52,55573
200168,11,5,2019,10,16,3,3,0,4,0,0,0,1,0,0,1,0,785919,7154,5831523,611,13,21854,52,55851
200169,11,10,2019,10,15,3,3,5,2,0,0,1,0,0,0,1,0,807798,7167,5830767,319,13,53958,52,5398
200170,11,9,2019,10,15,3,3,4,6,0,0,1,0,0,0,0,0,810088,2422,5823486,426,13,56645,52,47326
200171,11,1,2019,10,11,3,2,0,5,0,0,1,0,1,0,1,0,797014,9262,5826591,851,13,37732,52,50836
200172,11,7,2019,10,14,3,3,1,5,0,1,0,0,1,0,0,0,795508,3041,5824981,757,13,35376,52,49475
200173,11,11,2019,10,11,3,2,5,3,0,0,1,1,0,0,0,0,803863,519,5828372,239,13,47955,52,52055
200174,11,6,2019,10,11,3,3,0,1,0,1,0,0,0,0,0,1,792211,6199,5819436,844,13,30048,52,44681
200175,11,9,2019,10,11,3,3,5,2,0,1,0,0,0,1,0,0,806598,389,5822779,1,13,51458,52,46889
200176,11,1,2019,10,11,3,3,5,2,0,1,0,0,0,0,0,0,798332,9919,5828961,324,13,39881,52,52888
200177,11,5,2019,10,10,3,3,5,2,0,1,1,0,0,0,0,0,784591,754,5827964,67,13,19594,52,52729
200178,11,4,2019,10,9,3,3,1,5,0,1,1,0,0,0,0,1,793181,3353,5822105,481,13,31705,52,47022
200179,11,1,2019,10,8,3,3,5,3,0,1,0,1,0,0,0,0,797465,2644,5826813,493,13,38414,52,5101