OBJECTID,LAND,BEZ,UJAHR,UMONAT,USTUNDE,UWOCHENTAG,UKATEGORIE,UART,UTYP1,ULICHTVERH,IstRad,IstPKW,IstFuss,IstKrad,IstGkfz,IstSonstige,USTRZUSTAND,LINREFX,LINREFY,XGCSWGS84,YGCSWGS84,,,,
200409,11,5,2019,10,6,5,3,2,2,1,0,1,0,0,0,0,1,786951,6118,5829438,433,13,23192,52,53927
200410,11,7,2019,10,13,5,3,1,5,0,0,0,0,0,1,1,0,800049,4022,5821401,548,13,41723,52,46018
200411,11,8,2019,10,6,5,3,2,2,2,0,1,0,1,0,0,1,800823,816,5822597,453,13,42966,52,47047
200412,11,5,2019,10,12,5,3,2,7,0,0,1,0,0,0,0,1,788922,8469,5829321,99,13,2608,52,53718
200413,11,7,2019,10,12,5,3,0,1,0,1,0,0,0,0,0,1,798076,2146,5815816,234,13,38329,52,41119
200414,11,1,2019,10,6,5,3,0,1,2,0,0,0,1,0,0,1,797318,9129,5832315,815,13,38691,52,5595
200415,11,1,2019,10,9,5,3,2,2,0,0,1,0,0,0,0,1,797151,59,5831402,986,13,38363,52,55141
200416,11,1,2019,10,6,5,3,2,6,2,0,1,0,0,1,0,1,797776,586,5829748,833,13,39134,52,53624
200417,11,1,2019,10,8,5,2,1,5,0,1,0,0,0,0,1,1,796675,5996,5827888,541,13,37349,52,52017
200418,11,7,2019,10,10,5,3,2,6,0,0,1,0,0,0,0,1,798663,8953,5816235,109,13,39228,52,41462
200419,11,7,2019,10,8,5,3,5,2,0,1,1,0,0,0,0,1,796636,3451,5819967,861,13,36587,52,44919
200420,11,1,2019,10,9,5,3,1,5,0,1,1,0,0,0,0,0,796658,47,5832068,865,13,37697,52,55765
200421,11,3,2019,10,8,5,3,2,6,0,0,1,0,0,0,0,1,803404,8593,5833517,819,13,47751,52,56692
200422,11,12,2019,10,8,5,3,2,6,0,0,1,0,0,0,0,1,793811,7502,5832725,583,13,33569,52,56508
200423,11,1,2019,10,8,5,3,5,2,0,1,1,0,0,0,0,1,797069,7332,5829297,978,13,38055,52,53259
200424,11,4,2019,10,8,5,2,0,7,0,1,0,0,0,0,0,1,790452,154,5827317,797,13,28153,52,5184
200425,11,6,2019,10,12,4,3,5,3,0,1,1,0,0,0,0,0,792584,6327,5818923,88,13,30551,52,44201
200426,11,5,2019,10,18,4,3,5,3,2,0,1,0,1,0,0,0,784593,631,5827958,62,13,19597,52,52723
200427,11,3,2019,10,9,4,3,5,2,0,1,0,0,0,0,1,0,799153,4738,5829211,586,13,4111,52,53067
200428,11,4,2019,10,18,4,3,5,3,2,1,1,0,0,0,0,0,793522,3399,5825730,336,13,32525,52,50253
200429,11,7,2019,10,20,4,3,5,2,2,0,1,0,0,0,0,0,799789,777,5813976,96,13,40676,52,39377
200430,11,4,2019,10,10,5,3,5,3,0,1,1,0,0,0,0,0,792650,4718,5827115,402,13,31366,52,51541
200431,11,3,2019,10,20,4,3,5,3,2,1,1,0,0,0,0,0,802858,7853,5832380,872,13,46844,52,55703
200432,11,3,2019,10,19,4,3,5,3,2,1,1,0,0,0,0,0,799600,6658,5829902,821,13,41829,52,53662
200433,11,4,2019,10,6,5,3,0,6,1,0,1,0,1,0,0,0,791187,5649,5829062,964,13,29387,52,53366
200434,11,8,2019,10,14,5,3,5,7,0,0,1,0,0,0,0,0,802498,4342,5817982,276,13,45007,52,42818
200435,11,6,2019,10,16,4,3,5,3,0,0,1,0,0,0,0,0,794444,2774,5815557,707,13,32982,52,41084
200436,11,4,2019,10,14,4,2,5,3,0,1,0,0,0,0,0,0,789345,694,5825247,166,13,26346,52,50043
200437,11,8,2019,10,14,4,3,5,3,0,1,1,0,0,0,0,0,804241,6529,5818820,214,13,47639,52,43472
200438,11,1,2019,10,17,4,3,6,4,2,1,0,1,0,0,0,0,797711,604,5831788,25,13,3922,52,55456
200439,11,12,2019,10,13,4,3,1,5,0,0,1,0,0,0,0,0,792691,6059,5836009,289,13,32211,52,59512
200440,11,5,2019,10,17,4,2,0,1,0,0,0,0,1,0,0,0,785683,1713,5829288,713,13,21314,52,53859
200441,11,4,2019,10,13,4,3,6,4,0,0,1,1,0,0,0,0,788786,72,5826984,37,13,25676,52,5163
200442,11,4,2019,10,17,4,3,5,2,0,1,1,0,0,0,0,0,789463,3794,5824385,387,13,26445,52,49264
200443,11,2,2019,10,9,5,2,6,4,0,1,0,1,0,0,0,0,801634,4609,5828883,747,13,44726,52,52637
200444,11,3,2019,10,17,4,3,1,5,1,1,1,0,0,0,1,1,799132,9869,5832828,225,13,41405,52,5631
200445,11,6,2019,10,7,5,2,0,4,0,1,0,1,0,0,0,0,794523,1186,5820034,946,13,33492,52,45093
200446,11,2,2019,10,14,4,3,6,7,0,0,1,1,0,0,0,0,798102,137,5825973,659,13,39274,52,50223
200447,11,2,2019,10,16,4,3,5,2,0,1,1,0,0,0,0,0,797110,616,5824260,426,13,37664,52,48741
200448,11,9,2019,10,7,4,3,5,2,0,1,0,0,0,0,1,0,802352,5717,5824748,49,13,45406,52,4889
200449,11,1,2019,10,16,4,2,1,5,0,0,1,0,0,0,0,0,794101,3824,5830105,792,13,33763,52,54144
200450,11,8,2019,10,16,4,3,5,7,0,0,1,0,1,0,0,0,805409,6822,5818354,482,13,4931,52,4299
200451,11,1,2019,10,16,4,3,3,6,0,1,0,0,0,1,0,0,794253,3112,5827263,74,13,33734,52,51587
200452,11,8,2019,10,15,4,3,2,6,0,0,1,0,0,0,0,0,803104,6648,5818515,151,13,45944,52,43262
200453,11,12,2019,10,15,4,3,3,6,0,0,1,0,1,0,0,0,792742,3008,5839395,499,13,32585,52,62545
200454,11,6,2019,10,15,4,3,5,2,0,1,1,0,0,0,0,0,793122,8759,5817654,469,13,31229,52,43034
200455,11,11,2019,10,15,4,3,5,3,0,1,1,0,0,0,0,0,805123,427,5826543,654,13,49639,52,50345
200456,11,2,2019,10,8,5,3,0,6,0,0,0,0,1,0,1,0,797569,1047,5825209,37,13,38423,52,49566
200457,11,5,2019,10,12,4,3,6,7,0,0,1,1,0,0,0,0,784525,1555,5828659,99,13,19557,52,53356
200458,11,3,2019,10,10,4,3,5,2,0,1,0,0,0,0,1,0,798472,474,5834861,24,13,40616,52,58169
200459,11,7,2019,10,7,5,3,2,6,0,0,1,0,0,0,1,1,798191,5665,5820938,462,13,38955,52,45704
200460,11,1,2019,10,10,4,3,5,2,0,1,1,0,0,0,0,0,795020,2991,5831150,44,13,35206,52,5503
200461,11,10,2019,10,10,4,3,5,3,0,1,0,0,0,0,0,0,808918,234,5827024,4,13,55256,52,50563
200462,11,1,2019,10,9,4,3,6,4,0,0,1,1,0,0,0,0,796958,6342,5826531,491,13,37644,52,50785
200463,11,3,2019,10,8,4,3,5,3,0,1,0,0,0,0,1,0,798213,8952,5833046,98,13,40073,52,56556
200464,11,7,2019,10,8,4,3,5,2,0,1,0,0,0,0,0,0,796542,9105,5823745,717,13,36786,52,4831
200465,11,7,2019,10,8,4,3,2,6,0,0,1,0,0,0,0,0,794501,98,5825462,438,13,33941,52,4996
200466,11,2,2019,10,13,4,3,1,7,0,1,1,0,0,0,0,0,800930,6581,5825418,54,13,43379,52,49569
200467,11,10,2019,10,7,4,3,0,7,0,0,1,0,0,0,0,0,809785,3275,5831545,28,13,56951,52,54565
200468,11,2,2019,10,7,4,3,0,6,0,0,1,0,1,0,0,0,798806,785,5825578,863,13,40273,52,4983
200469,11,1,2019,10,7,4,3,5,7,0,1,1,0,0,0,0,0,797408,283,5830030,76,13,38617,52,53897
200470,11,7,2019,10,7,4,3,2,7,0,0,1,0,0,0,0,0,794950,3886,5823925,5,13,34463,52,48558
200471,11,9,2019,10,7,4,3,2,6,0,0,1,0,0,0,0,0,809219,5,5823013,52,13,55326,52,46951
200472,11,5,2019,10,6,5,3,0,1,2,0,0,0,1,0,0,1,782294,944,5830523,846,13,16436,52,55143
200473,11,8,2019,10,13,4,3,0,2,0,0,1,1,0,0,0,0,802752,9315,5822954,654,13,45831,52,47261
200474,11,5,2019,10,7,4,2,6,4,2,0,1,1,0,0,0,0,783955,418,5823333,468,13,18265,52,4861
200475,11,12,2019,10,13,4,3,5,2,0,1,1,0,0,0,0,0,789955,265,5835567,446,13,28144,52,59263
200476,11,8,2019,10,12,4,3,5,7,0,1,1,0,0,0,0,0,801643,7124,5821918,913,13,44109,52,46394
200477,11,9,2019,10,6,4,3,1,5,2,1,1,0,0,0,0,0,808367,9671,5817693,736,13,53586,52,42232
200478,11,12,2019,10,5,4,3,1,5,2,0,1,0,0,0,1,1,792710,9143,5833872,378,13,3205,52,57595
200479,11,9,2019,10,12,4,3,0,7,0,0,1,0,1,0,0,0,807817,6294,5818415,802,13,52846,52,4291
200480,11,11,2019,10,12,4,3,5,2,0,0,1,0,0,0,1,0,803536,1597,5829730,398,13,47598,52,5329
200481,11,5,2019,10,11,4,3,1,5,0,1,0,0,0,0,1,0,784745,877,5827428,849,13,19776,52,52241
200482,11,1,2019,10,11,4,3,2,6,0,0,1,0,0,0,0,0,795281,1495,5831447,563,13,35617,52,55283
200483,11,6,2019,10,1,4,2,9,1,2,0,1,0,0,0,0,0,785437,637,5818403,184,13,2002,52,44112
200484,11,4,2019,10,16,3,3,2,6,0,1,1,0,0,0,0,0,793337,5981,5826652,48,13,32335,52,51089
200485,11,1,2019,10,8,5,3,5,2,0,1,1,0,0,0,0,0,797130,7653,5828201,595,13,38046,52,52273
200486,11,3,2019,10,18,3,3,6,7,1,0,1,1,0,0,0,0,801071,7651,5830454,87,13,44042,52,54075
200487,11,4,2019,10,19,3,3,2,6,2,0,1,0,1,0,0,0,792433,8997,5824907,49,13,30854,52,49573
200488,11,10,2019,10,19,3,3,5,3,2,0,1,0,0,0,0,0,807836,996,5829075,917,13,53858,52,52462
200489,11,8,2019,10,19,3,3,5,7,2,0,1,0,1,0,0,0,802269,9711,5820682,625,13,44916,52,45251
200490,11,2,2019,10,19,3,3,1,5,2,1,0,0,0,0,1,0,801808,5699,5825769,53,13,447,52,49836
200491,11,11,2019,10,19,3,3,2,6,2,0,1,0,0,0,0,0,803766,7688,5827710,34,13,47753,52,51467
200492,11,5,2019,10,19,3,2,6,4,2,0,1,1,0,0,0,0,782473,4873,5829470,275,13,16609,52,54189
200493,11,11,2019,10,22,3,3,5,2,2,0,1,0,0,0,0,0,805720,6448,5831369,468,13,50959,52,54637
200494,11,3,2019,10,22,3,3,5,2,2,0,1,0,1,0,0,0,798100,879,5834696,274,13,40055,52,58041
200495,11,4,2019,10,15,3,3,0,6,0,1,0,0,0,0,1,0,793431,7299,5826578,303,13,32467,52,51018
200496,11,1,2019,10,13,3,3,2,2,0,1,1,0,0,0,0,0,796301,7352,5830675,722,13,37049,52,54536
200497,11,9,2019,10,12,3,3,5,3,0,0,1,0,0,0,0,0,804111,2517,5824359,419,13,47953,52,48444
200498,11,3,2019,10,19,5,3,3,6,2,0,1,0,1,0,0,0,799922,9171,5831120,586,13,42413,52,54736
200499,11,12,2019,10,12,3,3,6,4,0,0,0,1,0,0,1,0,793306,8169,5832644,209,13,32819,52,56462
200500,11,5,2019,10,10,3,3,0,2,0,0,1,0,0,0,1,0,784832,8559,5829010,142,13,20039,52,53654
200501,11,9,2019,10,10,3,3,5,2,0,1,1,0,0,0,0,0,804922,362,5822558,474,13,48978,52,46785
200502,11,3,2019,10,22,5,3,1,5,2,0,1,0,0,0,0,0,800066,1383,5832052,271,13,42708,52,55563
200503,11,6,2019,10,9,3,3,2,6,0,1,1,0,0,0,0,0,793237,4258,5819389,367,13,31549,52,44584
200504,11,7,2019,10,17,3,3,2,2,0,0,1,0,1,0,0,0,798022,9492,5815799,186,13,3825,52,41107
200505,11,3,2019,10,17,3,3,6,4,0,0,1,1,0,0,0,0,799007,4664,5832777,151,13,41216,52,56271
200506,11,8,2019,10,17,3,3,0,7,0,1,0,0,0,0,0,0,801429,7309,5823695,878,13,43956,52,47998
200507,11,9,2019,10,16,3,3,2,6,0,0,1,0,0,0,0,0,804145,496,5822930,821,13,47872,52,47162
200508,11,7,2019,10,8,3,3,2,6,0,0,1,0,0,0,1,0,797799,3162,5817210,65,13,38048,52,42384
200509,11,9,2019,10,6,3,3,5,3,0,1,1,0,0,0,0,0,808194,618,5819624,748,13,5351,52,43972
200510,11,12,2019,10,1,3,2,9,1,2,0,1,0,0,0,0,0,793956,8122,5835301,75,13,3401,52,58809
200511,11,7,2019,10,7,5,3,0,1,0,1,0,0,0,0,0,1,797337,7935,5818372,412,13,37474,52,43451
200512,11,5,2019,10,7,3,3,5,3,0,0,1,0,1,0,0,0,787694,9024,5829990,551,13,24332,52,54383
200513,11,12,2019,10,16,3,3,1,5,0,0,1,0,1,0,0,0,794077,362,5837496,509,13,34383,52,6077
200514,11,4,2019,10,16,3,3,2,6,0,0,1,0,1,0,0,0,791837,1501,5824686,225,13,29958,52,49407
200515,11,1,2019,10,15,3,3,5,2,0,1,0,0,0,1,0,0,795268,2807,5829656,978,13,35438,52,53679
200516,11,2,2019,10,16,3,3,1,5,0,1,1,0,0,0,0,0,797117,9436,5824087,878,13,3766,52,48586
200517,11,1,2019,10,7,3,3,6,2,1,0,1,1,0,0,0,0,794814,992,5828307,1,13,34651,52,52493
200518,11,5,2019,10,15,3,3,2,6,0,0,1,0,0,0,0,0,785522,4677,5828078,65,13,20973,52,52782
200519,11,6,2019,10,15,3,3,6,2,0,0,1,1,0,0,0,0,795869,4195,5818141,173,13,353,52,43323
200520,11,12,2019,10,7,3,3,2,6,0,0,1,0,0,0,0,0,791306,1722,5834150,96,13,30008,52,5792
200521,11,6,2019,10,15,3,3,3,6,0,1,1,0,0,0,0,0,793454,543,5820116,432,13,31932,52,45224
200522,11,4,2019,10,15,3,3,6,4,0,0,0,1,1,0,0,0,791561,435,5826495,988,13,29712,52,51044
200523,11,5,2019,10,15,3,3,5,2,0,1,1,0,0,0,0,0,788173,529,5829380,732,13,24983,52,53811
200524,11,6,2019,10,14,3,3,6,4,0,0,1,1,0,0,0,0,795589,263,5817107,837,13,34797,52,42412
200525,11,2,2019,10,6,3,3,5,3,0,0,1,0,1,0,0,0,801430,3295,5827930,446,13,4434,52,51794
200526,11,8,2019,10,7,3,3,0,3,2,1,1,0,0,0,0,1,804550,5177,5817094,643,13,47935,52,41909
200527,11,1,2019,10,17,2,3,5,3,1,1,1,0,0,0,0,0,795756,3459,5826351,216,13,35862,52,50689
200528,11,5,2019,10,17,2,3,2,6,0,0,1,0,0,0,0,0,785445,5757,5828137,524,13,20865,52,5284
200529,11,1,2019,10,15,2,3,6,2,0,0,1,1,0,0,0,0,797163,4286,5830379,222,13,38289,52,54223
200530,11,3,2019,10,16,2,3,2,2,0,0,1,0,0,0,1,0,796796,3364,5833946,587,13,38068,52,57441
200531,11,8,2019,10,16,2,3,5,3,0,1,0,0,0,0,1,0,805917,1848,5816210,2,13,49858,52,41039
200532,11,3,2019,10,16,2,3,5,3,0,0,1,0,0,0,0,0,801113,72,5836547,71,13,44655,52,59535
200533,11,4,2019,10,15,2,3,5,3,0,1,1,0,0,0,0,0,791797,2987,5827063,929,13,30108,52,51541
200534,11,8,2019,10,15,2,3,5,2,0,1,1,0,0,0,0,0,806124,2393,5815162,165,13,50065,52,40089
200535,11,3,2019,10,13,2,3,6,7,0,0,0,1,0,0,1,0,798472,7977,5830961,89,13,40266,52,54673
200536,11,6,2019,10,19,2,2,5,2,0,0,1,0,0,0,0,0,787136,364,5817205,235,13,2241,52,42949
200537,11,3,2019,10,15,2,3,1,5,0,1,0,0,0,0,1,0,798980,7236,5830035,775,13,4093,52,53816
200538,11,11,2019,10,14,2,2,5,3,0,1,0,0,0,0,1,0,803729,22,5827145,144,13,47646,52,50962
200539,11,5,2019,10,14,2,2,5,3,0,1,1,0,0,0,0,0,784825,8816,5830254,49,13,20136,52,5477
200540,11,4,2019,10,14,2,3,2,6,0,0,1,0,0,0,0,0,794260,9805,5825421,772,13,33583,52,49936
200541,11,7,2019,10,8,5,2,6,4,0,0,0,1,1,0,0,0,798337,7781,5823951,16,13,39439,52,48397
200542,11,5,2019,10,14,2,2,2,6,0,0,1,0,0,0,0,0,782486,9633,5827002,234,13,16419,52,51976
200543,11,6,2019,10,14,2,3,5,3,0,1,0,0,0,0,1,0,788801,21,5818057,261,13,24925,52,43625
200544,11,11,2019,10,13,2,3,5,3,0,1,1,0,0,0,0,0,805757,965,5827181,83,13,50629,52,50881
200545,11,2,2019,10,19,2,3,5,2,2,1,0,0,0,0,1,0,801206,4482,5827467,238,13,43969,52,51391
200546,11,6,2019,10,19,2,3,0,2,2,0,1,0,1,0,0,0,795411,585,5820128,619,13,34804,52,45129
200547,11,8,2019,10,19,2,3,1,5,2,1,1,0,0,0,0,0,801968,8498,5824220,581,13,44795,52,48439
200548,11,1,2019,10,19,2,3,5,2,2,1,1,0,0,0,0,0,799124,588,5827123,737,13,40879,52,51198
200549,11,9,2019,10,19,2,3,4,6,2,0,1,0,0,0,0,0,804761,2364,5820427,958,13,48548,52,44884
200550,11,1,2019,10,8,5,3,1,7,0,0,1,0,0,0,0,1,795954,929,5832037,956,13,3666,52,55776
200551,11,2,2019,10,19,2,3,1,5,2,1,1,0,0,0,0,0,800333,5379,5825943,511,13,42549,52,50073
200552,11,1,2019,10,18,2,3,0,1,1,1,0,0,0,0,0,1,797979,2838,5828496,709,13,3932,52,52491
200553,11,1,2019,10,8,5,3,5,3,0,0,1,0,0,0,0,0,797960,5998,5827080,44,13,39165,52,51222
200554,11,1,2019,10,1,2,3,0,1,2,1,0,0,0,0,0,0,799446,613,5826756,236,13,41319,52,5085
200555,11,6,2019,10,19,5,2,0,3,2,0,1,0,1,0,0,0,792385,9566,5816868,446,13,30079,52,42369
200556,11,5,2019,10,11,2,3,2,6,0,0,1,0,0,1,0,0,786958,8377,5829804,928,13,23234,52,54255
200557,11,3,2019,10,12,2,3,2,6,0,0,1,0,0,0,0,0,801002,2863,5836004,294,13,44443,52,59054
200558,11,7,2019,10,12,2,3,5,3,0,0,1,0,0,0,0,0,793485,5848,5822489,171,13,32186,52,47349
200559,11,11,2019,10,10,2,3,1,7,0,0,1,0,0,0,0,0,804749,965,5830196,978,13,49423,52,53641
200560,11,3,2019,10,9,2,3,5,3,0,0,1,0,1,0,0,0,801403,8976,5831496,335,13,44624,52,54991
200561,11,4,2019,10,8,2,3,2,6,0,0,1,0,0,0,0,0,794003,8523,5824264,683,13,33103,52,48913
200562,11,9,2019,10,8,2,3,0,2,0,1,1,0,0,0,0,0,812050,7804,5821282,944,13,59319,52,45239
200563,11,1,2019,10,8,2,3,0,6,0,1,1,0,0,0,0,0,800167,7355,5827387,503,13,42436,52,51377
200564,11,11,2019,10,6,5,3,5,3,2,1,1,0,0,0,0,1,803692,264,5827471,396,13,47621,52,51257
200565,11,1,2019,10,8,2,3,5,3,0,1,1,0,0,0,0,0,796894,91,5829203,728,13,37788,52,53184
200566,11,10,2019,10,8,2,3,5,3,0,1,1,0,0,0,0,0,812064,889,5830625,37,13,60215,52,53611
200567,11,12,2019,10,7,2,3,4,6,1,1,0,0,0,0,0,1,787073,216,5838229,101,13,24132,52,61802
200568,11,2,2019,10,7,2,3,0,1,0,0,1,0,1,0,0,1,803319,6888,5827756,481,13,471,52,51533
200569,11,4,2019,10,7,5,3,0,6,0,0,0,0,1,0,0,1,790130,406,5828221,836,13,27759,52,52668
200570,11,6,2019,10,7,2,3,0,2,1,1,1,0,0,0,0,1,789966,7903,5816242,925,13,26478,52,41937
200571,11,9,2019,10,6,2,3,5,2,2,0,1,0,0,0,0,0,809327,386,5818519,358,13,55068,52,42918
200572,11,8,2019,10,15,1,2,2,6,0,0,1,0,0,0,0,0,802220,374,5816787,543,13,44491,52,41762
200573,11,6,2019,10,10,1,2,1,1,0,0,1,0,0,0,0,0,790527,1785,5821382,998,13,27746,52,46516
200574,11,1,2019,10,21,1,3,5,2,2,0,1,0,0,0,0,0,793980,205,5832017,921,13,33754,52,55865
200575,11,12,2019,10,19,1,2,5,2,2,1,1,0,0,0,0,0,796175,752,5832754,284,13,37048,52,56406
200576,11,5,2019,10,17,1,3,5,2,1,0,1,0,0,0,0,0,780873,764,5828322,241,13,14159,52,53243
200577,11,12,2019,10,16,1,3,2,6,0,0,1,0,0,0,0,0,793841,3304,5832776,67,13,33617,52,56552
200578,11,9,2019,10,3,1,2,8,1,2,0,1,0,0,0,0,0,806777,284,5818391,78,13,51318,52,42947
200579,11,8,2019,10,9,1,3,1,5,0,0,1,0,0,0,1,0,802061,4751,5821981,47,13,44728,52,46426
200580,11,4,2019,10,12,1,3,2,6,0,0,1,0,0,0,0,0,791236,294,5824986,867,13,29102,52,49709
200581,11,2,2019,10,15,1,3,6,4,0,0,1,1,0,0,0,0,800616,5426,5828462,289,13,43192,52,52315
200582,11,2,2019,10,11,7,3,0,7,0,1,1,0,0,0,0,0,797092,7863,5824685,556,13,37677,52,49123
200583,11,7,2019,10,12,7,3,0,6,0,0,1,0,0,0,0,0,797210,52,5815560,852,13,37037,52,40937
200584,11,9,2019,10,19,7,2,5,2,2,0,1,0,1,0,0,0,802361,3223,5825340,343,13,45472,52,49421
200585,11,5,2019,10,18,7,2,2,7,0,0,1,0,1,0,1,0,785895,4608,5829230,555,13,21621,52,53796
200586,11,1,2019,10,22,7,3,0,1,2,0,0,0,0,0,1,0,799190,121,5827726,447,13,4103,52,51734
200587,11,8,2019,10,19,7,3,5,3,2,0,1,0,0,0,0,0,803203,7266,5822728,925,13,46472,52,47033
200588,11,6,2019,10,17,7,3,5,3,1,0,1,0,0,0,1,0,793367,8094,5815508,79,13,314,52,41097
200589,11,8,2019,10,17,7,2,6,4,1,0,1,1,0,0,0,1,801565,1184,5821900,2,13,43992,52,46381
200590,11,6,2019,10,16,7,3,2,2,0,0,1,0,0,0,0,0,793549,5069,5820062,644,13,32066,52,4517
200591,11,1,2019,10,16,7,3,3,6,0,0,1,0,1,0,0,0,793962,7996,5828206,51,13,33391,52,52448
200592,11,5,2019,10,15,7,3,5,2,0,0,1,0,0,0,0,0,789675,122,5829303,71,13,27184,52,53661
200593,11,2,2019,10,15,7,3,5,3,0,1,1,0,0,0,0,0,799925,802,5825743,9,13,41932,52,49916
200594,11,7,2019,10,16,7,2,0,1,0,0,0,0,0,0,1,1,794731,6164,5825213,43,13,34256,52,49724
200595,11,4,2019,10,8,5,3,5,2,0,0,1,0,0,0,0,0,793914,1033,5825519,99,13,33082,52,50043
200596,11,5,2019,10,14,7,3,6,4,0,0,1,1,0,0,0,0,785620,2611,5832199,466,13,21472,52,56472
200597,11,11,2019,10,19,5,3,6,4,2,0,0,1,0,0,1,0,804903,367,5832974,478,13,49905,52,56121
200598,11,1,2019,10,14,7,3,1,5,0,1,1,0,0,0,0,0,797762,443,5828323,726,13,38986,52,52348
200599,11,8,2019,10,13,7,3,6,4,0,1,0,1,0,0,0,1,801331,956,5822166,562,13,43673,52,46633
200600,11,11,2019,10,11,7,3,6,7,0,0,0,1,0,0,1,0,805526,7018,5834714,75,13,50982,52,57646
200601,11,2,2019,10,2,7,3,1,5,2,1,1,0,0,0,1,1,800929,2293,5825858,591,13,43416,52,49964
200602,11,7,2019,10,18,6,3,5,2,2,1,0,0,1,0,0,1,794951,6794,5825644,97,13,34617,52,50099
200603,11,7,2019,10,3,6,2,0,1,2,1,0,0,0,0,0,1,796656,172,5824828,398,13,37048,52,49275
200604,11,8,2019,10,3,6,3,5,2,2,1,0,0,0,0,1,0,801735,9068,5823907,623,13,44424,52,48171
200605,11,7,2019,10,11,6,3,5,2,0,1,1,0,0,0,0,0,794999,4432,5825633,49,13,34686,52,50086
200606,11,7,2019,10,11,6,3,1,7,0,0,1,0,1,0,0,0,795709,9693,5824869,101,13,35662,52,49363
200607,11,3,2019,10,8,5,3,5,3,0,1,0,0,0,0,1,1,800484,8877,5836403,21,13,43718,52,5944
200608,11,4,2019,10,11,6,3,6,7,0,0,1,1,0,0,0,0,791981,203,5825245,731,13,30218,52,49901
200609,11,4,2019,10,19,5,3,1,5,2,1,1,0,0,0,0,0,791277,803,5826601,557,13,29303,52,51154
200610,11,11,2019,10,11,6,3,5,3,0,0,1,0,0,0,1,0,806909,6123,5832626,655,13,52823,52,55697
200611,11,2,2019,10,12,6,3,5,3,0,1,0,0,0,0,0,0,796945,9811,5824295,834,13,37426,52,48782
200612,11,2,2019,10,12,6,3,5,2,0,0,0,0,0,1,1,0,801134,7721,5828570,372,13,43963,52,52384
200613,11,8,2019,10,12,6,3,5,2,0,0,0,0,0,1,1,0,801318,5201,5819558,361,13,43419,52,44296
200614,11,11,2019,10,10,6,3,0,4,0,0,0,1,0,0,1,1,806625,1896,5833176,332,13,52456,52,56206
200615,11,4,2019,10,10,6,3,3,2,0,0,1,0,0,1,0,0,790375,1343,5825656,171,13,27895,52,50355
200616,11,1,2019,10,10,6,3,2,6,0,1,1,0,0,0,0,1,796454,888,5828233,178,13,37056,52,52338
200617,11,4,2019,10,9,6,3,0,1,0,0,0,0,1,0,0,1,793847,8786,5824906,846,13,32931,52,49497
200618,11,1,2019,10,9,6,2,5,3,0,1,1,0,0,0,0,1,796971,6266,5830138,511,13,37985,52,54018
200619,11,2,2019,10,5,5,3,9,1,1,0,1,0,0,0,0,0,797756,5989,5826062,437,13,38775,52,50321
200620,11,2,2019,10,8,6,3,1,5,0,1,1,0,0,0,0,0,800359,6266,5827741,206,13,4275,52,51683
200621,11,5,2019,10,7,5,3,2,6,0,0,1,0,0,0,1,0,781427,193,5828391,93,13,14979,52,53276
200622,11,7,2019,10,8,6,3,5,2,0,0,1,0,0,1,0,1,799070,7128,5821704,512,13,40314,52,46343
200623,11,4,2019,10,8,6,3,2,7,0,0,0,0,1,1,0,1,793867,7906,5823094,564,13,328,52,47871
200624,11,11,2019,10,7,5,3,2,7,0,0,1,0,0,1,0,1,804292,3107,5828449,448,13,48592,52,521
200625,11,4,2019,10,7,6,3,5,3,0,1,1,0,0,0,0,1,792968,3524,5825890,668,13,31725,52,50426
200626,11,11,2019,10,6,6,3,5,3,1,0,1,0,0,0,1,1,803331,1196,5830081,399,13,47329,52,53616
200627,11,1,2019,10,6,6,3,2,7,2,0,1,0,0,0,0,1,794118,5043,5830088,228,13,33786,52,54127
200628,11,11,2019,10,11,5,3,5,3,0,0,1,0,0,0,0,1,805987,963,5826846,82,13,50936,52,50568
200629,11,12,2019,10,0,6,2,6,4,2,0,1,1,0,0,0,1,794328,2067,5836224,713,13,34639,52,59617
200630,11,1,2019,10,19,6,3,6,4,2,1,0,1,0,0,0,1,799580,5301,5828027,678,13,41631,52,51983
200631,11,3,2019,10,19,6,3,5,3,2,1,1,0,0,0,0,1,799081,773,5833201,546,13,41364,52,56648
200632,11,6,2019,10,19,6,3,5,3,2,0,1,0,0,0,0,1,788835,1428,5819582,218,13,25107,52,44991
200633,11,3,2019,10,17,6,3,5,3,1,1,1,0,0,0,0,0,802091,2437,5830587,42,13,45552,52,54138
200634,11,11,2019,10,17,6,3,6,4,0,0,1,1,0,0,0,0,805197,9422,5828964,356,13,4997,52,52511
200635,11,2,2019,10,22,6,3,5,2,2,1,1,0,0,0,0,1,800374,2415,5827890,698,13,42785,52,51816
200636,11,5,2019,10,2,5,2,6,4,2,0,0,1,0,0,1,1,784139,8448,5827330,738,13,18877,52,52184
200637,11,2,2019,10,21,6,3,0,2,2,0,1,0,1,0,0,1,800272,47,5824372,183,13,42318,52,48668