OBJECTID,LAND,BEZ,UJAHR,UMONAT,USTUNDE,UWOCHENTAG,UKATEGORIE,UART,UTYP1,ULICHTVERH,IstRad,IstPKW,IstFuss,IstKrad,IstGkfz,IstSonstige,USTRZUSTAND,LINREFX,LINREFY,XGCSWGS84,YGCSWGS84,,,,
200638,11,1,2019,10,16,6,2,6,4,0,0,1,1,0,0,0,0,797411,9966,5831253,866,13,38733,52,54993
200639,11,2,2019,10,13,5,3,2,6,0,0,1,0,1,0,0,0,797794,5967,5824033,21,13,38649,52,485
200640,11,6,2019,10,16,6,3,0,7,0,0,0,0,1,0,1,1,795388,428,5818321,762,13,34611,52,43511
200641,11,3,2019,10,16,6,3,5,2,0,1,1,0,1,0,0,0,799081,9672,5830219,83,13,41095,52,53975
200642,11,2,2019,10,20,6,3,5,2,2,1,1,0,0,0,0,1,801754,3231,5826263,116,13,44665,52,50281
200643,11,12,2019,10,11,5,3,5,7,0,1,1,0,0,0,0,1,786409,5229,5838821,13,13,23205,52,62367
200644,11,1,2019,10,15,6,3,2,6,0,0,1,0,0,0,0,0,797205,792,5832002,87,13,38497,52,55676
200645,11,10,2019,10,14,6,3,5,3,0,0,1,0,1,0,0,0,809570,3222,5825056,652,13,56031,52,48762
200646,11,6,2019,10,20,6,3,2,6,2,0,1,0,0,0,0,1,793523,9933,5820665,367,13,32082,52,45712
200647,11,1,2019,10,10,5,3,1,5,0,1,1,0,0,0,1,0,796922,4691,5826850,694,13,3762,52,51073
200648,11,9,2019,10,20,6,3,0,1,2,1,0,0,0,0,0,1,811149,1169,5822074,307,13,58071,52,46
200649,11,2,2019,10,19,6,2,0,1,2,0,0,0,1,0,1,1,802812,5983,5826942,628,13,46281,52,50832
200650,11,11,2019,10,14,6,3,6,2,0,0,1,1,0,0,0,0,806996,8561,5825780,812,13,5232,52,49557
200651,11,6,2019,10,18,5,3,5,3,1,0,1,0,0,0,0,1,793425,588,5820368,851,13,31911,52,45452
200652,11,6,2019,10,14,6,3,5,3,0,1,1,0,0,0,0,0,795282,3621,5818607,528,13,3448,52,43773
200653,11,10,2019,10,14,6,3,5,3,0,1,1,0,0,0,0,0,813012,507,5831230,63,13,61664,52,54098
200654,11,6,2019,10,9,4,1,6,4,0,0,0,1,0,1,0,1,792071,4789,5818874,158,13,29793,52,44184
200655,11,8,2019,10,19,6,3,2,3,2,1,1,0,0,0,0,1,803603,9798,5817861,697,13,46617,52,42649
200656,11,9,2019,10,15,4,3,5,3,0,0,1,0,0,0,0,1,810837,8768,5818460,836,13,57278,52,42779
200657,11,12,2019,10,6,4,3,3,6,1,1,1,0,0,0,0,1,792601,7739,5839326,422,13,32372,52,62491
200658,11,3,2019,10,9,6,3,2,6,0,0,1,0,0,0,0,0,800917,5406,5831204,107,13,43883,52,54756
200659,11,6,2019,10,18,5,3,5,3,0,0,1,0,0,0,1,0,794316,62,5816909,457,13,32914,52,42303
200660,11,1,2019,10,13,5,3,1,5,0,1,1,0,0,0,0,0,799441,8442,5826523,985,13,41292,52,50643
200661,11,1,2019,10,17,4,3,5,2,0,1,1,0,0,0,0,0,795669,217,5829731,907,13,36035,52,53724
200662,11,2,2019,10,9,5,3,5,2,0,1,0,0,0,1,0,0,801787,2272,5828672,998,13,44932,52,5244
200663,11,12,2019,10,16,4,3,5,3,0,0,1,0,0,0,0,1,792609,7264,5833527,327,13,31871,52,57292
200664,11,8,2019,10,6,5,2,8,1,1,0,1,0,0,0,0,1,801720,4873,5823052,464,13,44324,52,47405
200665,11,10,2019,10,1,5,2,5,2,2,1,0,0,0,0,1,1,809577,5151,5832688,883,13,56752,52,55602
200666,11,1,2019,10,22,5,3,5,2,2,0,1,0,0,0,1,0,797845,19,5826961,291,13,38985,52,51122
200667,11,4,2019,10,16,4,3,5,3,0,0,1,0,0,0,0,1,789080,5715,5827172,497,13,26125,52,51783
200668,11,10,2019,10,21,5,2,6,4,2,0,1,1,0,0,0,0,806464,4174,5829702,705,13,51899,52,53101
200669,11,1,2019,10,20,5,3,0,2,2,1,1,0,0,0,0,0,799609,613,5827987,189,13,4167,52,51945
200670,11,4,2019,10,20,5,3,1,5,2,1,1,0,0,0,0,0,793480,2728,5824972,62,13,32397,52,49575
200671,11,4,2019,10,19,5,3,5,2,2,1,1,0,0,0,0,0,792600,2479,5824204,52,13,31037,52,48934
200672,11,4,2019,10,15,5,3,2,6,0,0,1,0,1,0,0,0,793775,4919,5826584,28,13,32972,52,51005
200673,11,2,2019,10,14,5,3,3,6,0,0,1,0,1,0,0,0,802748,5924,5826124,566,13,46112,52,50102
200674,11,4,2019,10,12,5,3,5,7,0,1,1,0,0,0,0,0,793919,6422,5825534,677,13,33092,52,50056
200675,11,8,2019,10,14,5,3,6,7,0,0,1,1,0,0,0,0,801193,8541,5823546,929,13,43596,52,47878
200676,11,11,2019,10,7,5,3,5,3,0,1,0,0,0,0,0,1,807349,9054,5825174,202,13,52782,52,48993
200677,11,1,2019,10,18,5,3,6,4,2,0,1,1,0,0,0,0,795291,2002,5826136,153,13,3516,52,50521
200678,11,5,2019,10,7,5,3,3,5,0,0,1,0,0,1,0,0,784384,9396,5828696,59,13,19354,52,53396
200679,11,7,2019,10,18,5,2,5,2,2,1,1,0,0,0,0,0,796000,7501,5824957,171,13,36097,52,49426
200680,11,4,2019,10,17,5,3,5,2,0,1,1,0,0,0,0,0,793635,695,5823953,88,13,32534,52,48654
200681,11,2,2019,10,21,5,2,3,6,2,1,1,0,0,0,0,1,798347,6965,5825310,518,13,39576,52,49615
200682,11,1,2019,10,14,5,2,6,4,0,0,1,1,0,0,0,0,799920,4924,5826585,652,13,42,52,50672
200683,11,1,2019,10,17,5,3,5,2,0,1,1,0,0,0,0,0,800044,8568,5827113,457,13,4223,52,51138
200684,11,7,2019,10,13,5,3,0,4,0,0,0,1,0,0,1,0,796680,3096,5815838,478,13,36285,52,41215
200685,11,11,2019,10,16,5,2,5,7,0,0,1,0,0,0,1,0,803795,279,5827699,225,13,47793,52,51455
200686,11,6,2019,10,16,5,3,5,2,0,0,1,0,0,0,0,0,790244,9942,5820069,745,13,27218,52,45353
200687,11,4,2019,10,15,5,2,5,3,0,1,1,0,0,0,0,0,793796,3756,5826908,208,13,33032,52,51294
200688,11,11,2019,10,16,4,3,4,5,1,0,1,0,0,1,0,1,803505,9773,5826621,619,13,4727,52,50506
200689,11,9,2019,10,15,5,2,6,4,0,1,0,1,0,0,0,0,807611,3522,5815414,643,13,52267,52,40232
200690,11,3,2019,10,13,5,3,5,3,0,1,1,0,0,0,0,0,803225,2649,5838029,16,13,479,52,60745
200691,11,9,2019,10,15,5,2,6,7,0,0,1,1,0,0,0,0,803509,3058,5824119,129,13,47047,52,48262
200692,11,4,2019,10,15,5,2,3,6,0,1,1,0,0,0,0,0,792860,5913,5826142,195,13,31589,52,50658
200693,11,10,2019,10,10,5,3,3,6,0,0,1,0,0,1,0,0,807607,956,5830678,905,13,5367,52,53912
200694,11,4,2019,10,16,4,3,5,2,0,1,1,0,0,0,0,1,790967,8749,5823011,108,13,28535,52,47952
200695,11,9,2019,10,6,5,3,5,7,2,0,1,0,0,0,0,1,804667,3622,5823483,469,13,48689,52,47628
200696,11,4,2019,10,8,2,3,6,4,0,0,1,1,0,0,0,0,793493,862,5826491,535,13,3255,52,50937
200697,11,1,2019,10,23,5,3,1,5,2,0,1,0,0,1,0,0,794859,4115,5831985,521,13,35044,52,55788
200698,11,12,2019,11,15,7,3,5,7,0,0,1,0,0,0,0,1,793664,9933,5832607,627,13,33342,52,5641
200699,11,12,2019,10,21,7,2,4,6,2,0,1,0,0,0,0,0,792945,578,5835345,391,13,32525,52,58903
200700,11,2,2019,10,0,3,3,0,3,2,1,0,0,1,0,0,1,797540,6837,5824968,729,13,3836,52,49352
200701,11,3,2019,11,10,6,3,5,7,0,1,1,0,0,0,0,0,801631,262,5831292,173,13,4494,52,54796
200702,11,2,2019,10,14,6,3,1,5,0,0,1,0,1,0,0,0,797602,4728,5824020,433,13,38366,52,48499
200703,11,12,2019,10,17,2,2,6,2,2,0,1,1,0,0,0,1,793556,295,5836912,148,13,33563,52,60275
200704,11,1,2019,10,12,5,3,3,6,0,0,1,0,1,0,0,0,795255,2403,5827309,31,13,35211,52,51574
200705,11,2,2019,10,1,1,2,5,3,2,0,1,0,0,0,0,0,799148,138,5825786,315,13,40794,52,49997
200706,11,4,2019,10,16,4,3,1,1,0,1,1,0,0,0,0,1,794187,5407,5824946,116,13,33433,52,49514
200707,11,3,2019,11,18,6,3,5,2,2,1,1,0,0,0,0,0,800148,8953,5837867,431,13,43356,52,60771
200708,11,3,2019,10,0,7,2,0,1,2,0,0,0,0,0,1,0,800956,5757,5829213,349,13,4376,52,5297
200709,11,7,2019,10,10,3,3,2,6,0,0,1,0,0,0,0,0,799152,8495,5819065,35,13,40198,52,43972
200710,11,6,2019,11,16,6,3,0,6,1,0,0,0,0,0,1,1,789355,3484,5819226,286,13,25839,52,44644
200711,11,4,2019,10,19,6,3,5,7,2,0,1,0,0,0,0,0,792865,3402,5825527,278,13,31542,52,50106
200712,11,4,2019,10,11,3,3,5,2,0,0,1,0,1,0,0,0,791783,584,5827061,712,13,30088,52,5154
200713,11,5,2019,11,9,6,3,2,6,0,0,1,0,1,0,0,0,785065,487,5827598,676,13,2026,52,52376
200714,11,4,2019,10,23,6,3,1,5,2,1,1,0,0,0,1,0,793192,8007,5826095,453,13,32073,52,50598
200715,11,4,2019,10,16,2,3,2,6,1,0,1,0,0,0,0,1,792749,4254,5826850,985,13,31488,52,51299
200716,11,4,2019,10,10,5,3,5,2,0,0,1,0,0,0,0,0,790367,8256,5827304,28,13,28028,52,51833
200717,11,12,2019,10,18,1,3,1,5,2,0,1,0,0,0,0,0,794080,1111,5832881,644,13,33977,52,56633
200718,11,4,2019,10,13,4,3,5,3,0,0,1,0,1,0,0,0,789594,7378,5826764,453,13,26845,52,5139
200719,11,1,2019,11,20,6,2,6,4,2,0,1,1,0,0,0,1,793722,8612,5828499,919,13,33064,52,52725
200720,11,2,2019,10,13,7,2,1,5,0,1,1,0,0,0,0,0,798291,3152,5825672,62,13,39525,52,49942
200721,11,2,2019,10,7,3,3,0,7,1,0,0,0,1,0,0,1,797111,4904,5824745,129,13,37709,52,49175
200722,11,8,2019,10,10,6,3,2,6,0,0,1,0,0,1,0,0,802056,6529,5822123,546,13,44734,52,46554
200723,11,10,2019,10,18,5,3,5,3,2,1,0,0,0,0,1,1,810639,8182,5826003,194,13,57689,52,4955
200724,11,1,2019,10,12,6,3,0,2,0,1,1,0,0,0,0,0,795860,551,5832062,544,13,36523,52,55803
200725,11,4,2019,10,7,2,3,2,6,0,1,1,0,0,0,0,0,789504,5482,5825149,176,13,26572,52,49946
200726,11,10,2019,10,18,5,3,6,4,2,0,1,1,0,0,0,0,807934,85,5829268,787,13,5402,52,5263
200727,11,8,2019,11,21,7,3,6,2,2,0,1,1,0,0,0,1,806497,4522,5815419,516,13,50636,52,40299
200728,11,1,2019,10,16,7,3,6,4,0,1,0,1,0,0,0,0,798016,8831,5828889,664,13,3941,52,52841
200729,11,1,2019,10,18,2,2,0,1,2,0,0,0,1,0,0,1,794490,3807,5830681,135,13,34386,52,54639
200730,11,8,2019,10,19,5,3,6,4,2,0,1,1,0,0,0,0,800375,484,5824520,516,13,42482,52,48795
200731,11,11,2019,11,8,7,2,3,6,0,0,0,0,1,0,1,1,805018,5994,5829961,172,13,49798,52,53414
200732,11,3,2019,10,17,7,3,2,4,2,0,1,1,0,0,0,0,805360,371,5841928,744,13,51403,52,64121
200733,11,1,2019,10,10,4,3,2,2,0,0,1,0,0,0,0,0,796165,1434,5832275,698,13,3699,52,55977
200734,11,12,2019,10,8,4,2,5,2,0,0,1,0,0,0,0,0,792646,8471,5835833,999,13,32129,52,59357
200735,11,1,2019,11,17,6,2,5,3,2,1,1,0,0,0,0,1,796955,3758,5826855,715,13,37668,52,51076
200736,11,2,2019,10,18,6,3,1,5,2,1,1,0,0,0,0,0,797992,2933,5826474,921,13,39158,52,50678
200737,11,9,2019,10,11,3,2,6,4,0,0,0,1,0,1,0,0,811007,8645,5821782,643,13,57836,52,45747
200738,11,1,2019,10,15,5,3,6,7,0,0,1,1,0,0,0,0,795591,1786,5830809,248,13,36016,52,54694
200739,11,3,2019,10,12,6,3,2,6,0,0,1,0,0,0,0,0,798054,6107,5835828,995,13,40089,52,59059
200740,11,11,2019,10,8,2,3,6,4,0,0,1,1,0,0,0,0,806440,4184,5826889,92,13,51605,52,50582
200741,11,8,2019,10,10,5,2,5,5,0,0,1,0,1,0,0,0,801056,1659,5823509,942,13,43391,52,47852
200742,11,3,2019,11,16,7,2,5,3,2,0,1,0,0,0,1,1,797140,3172,5838891,198,13,39018,52,61854
200743,11,9,2019,10,15,7,3,0,6,0,0,0,0,1,0,1,0,809558,5881,5821506,31,13,55684,52,45581
200744,11,7,2019,10,16,3,3,3,6,2,0,1,0,1,0,0,0,798062,5046,5821899,69,13,38852,52,46573
200745,11,1,2019,11,12,6,3,2,2,0,0,1,0,0,0,0,0,797855,2477,5826858,219,13,38991,52,51029
200746,11,2,2019,10,15,6,2,5,2,0,0,1,0,1,0,0,0,797698,6187,5825812,174,13,38667,52,501
200747,11,2,2019,10,18,2,3,2,6,2,0,1,0,0,0,0,1,798639,4642,5824687,859,13,39948,52,49041
200748,11,4,2019,10,7,4,3,1,6,0,0,1,0,0,0,1,0,790698,6274,5824569,293,13,28276,52,49363
200749,11,9,2019,10,19,3,3,5,3,2,1,1,0,0,0,0,0,806355,7324,5822134,691,13,51043,52,46325
200750,11,2,2019,11,14,6,3,5,3,0,1,1,0,0,0,0,0,798668,4792,5826432,568,13,40147,52,50603
200751,11,8,2019,10,16,6,3,5,2,0,1,1,0,0,0,0,0,803189,1687,5822738,882,13,46452,52,47043
200752,11,6,2019,10,13,2,3,0,2,0,1,1,0,0,0,0,1,794321,8584,5817572,681,13,3298,52,42897
200753,11,8,2019,10,13,5,3,1,5,0,1,1,0,0,0,1,0,801243,4506,5823811,442,13,43693,52,48112
200754,11,1,2019,10,12,6,3,2,2,0,0,1,0,0,0,0,0,796251,8713,5828496,738,13,36781,52,52585
200755,11,4,2019,10,20,2,1,0,7,2,0,1,0,0,0,0,1,788982,6565,5822251,24,13,25554,52,47376
200756,11,8,2019,10,14,5,1,6,7,0,0,0,1,0,1,0,0,801592,9434,5822558,458,13,44092,52,4697
200757,11,5,2019,11,14,7,3,1,5,0,0,1,0,0,0,0,1,784764,3827,5827169,804,13,19781,52,52008
200758,11,1,2019,10,21,7,3,1,5,2,0,1,0,0,0,1,0,797467,9184,5831464,623,13,38834,52,55179
200759,11,2,2019,10,12,3,3,5,2,0,1,1,0,0,0,0,0,799078,3491,5824615,65,13,40586,52,48951
200760,11,11,2019,11,10,6,3,6,2,0,0,1,1,0,0,0,0,805883,9948,5825863,228,13,50693,52,49693
200761,11,2,2019,10,14,6,3,1,5,0,0,1,0,0,0,0,0,800690,3382,5826558,303,13,43129,52,50605
200762,11,8,2019,10,17,2,3,2,6,2,0,1,0,0,0,0,1,802777,6297,5823387,819,13,45906,52,47648
200763,11,12,2019,10,7,5,3,2,6,0,0,1,0,0,0,0,0,795401,8398,5834030,659,13,36024,52,57592
200764,11,2,2019,10,4,1,3,1,5,2,0,1,0,0,0,0,0,801733,741,5825832,168,13,44594,52,49896
200765,11,1,2019,10,14,4,3,3,6,0,0,1,0,0,0,0,0,797734,1463,5827616,86,13,38881,52,51716
200766,11,2,2019,10,12,5,3,0,5,0,1,1,0,0,0,0,0,797569,1047,5825209,37,13,38423,52,49566
200767,11,1,2019,10,11,6,3,0,5,0,1,1,0,0,0,0,0,799040,9321,5827077,151,13,40752,52,5116
200768,11,9,2019,10,13,1,3,5,3,0,1,1,0,0,0,0,0,805814,123,5820339,766,13,50084,52,44747
200769,11,1,2019,10,17,4,3,5,2,2,1,1,0,0,0,0,0,795230,5272,5826625,853,13,35114,52,50963
200770,11,4,2019,11,19,6,3,5,2,2,1,1,0,0,0,0,1,793917,9272,5824957,728,13,33038,52,49539
200771,11,4,2019,10,19,7,3,6,4,2,0,0,1,0,0,1,0,793441,826,5824086,583,13,32262,52,48784
200772,11,5,2019,10,10,3,3,5,3,0,0,1,0,1,0,0,0,784134,27,5828729,93,13,18988,52,53439
200773,11,12,2019,11,8,6,3,0,6,0,0,1,0,0,0,1,0,795062,7316,5832467,535,13,35386,52,56209
200774,11,3,2019,10,13,6,3,5,3,0,0,1,0,0,0,1,0,801906,1729,5830326,968,13,45257,52,53915
200775,11,10,2019,10,16,2,2,6,4,0,0,1,1,0,0,0,0,809762,2803,5834464,449,13,57189,52,57182
200776,11,8,2019,10,10,5,3,0,1,0,1,0,0,0,0,0,0,799563,3662,5816390,255,13,40561,52,41552
200777,11,12,2019,10,14,7,3,5,3,0,0,1,0,0,0,0,0,793125,274,5833868,991,13,3266,52,5757
200778,11,11,2019,10,11,4,3,1,5,0,0,1,0,0,0,0,0,805192,518,5829220,731,13,49985,52,52741
200779,11,4,2019,10,17,4,2,4,7,2,1,0,0,0,0,1,0,791253,54,5828956,4,13,29475,52,53267
200780,11,9,2019,11,18,6,2,5,2,2,0,1,0,1,0,0,0,811761,438,5818271,175,13,58614,52,42557
200781,11,8,2019,10,12,7,3,5,3,0,0,1,0,0,0,0,0,801588,4907,5820150,19,13,43868,52,44811
200782,11,3,2019,10,17,3,2,0,7,2,1,0,0,0,0,0,0,799476,3914,5833291,105,13,41952,52,56706
200783,11,4,2019,11,18,6,3,5,3,2,1,1,0,0,0,0,1,792912,178,5824395,732,13,31511,52,49089
200784,11,2,2019,10,1,7,3,5,3,2,1,1,0,0,0,0,0,803102,327,5827119,47,13,46722,52,50974
200785,11,5,2019,10,6,3,3,5,2,1,1,1,0,0,0,0,0,786645,3069,5829241,803,13,22724,52,53767
200786,11,3,2019,10,9,5,3,0,3,0,0,1,0,1,0,0,0,800780,3715,5832464,909,13,43795,52,55894
200787,11,4,2019,10,13,6,3,5,2,0,0,1,0,1,0,0,0,793450,5777,5824353,441,13,32298,52,49022
200788,11,7,2019,10,11,2,2,5,3,0,0,1,0,1,0,0,0,797543,2582,5818305,609,13,37769,52,4338
200789,11,7,2019,10,19,5,3,6,4,2,1,0,1,0,0,0,0,796039,863,5823519,794,13,36026,52,48135
200790,11,8,2019,11,8,7,3,5,3,0,0,1,0,1,0,0,1,805921,3755,5816218,958,13,49865,52,41047
200791,11,2,2019,10,17,7,3,5,2,2,1,1,0,0,0,0,0,802636,38,5827910,317,13,46109,52,51709
200792,11,1,2019,10,8,4,3,2,6,0,1,1,0,0,0,0,0,797179,5752,5827492,875,13,38055,52,51635
200793,11,4,2019,10,18,4,1,5,5,2,0,1,0,1,0,0,0,793757,8731,5823089,38,13,32638,52,47873
200794,11,7,2019,11,16,6,3,5,3,2,1,1,0,0,0,0,0,793754,8158,5822077,792,13,32545,52,46966
200795,11,10,2019,10,17,6,3,0,3,1,0,1,0,0,0,1,0,806310,981,5830175,27,13,51717,52,53533
200796,11,12,2019,10,14,3,3,6,2,0,0,1,1,0,0,0,0,794029,2009,5838135,186,13,34369,52,61346
200797,11,1,2019,10,15,5,3,3,6,0,1,1,0,0,0,0,0,798579,2213,5828918,1,13,40239,52,52836
200798,11,4,2019,10,11,6,3,5,7,0,0,1,0,0,0,0,0,790249,744,5828028,306,13,27918,52,52488
200799,11,6,2019,10,8,2,3,5,3,0,1,1,0,0,0,0,0,788505,8321,5816873,118,13,2439,52,42579
200800,11,4,2019,10,9,5,3,6,2,0,0,0,1,1,0,0,0,791976,7164,5822376,98,13,29961,52,47329
200801,11,4,2019,10,17,5,3,1,5,1,1,1,0,0,0,0,0,791848,5583,5825272,7,13,30026,52,49932
200802,11,12,2019,10,9,6,3,6,2,0,0,1,1,0,0,0,0,792561,4087,5832814,226,13,31737,52,56655
200803,11,11,2019,10,9,2,3,5,2,0,1,1,0,0,0,0,0,803709,5786,5826763,361,13,47582,52,50621
200804,11,6,2019,10,16,5,2,6,4,2,0,1,1,0,0,0,1,790140,2616,5815557,942,13,26673,52,41314
200805,11,6,2019,11,22,7,3,5,3,2,1,1,0,0,0,0,1,795143,3537,5818244,83,13,34244,52,43454
200806,11,5,2019,10,16,7,3,2,6,0,1,1,0,0,0,0,0,782391,8917,5830484,7,13,16576,52,55103
200807,11,3,2019,10,5,4,3,6,6,2,0,1,1,0,0,0,0,803177,2949,5841356,731,13,48134,52,6373
200808,11,8,2019,10,17,3,3,6,4,2,0,0,1,1,0,0,0,803331,5879,5822481,402,13,46637,52,46804
200809,11,12,2019,11,14,6,3,6,4,0,0,1,1,0,0,0,0,795165,2662,5832495,946,13,35539,52,56229
200810,11,4,2019,10,16,6,3,5,2,0,1,0,0,0,0,1,0,790493,7503,5826547,439,13,28147,52,51147
200811,11,12,2019,10,17,2,2,2,6,2,0,1,0,0,0,0,0,795506,1855,5833434,726,13,36124,52,57052
200812,11,1,2019,10,13,5,3,0,1,0,0,0,0,1,0,0,0,793991,6194,5827833,56,13,334,52,52113
200813,11,6,2019,10,8,6,3,2,6,0,0,1,0,0,0,0,0,795654,5226,5816943,63,13,34879,52,42261
200814,11,12,2019,10,17,1,3,2,6,2,0,1,0,0,0,0,0,789874,9143,5835741,609,13,28041,52,59423
200815,11,4,2019,10,19,4,3,6,2,2,0,1,1,0,0,0,0,792670,19,5823057,226,13,31038,52,47902
200816,11,12,2019,11,17,6,3,5,3,1,0,1,0,0,0,0,1,792992,3033,5835645,553,13,32621,52,5917
200817,11,4,2019,10,14,7,3,0,7,0,0,0,0,0,0,1,0,793400,8964,5825195,136,13,323,52,4978
200818,11,10,2019,10,11,3,3,9,7,0,0,0,0,0,0,1,0,811775,2797,5831465,37,13,59868,52,5438
200819,11,2,2019,11,10,6,3,2,2,0,0,1,0,0,0,0,0,802446,4768,5826267,328,13,45682,52,50247
200820,11,2,2019,10,22,6,2,5,3,2,0,1,0,0,0,1,0,800586,6249,5827028,739,13,43019,52,51032
200821,11,7,2019,11,15,7,3,6,2,0,0,0,1,0,0,1,1,800651,746,5814136,408,13,41954,52,39472
200822,11,9,2019,10,14,7,3,5,3,0,0,1,0,0,0,0,0,809220,8547,5823023,457,13,5533,52,4696
200823,11,7,2019,10,14,3,3,2,6,0,0,1,0,0,0,0,0,796410,5697,5819759,128,13,36237,52,44744
200824,11,8,2019,11,10,6,2,2,6,0,0,1,0,1,0,0,0,801565,7967,5820650,15,13,4388,52,45261
200825,11,11,2019,10,15,6,3,0,2,0,0,1,0,0,0,1,0,803538,5047,5829731,344,13,47602,52,53291
200826,11,4,2019,10,18,2,3,5,3,2,0,1,0,0,0,0,1,790519,9564,5826494,613,13,28181,52,51099
200827,11,2,2019,10,12,5,3,2,6,0,0,1,0,0,0,0,0,803038,1182,5826971,265,13,46615,52,50845
200828,11,2,2019,10,2,1,3,5,3,2,0,1,0,0,0,0,0,802113,7322,5826365,461,13,45202,52,50353
200829,11,7,2019,10,16,4,3,5,2,0,0,1,0,1,0,0,0,795416,4971,5820986,527,13,34887,52,45898
200830,11,12,2019,11,18,6,3,6,2,2,0,1,1,0,0,0,1,795269,5409,5836363,999,13,36037,52,59691
200831,11,4,2019,10,11,7,3,5,3,0,0,1,0,0,0,0,0,789642,567,5826509,277,13,26893,52,51158
200832,11,9,2019,10,10,3,3,1,5,0,1,1,0,0,0,1,0,808625,1428,5818622,192,13,54049,52,43049
200833,11,2,2019,11,1,6,2,5,5,2,0,1,0,0,0,0,0,801687,2348,5825869,412,13,4453,52,49932
200834,11,2,2019,10,19,6,3,5,7,2,1,1,0,0,0,0,0,801679,9369,5825874,933,13,4452,52,49938
200835,11,1,2019,10,23,2,2,4,6,2,1,1,0,0,0,0,1,797901,7387,5828522,794,13,39208,52,52519
200836,11,8,2019,10,22,5,3,1,5,2,0,1,0,0,0,0,0,802463,9209,5817940,487,13,44953,52,42782
200837,11,6,2019,10,17,2,3,5,3,2,0,1,0,0,0,0,1,792410,7339,5817836,247,13,302,52,43236
200838,11,3,2019,10,4,5,3,5,2,2,0,1,0,1,0,0,0,799494,8286,5831770,177,13,41842,52,55342
200839,11,4,2019,10,19,1,3,6,2,2,0,1,1,0,0,0,0,792194,4105,5824737,689,13,30487,52,49434
200840,11,12,2019,10,13,4,3,2,6,0,0,1,0,0,0,0,0,795413,3581,5834067,48,13,36044,52,57624
200841,11,9,2019,11,21,6,2,0,1,2,1,0,0,0,0,0,1,812039,819,5821397,372,13,59314,52,45343
200842,11,6,2019,10,13,7,3,0,1,0,1,0,0,0,0,0,0,793195,2119,5817486,798,13,3132,52,4288
200843,11,3,2019,10,8,3,3,5,2,0,1,1,0,0,0,0,0,799785,6324,5829587,119,13,42073,52,53369
200844,11,1,2019,10,17,5,3,5,3,2,1,1,0,0,0,0,0,798548,3247,5827805,403,13,40094,52,5184
200845,11,5,2019,10,10,2,3,5,2,0,1,1,0,0,0,0,0,784551,7063,5828174,892,13,19555,52,5292
200846,11,5,2019,10,18,5,3,6,4,2,0,1,1,0,0,0,0,781606,9658,5828424,264,13,15246,52,53296
200847,11,1,2019,11,0,7,3,2,6,2,0,1,0,0,0,0,1,795190,997,5831031,164,13,35446,52,54915
200848,11,4,2019,10,17,7,3,5,3,1,1,1,0,0,0,0,0,794206,2843,5824955,356,13,33461,52,49521
200849,11,4,2019,10,8,4,3,2,6,0,0,1,0,0,0,1,0,791238,1602,5828951,869,13,29452,52,53263
200850,11,12,2019,10,19,3,3,5,2,2,1,1,0,0,0,0,0,789975,747,5833680,452,13,28008,52,5757
200851,11,12,2019,11,16,6,3,1,5,0,0,1,0,0,0,0,0,794822,7921,5833366,786,13,35113,52,57028
200852,11,9,2019,10,14,6,3,0,6,0,1,0,0,0,0,0,0,811575,9133,5823108,873,13,58793,52,46903
200853,11,6,2019,11,9,7,3,2,2,0,0,1,0,0,0,0,1,792717,5044,5816241,905,13,30511,52,4179
200854,11,5,2019,10,17,7,3,0,7,1,1,1,0,0,0,0,0,781739,1776,5828463,441,13,15444,52,53325
200855,11,6,2019,10,10,4,3,5,3,0,0,1,0,0,0,0,0,795189,6858,5821190,29,13,34572,52,46093
200856,11,1,2019,10,13,4,2,2,6,0,0,0,0,1,1,0,0,796259,301,5828501,38,13,36792,52,52589
200857,11,2,2019,11,21,6,3,5,3,2,1,1,0,0,0,0,1,800613,4675,5827116,752,13,43066,52,51109
200858,11,1,2019,10,19,6,3,5,2,2,1,1,0,0,0,0,0,797648,7189,5828129,82,13,38801,52,5218
200859,11,7,2019,10,12,3,2,5,3,0,1,0,0,1,0,0,0,797705,5543,5822197,892,13,38354,52,4686
200860,11,11,2019,10,15,5,3,0,2,1,0,1,0,0,0,1,0,803855,963,5829056,612,13,48007,52,52668
200861,11,4,2019,10,8,6,3,6,4,0,0,1,1,0,0,0,0,792457,4185,5828245,645,13,31182,52,52565
200862,11,1,2019,10,8,2,3,5,3,0,1,1,0,0,0,0,0,795738,5815,5829803,558,13,36143,52,53784
200863,11,1,2019,10,14,5,2,5,3,0,1,1,0,0,0,0,0,798716,6772,5828797,41,13,4043,52,5272
200864,11,1,2019,11,17,7,3,2,2,2,0,1,0,0,0,0,1,794961,5176,5830169,495,13,35033,52,54155
200865,11,1,2019,10,15,7,3,2,6,0,0,1,0,0,0,0,0,794136,6063,5830069,65,13,33811,52,5411