OBJECTID,LAND,BEZ,UJAHR,UMONAT,USTUNDE,UWOCHENTAG,UKATEGORIE,UART,UTYP1,ULICHTVERH,IstRad,IstPKW,IstFuss,IstKrad,IstGkfz,IstSonstige,USTRZUSTAND,LINREFX,LINREFY,XGCSWGS84,YGCSWGS84,,,,
201095,11,6,2019,11,14,7,3,5,3,0,0,1,0,0,0,0,1,792698,8979,5818055,682,13,30642,52,43417
201096,11,5,2019,11,19,7,2,0,1,2,0,0,0,1,0,0,1,784303,6978,5830577,844,13,19396,52,55087
201097,11,1,2019,11,14,7,3,0,1,0,0,0,0,1,0,0,1,794604,2655,5826142,62,13,34151,52,50564
201098,11,8,2019,11,14,7,3,6,2,0,0,1,1,0,0,0,1,800451,6321,5823644,417,13,42515,52,48006
201099,11,1,2019,11,14,7,3,2,6,0,0,1,0,0,0,1,1,796869,7945,5831905,156,13,37994,52,55607
201100,11,1,2019,11,18,7,2,1,5,2,0,1,0,0,0,0,0,798498,856,5828173,913,13,40054,52,52173
201101,11,12,2019,11,18,7,3,5,7,2,0,1,0,0,0,0,1,792769,3133,5832752,83,13,32038,52,56589
201102,11,1,2019,11,13,7,3,5,3,0,1,1,0,0,0,0,1,798353,8433,5828355,121,13,39857,52,52344
201103,11,7,2019,11,18,7,3,0,6,2,0,0,0,1,0,1,1,794953,1629,5822485,36,13,3434,52,47266
201104,11,7,2019,11,13,7,3,4,7,0,0,1,0,0,0,0,1,796367,5545,5819725,284,13,36171,52,44716
201105,11,8,2019,11,12,7,3,3,6,0,0,1,0,1,0,0,1,801076,7022,5824169,468,13,4348,52,48442
201106,11,9,2019,11,12,7,3,5,2,0,0,1,0,0,0,0,1,808323,873,5821628,949,13,53883,52,45761
201107,11,8,2019,11,11,7,3,2,6,0,0,1,0,0,0,0,1,802484,4367,5820682,83,13,45231,52,45239
201108,11,8,2019,11,11,7,3,2,6,0,0,1,0,0,0,0,1,801013,6127,5822138,14,13,43204,52,46625
201109,11,5,2019,11,0,7,3,1,1,2,0,1,0,0,0,1,1,786889,3553,5830105,81,13,23158,52,54528
201110,11,2,2019,11,0,7,3,0,1,2,1,0,0,0,0,0,1,801953,5809,5826797,987,13,45006,52,5075
201111,11,6,2019,11,23,7,3,5,2,2,0,1,0,0,0,0,1,792934,5674,5817747,22,13,30961,52,43128
201112,11,1,2019,11,23,7,3,1,5,2,1,1,0,0,0,1,0,799793,6513,5826996,673,13,41851,52,51047
201113,11,2,2019,11,22,7,3,5,2,2,1,1,0,0,0,0,1,803118,7159,5826178,995,13,46661,52,5013
201114,11,12,2019,11,22,7,3,2,6,2,0,1,0,0,0,0,0,790331,74,5833693,1,13,28533,52,57562
201115,11,1,2019,11,21,7,2,6,2,2,0,1,1,0,0,0,0,797899,164,5830307,316,13,39364,52,54118
201116,11,5,2019,11,21,7,2,2,6,2,0,1,0,0,0,0,1,784730,143,5827537,938,13,19762,52,52339
201117,11,2,2019,11,21,7,3,2,6,2,0,1,0,0,0,0,1,799505,538,5824517,584,13,41204,52,48841
201118,11,1,2019,11,18,7,3,0,1,2,1,0,0,0,0,0,1,796097,8628,5828420,433,13,36548,52,52525
201119,11,1,2019,11,11,6,3,5,2,0,1,1,0,0,0,0,0,796300,4186,5830596,309,13,3704,52,54465
201120,11,10,2019,11,23,6,3,1,5,2,0,1,0,0,1,0,1,812348,2805,5830464,7,13,60617,52,5345
201121,11,4,2019,11,23,6,3,5,3,2,0,1,0,0,0,0,1,793139,2814,5825759,835,13,31965,52,503
201122,11,2,2019,11,22,6,3,2,6,2,0,1,0,0,0,0,1,799702,9609,5825677,672,13,41599,52,4987
201123,11,10,2019,11,22,6,2,4,6,2,0,1,0,0,0,0,1,812906,506,5826024,812,13,61019,52,4944
201124,11,5,2019,11,21,6,3,5,2,2,0,1,0,0,0,0,1,779594,451,5827829,955,13,12236,52,52867
201125,11,9,2019,11,20,6,3,5,2,2,0,1,0,0,0,0,1,804100,3721,5823589,305,13,47866,52,47755
201126,11,2,2019,11,20,6,3,6,2,2,0,1,1,0,0,0,1,800273,474,5824361,163,13,42318,52,48658
201127,11,1,2019,11,19,6,2,6,4,2,0,1,1,0,0,0,1,796486,67,5830109,171,13,37269,52,54018
201128,11,5,2019,11,19,6,3,5,2,2,0,1,0,1,0,0,1,783787,4466,5828687,167,13,18475,52,53419
201129,11,6,2019,11,18,6,3,5,3,2,0,1,0,0,0,0,1,796293,827,5819677,495,13,36059,52,44677
201130,11,12,2019,11,18,6,3,5,3,2,0,1,0,1,0,0,0,793021,4875,5835689,67,13,32668,52,59207
201131,11,12,2019,11,18,6,2,6,7,1,0,1,1,0,0,0,0,793211,172,5832607,18,13,32674,52,56434
201132,11,3,2019,11,10,6,3,5,2,0,0,1,0,1,0,0,0,798883,545,5832696,67,13,41026,52,56206
201133,11,2,2019,11,9,6,3,3,6,0,0,1,0,0,0,0,0,798878,849,5825085,692,13,40334,52,49384
201134,11,11,2019,11,14,6,2,6,4,0,0,0,1,0,1,0,0,803356,6263,5830041,198,13,47363,52,53579
201135,11,5,2019,11,9,6,3,5,5,0,0,1,0,0,0,0,0,782716,6464,5827148,665,13,16769,52,52095
201136,11,3,2019,11,14,6,3,5,3,0,0,1,0,0,0,0,0,796299,4538,5835140,527,13,37444,52,58538
201137,11,8,2019,11,13,6,3,5,2,0,1,1,0,0,0,0,0,800620,1589,5823111,122,13,42715,52,47519
201138,11,12,2019,11,8,6,3,1,5,0,0,1,0,0,0,0,0,791553,3695,5833009,621,13,30271,52,56884
201139,11,8,2019,11,11,6,3,1,7,0,0,1,0,0,0,0,0,801135,4287,5823069,103,13,43467,52,47453
201140,11,4,2019,11,11,6,3,5,3,0,0,1,0,1,0,0,0,792084,9635,5828429,938,13,30651,52,5275
201141,11,2,2019,11,11,6,3,2,6,0,0,1,0,0,0,0,0,800161,2545,5824413,26,13,42158,52,48711
201142,11,2,2019,11,8,6,3,5,3,0,1,0,0,1,0,0,0,800454,1585,5828240,336,13,42934,52,52125
201143,11,7,2019,11,7,6,3,5,3,0,1,1,0,0,0,0,0,799994,8396,5814594,18,13,41032,52,39919
201144,11,7,2019,11,6,6,3,0,2,1,1,1,0,0,0,0,0,795882,6223,5816014,105,13,35131,52,41415
201145,11,5,2019,11,6,6,3,9,1,2,0,1,0,0,0,0,0,784801,8195,5828811,554,13,19977,52,53478
201146,11,11,2019,11,17,6,2,6,4,2,0,1,1,0,0,0,0,803852,3769,5828731,485,13,47972,52,52377
201147,11,4,2019,11,17,6,3,1,5,2,1,1,0,0,0,0,1,791795,4684,5826260,313,13,30035,52,50821
201148,11,4,2019,11,17,6,3,3,2,2,0,1,0,0,1,0,1,790429,1544,5825932,918,13,27999,52,506
201149,11,8,2019,11,17,6,3,6,4,2,0,0,1,0,0,1,0,801041,992,5823879,374,13,43403,52,48184
201150,11,12,2019,11,16,6,3,5,2,1,1,1,0,0,0,0,1,790240,5826,5835862,825,13,2859,52,59512
201151,11,8,2019,11,16,6,3,1,5,2,1,1,0,0,0,0,0,801061,3401,5822020,669,13,43264,52,46517
201152,11,8,2019,11,13,6,3,6,4,0,0,1,1,0,0,0,0,805181,6783,5817175,726,13,48868,52,41946
201153,11,1,2019,11,16,6,3,6,4,1,0,1,1,0,0,0,1,796661,9049,5832021,6,13,37698,52,55722
201154,11,5,2019,11,15,6,3,2,7,1,1,1,0,0,0,0,1,783601,6574,5829157,638,13,18242,52,5385
201155,11,5,2019,11,16,6,3,6,2,1,0,1,1,0,0,0,1,782890,2733,5826890,297,13,17003,52,51854
201156,11,2,2019,11,9,6,3,3,5,0,1,1,0,0,0,0,0,800897,51,5825927,218,13,43375,52,50028
201157,11,3,2019,11,15,6,3,1,5,0,1,1,0,0,0,0,0,797873,8708,5835264,958,13,39772,52,58564
201158,11,4,2019,11,15,6,3,5,2,1,0,1,0,0,0,0,0,791451,4327,5825070,209,13,29425,52,49772
201159,11,3,2019,11,15,6,3,5,3,0,1,1,0,0,0,0,0,798892,7114,5830385,953,13,40832,52,54134
201160,11,9,2019,11,15,6,3,5,3,0,1,1,0,0,0,0,0,818580,3739,5820448,514,13,68816,52,44115
201161,11,1,2019,11,15,6,3,2,6,0,1,1,0,0,0,0,2,794263,7875,5828140,431,13,33827,52,52373
201162,11,4,2019,11,15,6,3,5,2,0,1,0,0,1,0,0,0,793278,1215,5825411,644,13,32138,52,4998
201163,11,2,2019,11,16,5,3,6,4,1,0,1,1,0,0,0,1,801066,2167,5827134,985,13,43733,52,51101
201164,11,1,2019,11,8,5,3,0,5,1,1,1,0,0,0,0,0,796831,3186,5826603,606,13,37464,52,50857
201165,11,2,2019,11,20,5,3,2,2,2,0,1,0,0,0,0,0,799859,4353,5825691,176,13,4183,52,49873
201166,11,10,2019,11,20,5,3,9,1,2,0,1,0,0,0,0,0,810682,357,5832013,312,13,58313,52,54933
201167,11,12,2019,11,19,5,3,6,2,2,0,1,1,0,0,0,0,794398,811,5836235,235,13,34744,52,59622
201168,11,8,2019,11,17,5,3,0,6,2,0,1,0,0,0,1,0,800755,7089,5823437,488,13,42943,52,47804
201169,11,11,2019,11,17,5,3,2,6,2,0,1,0,0,0,0,0,806923,6162,5832608,8,13,52842,52,55679
201170,11,1,2019,11,17,5,3,6,2,2,0,1,1,0,0,0,0,796818,285,5831272,817,13,37861,52,55043
201171,11,6,2019,11,17,5,3,3,2,1,1,1,0,0,0,0,0,793359,9901,5821256,913,13,31893,52,46251
201172,11,11,2019,11,16,5,3,0,2,2,0,1,0,0,0,1,0,807234,95,5824085,2,13,52512,52,48024
201173,11,2,2019,11,18,5,3,3,5,2,1,1,0,0,0,0,0,799875,2963,5825885,681,13,41871,52,50047
201174,11,1,2019,11,15,5,3,2,2,0,1,1,0,0,0,0,0,798212,6297,5827423,525,13,39566,52,51516
201175,11,1,2019,11,15,5,3,2,2,0,0,1,0,0,0,0,0,795999,9434,5830329,622,13,36574,52,54242
201176,11,9,2019,11,14,5,3,2,6,0,0,1,0,0,0,0,0,806255,3782,5822165,696,13,50899,52,46358
201177,11,7,2019,11,17,5,3,5,2,2,0,1,0,1,0,0,0,794958,352,5825655,239,13,34628,52,50108
201178,11,9,2019,11,17,5,3,5,2,2,0,1,0,0,0,1,0,812120,7606,5816649,88,13,5899,52,41083
201179,11,3,2019,11,13,5,2,5,3,0,0,1,0,0,0,0,2,797871,133,5836026,165,13,39837,52,59246
201180,11,6,2019,11,17,5,2,1,5,2,1,1,0,0,0,0,1,787504,94,5817841,906,13,23004,52,43501
201181,11,12,2019,11,12,5,3,2,6,0,0,1,0,0,0,0,0,790580,3798,5835965,4,13,29099,52,59586
201182,11,2,2019,11,12,5,3,4,6,0,1,0,0,0,0,1,0,800502,4139,5828451,689,13,43024,52,52312
201183,11,4,2019,11,8,5,3,6,7,0,0,0,1,0,0,1,0,792429,2703,5828256,74,13,31141,52,52576
201184,11,11,2019,11,8,5,3,0,2,0,1,1,0,0,0,0,0,805112,9423,5829102,196,13,49858,52,52639
201185,11,1,2019,11,8,5,3,1,5,0,1,1,0,0,0,1,1,796675,3947,5827892,445,13,3735,52,5202
201186,11,4,2019,11,7,5,3,5,3,0,1,1,0,0,0,0,0,793067,1138,5822164,334,13,31543,52,4708
201187,11,3,2019,11,7,5,3,2,1,0,0,1,0,0,0,0,1,796746,904,5834025,182,13,38001,52,57514
201188,11,7,2019,11,7,5,3,5,2,0,1,1,0,0,0,0,0,797261,1767,5820737,602,13,37572,52,45575
201189,11,5,2019,11,5,5,3,6,4,2,0,0,1,0,0,1,1,781244,714,5830772,178,13,14912,52,5542
201190,11,6,2019,11,14,4,3,6,4,0,0,1,1,0,0,0,0,787679,8252,5816448,706,13,23142,52,42242
201191,11,1,2019,11,8,4,3,5,3,0,1,1,0,0,0,0,1,798030,202,5826600,304,13,39225,52,50788
201192,11,7,2019,11,8,4,2,0,5,0,0,1,0,0,0,1,1,796828,3353,5819571,926,13,36833,52,44554
201193,11,1,2019,11,9,4,3,5,2,0,1,1,0,0,0,0,1,794264,5656,5827283,128,13,33753,52,51605
201194,11,11,2019,11,8,4,3,6,4,0,0,1,1,0,0,0,1,802856,8305,5831360,804,13,46748,52,54789
201195,11,8,2019,11,8,4,3,3,6,0,0,1,0,0,1,0,1,800519,7025,5823425,441,13,42595,52,47806
201196,11,10,2019,11,8,4,3,5,2,0,0,1,0,0,0,812083,7893,Hellersdorfer Promenade,5831815,307,13,60354728,52,54675821,1
201197,11,10,2019,11,7,4,3,6,2,1,0,1,1,0,0,0,1,809641,6151,5829674,516,13,56565,52,52897
201198,11,3,2019,11,6,4,3,0,3,0,0,1,0,1,0,0,1,801941,4468,5832570,497,13,45512,52,55924
201199,11,11,2019,11,6,4,3,5,2,2,1,1,0,0,0,0,1,805764,6651,5831835,64,13,51067,52,55052
201200,11,4,2019,11,1,4,3,5,2,2,0,1,0,0,0,1,1,792824,1521,5823228,332,13,3128,52,48047
201201,11,6,2019,11,23,4,3,8,1,2,0,1,0,0,0,0,0,793302,8212,5816962,259,13,31432,52,42404
201202,11,7,2019,11,18,4,3,0,2,2,0,1,0,1,0,0,1,799272,4137,5819056,58,13,40373,52,43958
201203,11,4,2019,11,20,4,3,0,5,2,0,1,0,1,0,0,1,791851,9266,5826101,299,13,30104,52,50675
201204,11,1,2019,11,6,4,3,0,5,2,0,1,0,0,0,1,1,797686,343,5829637,847,13,38991,52,5353
201205,11,9,2019,11,17,4,3,5,2,2,1,1,0,0,0,0,1,809796,3605,5820483,126,13,55938,52,44651
201206,11,2,2019,11,16,4,3,0,5,1,1,1,0,0,0,0,1,800029,2933,5825521,607,13,42064,52,49712
201207,11,1,2019,11,18,4,3,6,7,2,0,0,1,0,0,1,1,795912,3403,5828853,251,13,36314,52,52923
201208,11,3,2019,11,16,4,2,6,2,2,0,1,1,0,0,0,1,802909,9391,5833159,466,13,4699,52,56398
201209,11,3,2019,11,16,4,2,5,3,2,0,1,0,0,0,0,1,800023,4298,5832024,315,13,42642,52,55541
201210,11,1,2019,11,15,4,2,5,3,1,1,1,0,0,0,0,1,797759,2682,5829747,607,13,39108,52,53624
201211,11,11,2019,11,15,4,3,5,3,0,1,1,0,0,0,0,1,806507,973,5825546,49,13,5158,52,49374
201212,11,1,2019,11,19,4,3,5,2,2,0,1,0,0,0,1,1,799650,5687,5827044,16,13,41645,52,51097
201213,11,1,2019,11,15,4,3,2,6,0,0,1,0,0,0,0,1,795195,424,5831365,204,13,35483,52,55214
201214,11,12,2019,11,15,4,3,5,3,0,0,1,0,0,0,0,1,793389,51,5832514,299,13,32929,52,56341
201215,11,11,2019,11,14,4,3,5,3,0,1,1,0,0,0,0,1,803456,2488,5826558,441,13,47191,52,50452
201216,11,2,2019,11,14,4,2,6,4,0,0,1,1,0,0,0,1,802046,3098,5826911,441,13,45152,52,50846
201217,11,9,2019,11,13,4,3,3,6,0,1,0,0,0,0,1,1,808959,2229,5819389,59,13,54609,52,43718
201218,11,7,2019,11,13,4,3,1,5,0,1,1,0,0,0,0,1,796932,8313,5823518,938,13,37338,52,48086
201219,11,3,2019,11,13,4,3,5,3,0,0,1,0,0,0,0,1,796970,2816,5835826,704,13,38493,52,59116
201220,11,11,2019,11,11,4,3,5,3,0,0,1,0,1,0,0,1,807312,3469,5825365,486,13,52745,52,49167
201221,11,8,2019,11,11,4,3,5,3,0,1,1,0,0,0,0,1,802114,9938,5823638,89,13,44957,52,47909
201222,11,6,2019,11,10,4,3,2,6,0,0,1,0,1,0,0,1,792139,57,5819531,487,13,2995,52,4477
201223,11,10,2019,11,9,4,2,5,3,0,0,1,0,0,0,0,1,810562,2767,5825072,59,13,57489,52,4872
201224,11,1,2019,11,8,4,3,5,2,0,1,1,0,0,0,0,1,799727,2583,5827762,843,13,41822,52,51737
201225,11,1,2019,11,16,4,3,0,1,2,0,0,0,1,0,0,1,797630,2891,5828236,28,13,38783,52,52276
201226,11,6,2019,11,9,3,3,6,7,0,0,1,1,0,0,0,0,795224,3218,5821146,867,13,34619,52,46052
201227,11,2,2019,11,17,3,3,0,7,2,0,0,0,1,0,0,1,802383,87,5827444,913,13,45695,52,51306
201228,11,1,2019,11,21,3,3,1,5,2,1,1,0,0,0,0,0,794135,1221,5828462,447,13,33667,52,52669
201229,11,7,2019,11,20,3,3,1,6,2,0,1,0,0,0,0,0,795117,4749,5821327,907,13,34479,52,4622
201230,11,1,2019,11,18,3,3,5,2,2,0,1,0,1,0,0,1,795583,4645,5826668,569,13,35636,52,50983
201231,11,2,2019,11,19,3,2,6,4,2,0,1,1,0,0,0,1,800097,788,5825908,514,13,422,52,50055
201232,11,11,2019,11,19,3,3,2,6,2,0,1,0,0,0,0,1,803606,1567,5829765,502,13,47704,52,53318
201233,11,7,2019,11,22,3,3,5,2,2,0,1,0,1,0,0,0,797851,3891,5822205,669,13,38569,52,46859
201234,11,12,2019,11,21,3,3,6,2,2,0,1,1,0,0,0,1,796337,151,5832502,892,13,37264,52,56172
201235,11,8,2019,11,0,3,3,6,2,2,0,1,1,0,0,0,0,802163,9395,5823374,922,13,45004,52,4767
201236,11,1,2019,11,11,3,3,6,7,0,0,1,1,0,0,0,1,798081,4189,5826800,689,13,39318,52,50965
201237,11,6,2019,11,10,3,3,2,2,0,0,1,0,0,0,1,0,795052,127,5819045,92,13,34181,52,44177
201238,11,3,2019,11,10,3,3,0,3,0,0,1,0,1,0,0,1,804240,8336,5841815,87,13,49743,52,64082
201239,11,8,2019,11,10,3,3,1,5,0,1,1,0,0,0,0,0,801480,4253,5823921,508,13,44051,52,48198
201240,11,1,2019,11,9,3,3,6,4,0,1,0,1,0,0,0,1,796537,7383,5827813,357,13,3714,52,51957
201241,11,3,2019,11,9,3,2,0,2,0,0,1,0,0,0,1,0,803225,1865,5838044,899,13,47901,52,60759
201242,11,3,2019,11,9,3,3,0,1,0,0,0,0,1,0,0,0,800881,3613,5831615,146,13,43867,52,55127
201243,11,8,2019,11,8,3,3,5,3,0,0,1,0,0,0,0,1,803357,677,5817393,21,13,46213,52,42242
201244,11,3,2019,11,8,3,2,0,3,0,1,1,0,0,0,0,1,800680,7677,5831567,299,13,43568,52,55095
201245,11,6,2019,11,8,3,2,6,4,0,0,1,1,0,0,0,1,795010,1833,5819657,662,13,34174,52,44729
201246,11,7,2019,11,7,3,3,6,4,0,0,1,1,0,0,0,0,795665,1163,5824476,74,13,35562,52,49013
201247,11,1,2019,11,8,3,3,0,4,0,0,0,1,1,0,0,1,796222,5112,5830762,874,13,3694,52,54618
201248,11,2,2019,11,7,3,3,1,5,0,0,1,0,0,0,0,0,796995,1244,5824255,63,13,37495,52,48742
201249,11,11,2019,11,7,3,3,5,2,0,1,0,0,0,0,1,0,805538,7203,5833408,496,13,5088,52,56475
201250,11,11,2019,11,7,3,3,0,1,0,1,0,0,0,0,0,1,802899,8843,5829212,583,13,46616,52,52861
201251,11,11,2019,11,6,3,3,5,2,1,1,0,0,0,0,0,0,803850,7161,5828776,416,13,47973,52,52418
201252,11,3,2019,11,2,3,3,8,1,2,0,1,0,0,0,0,1,799521,3837,5833955,3,13,42078,52,57299
201253,11,4,2019,11,18,3,3,0,1,2,1,0,0,0,0,0,0,792229,19,5830696,37,13,31062,52,54774
201254,11,3,2019,11,17,3,3,0,1,1,0,0,0,1,0,0,1,799133,6344,5833866,376,13,415,52,57241
201255,11,7,2019,11,17,3,3,0,1,2,0,0,0,1,0,0,1,796561,9071,5823810,98,13,36819,52,48368
201256,11,12,2019,11,16,3,3,5,3,2,1,1,0,0,0,0,1,790737,3324,5833706,288,13,29132,52,57552
201257,11,7,2019,11,16,3,3,3,6,0,0,1,0,1,0,0,1,796572,1307,5823846,104,13,36837,52,48399
201258,11,11,2019,11,17,3,3,5,7,2,0,1,0,1,0,0,1,804271,377,5827844,587,13,48506,52,51559
201259,11,1,2019,11,15,3,3,0,4,1,1,0,1,0,0,0,1,798755,6279,5828975,714,13,40504,52,52878
201260,11,2,2019,11,15,3,3,5,2,1,1,1,0,0,0,0,1,801126,644,5828575,599,13,43952,52,52389
201261,11,4,2019,11,15,3,3,5,2,0,1,1,0,0,0,0,1,791668,236,5823133,54,13,29574,52,48024
201262,11,7,2019,11,15,3,3,1,5,0,0,1,0,0,0,0,0,797505,9035,5820130,965,13,37877,52,45018
201263,11,2,2019,11,14,3,3,5,3,0,1,1,0,0,0,0,1,799912,76,5825985,1,13,41934,52,50134
201264,11,2,2019,11,14,3,2,5,2,0,1,1,0,0,0,0,1,797749,362,5824034,295,13,38583,52,48503
201265,11,9,2019,11,16,3,3,2,6,2,0,1,0,0,0,0,0,806204,2505,5820292,678,13,50652,52,44683
201266,11,1,2019,11,13,3,3,5,2,0,1,1,0,0,0,0,1,797775,827,5827350,948,13,38918,52,51475
201267,11,1,2019,11,12,3,3,5,3,0,0,1,0,1,0,0,0,797893,5844,5831001,197,13,39418,52,54741
201268,11,6,2019,11,12,3,3,5,3,0,1,1,0,0,0,0,0,790574,1855,5819763,491,13,27674,52,45061
201269,11,7,2019,11,12,3,3,0,1,0,0,0,0,1,0,0,1,795572,4943,5825157,458,13,35486,52,49629
201270,11,3,2019,11,12,3,3,5,3,0,1,0,0,0,0,0,0,798695,6333,5833450,53,13,40818,52,56892
201271,11,1,2019,11,11,3,3,3,6,0,1,1,0,0,0,0,1,794513,3693,5828437,812,13,34221,52,52626
201272,11,4,2019,11,5,3,3,1,5,2,1,1,0,0,0,0,0,791857,7281,5823626,719,13,29896,52,48456
201273,11,1,2019,11,22,2,3,0,1,2,0,0,0,1,0,0,1,795450,132,5829550,365,13,35696,52,53573
201274,11,1,2019,11,21,2,3,2,2,2,0,1,0,1,0,0,1,799457,329,5827067,3,13,41363,52,51129
201275,11,1,2019,11,20,2,3,2,6,2,0,1,0,0,0,1,1,794201,4962,5827151,79,13,33648,52,5149
201276,11,1,2019,11,18,2,3,7,7,1,1,0,0,0,0,0,1,794721,819,5830905,5,13,34745,52,54827
201277,11,4,2019,11,19,2,3,6,4,2,0,1,1,0,0,0,1,792971,8323,5826025,483,13,31742,52,50547
201278,11,1,2019,11,17,2,3,1,5,2,0,1,0,0,0,1,1,794793,1354,5829957,234,13,34767,52,53973
201279,11,7,2019,11,13,2,3,2,6,0,0,1,0,0,0,0,1,799196,2462,5820017,884,13,40347,52,44824
201280,11,7,2019,11,14,2,3,6,4,0,0,1,1,0,0,0,0,794950,9521,5825382,271,13,34593,52,49864
201281,11,12,2019,11,14,2,3,5,7,0,0,1,0,0,0,0,1,791450,8649,5836601,384,13,30436,52,60109
201282,11,12,2019,11,18,2,3,5,2,1,1,1,0,0,0,0,1,794845,7381,5833049,455,13,35119,52,56742
201283,11,9,2019,11,14,2,3,5,7,0,0,1,0,0,0,1,0,811202,1542,5821189,197,13,58066,52,45204
201284,11,3,2019,11,14,2,3,6,4,0,0,1,1,0,0,0,1,802089,595,5832462,103,13,4572,52,55819
201285,11,12,2019,11,18,2,3,5,3,1,0,1,0,0,0,0,1,794374,32,5836231,585,13,34708,52,59621
201286,11,4,2019,11,18,2,3,5,2,2,0,1,0,1,0,0,1,794203,5095,5824944,777,13,33456,52,49512
201287,11,7,2019,11,14,2,3,6,4,0,0,1,1,0,0,0,0,798112,3726,5819919,369,13,38748,52,44795
201288,11,6,2019,11,18,2,3,5,2,2,1,1,0,0,0,0,1,793276,9057,5819084,813,13,3158,52,44308
201289,11,5,2019,11,18,2,3,2,6,2,0,1,0,0,0,0,1,786149,9491,5829143,192,13,21987,52,53704
201290,11,2,2019,11,13,2,3,2,6,1,0,1,0,0,0,0,1,797117,7876,5824091,295,13,3766,52,48589
201291,11,9,2019,11,17,2,3,6,2,2,0,1,1,0,0,0,1,802657,269,5824415,366,13,45823,52,48575
201292,11,1,2019,11,13,2,3,0,3,0,0,1,0,1,0,0,1,795944,3268,5831560,657,13,36602,52,55348
201293,11,7,2019,11,13,2,3,1,5,0,0,1,0,0,0,0,0,797917,6226,5817153,796,13,38216,52,42327
201294,11,3,2019,11,13,2,3,5,3,0,0,1,0,0,0,1,1,802868,9139,5838271,411,13,47397,52,60982
201295,11,4,2019,11,13,2,3,5,3,0,0,1,0,0,0,0,1,792194,327,5824059,709,13,30427,52,48826
201296,11,6,2019,11,12,2,2,5,3,0,1,1,0,0,0,0,1,796263,294,5817908,6,13,35857,52,43093
201297,11,10,2019,11,12,2,3,0,3,0,0,1,0,0,0,0,1,813289,4941,5829072,118,13,61868,52,52148
201298,11,1,2019,11,16,2,3,6,4,2,0,1,1,0,0,0,1,795896,329,5831964,51,13,36567,52,55713
201299,11,4,2019,11,15,4,2,6,7,0,0,1,1,0,0,0,0,789447,81,5826676,132,13,2662,52,51318
201300,11,1,2019,11,15,4,2,5,2,0,1,1,0,0,0,0,0,793680,171,5828001,177,13,32957,52,5228
201301,11,12,2019,11,16,2,3,1,5,1,1,0,0,0,0,1,0,794222,6294,5833326,462,13,34226,52,57025
201302,11,8,2019,11,10,2,2,5,2,0,1,0,0,0,1,0,1,802753,7184,5822970,341,13,45833,52,47275
201303,11,6,2019,11,15,2,3,5,2,0,0,0,0,1,1,0,0,791751,3599,5819295,888,13,29361,52,44579
201304,11,8,2019,11,15,4,3,6,4,0,0,1,1,0,0,0,0,800993,9406,5822642,419,13,43221,52,47078
201305,11,5,2019,11,10,2,3,4,6,0,0,1,0,0,0,0,1,788076,7564,5829040,783,13,24812,52,53511
201306,11,4,2019,11,10,4,3,2,6,0,1,1,0,0,0,0,0,790600,6267,5825985,259,13,28255,52,50638
201307,11,9,2019,11,9,2,3,3,6,0,0,1,0,0,0,0,1,809743,8708,5820764,23,13,55887,52,44906
201308,11,1,2019,11,6,2,3,6,2,1,0,1,1,0,0,0,0,794554,5777,5829071,775,13,34337,52,53193
201309,11,8,2019,11,8,4,3,0,3,0,0,1,0,0,0,1,0,802549,3359,5822124,636,13,45457,52,46528
201310,11,8,2019,11,8,2,3,5,3,0,1,1,0,0,0,0,1,805278,6227,5817252,71,13,49017,52,42009
201311,11,6,2019,11,7,2,3,5,2,0,1,1,0,0,0,0,1,792369,4341,5820812,5,13,304,52,45906
201312,11,9,2019,11,7,2,3,2,6,0,0,1,0,0,0,0,1,803492,184,5820687,938,13,4671,52,45188
201313,11,12,2019,11,8,4,3,5,2,0,0,1,0,0,0,0,0,795786,906,5832580,132,13,36461,52,56271
201314,11,11,2019,11,6,2,3,5,2,1,0,1,0,1,0,0,1,806067,5933,5825805,775,13,50957,52,49631
201315,11,1,2019,11,7,2,3,0,6,1,1,1,0,0,0,0,1,797298,573,5831152,484,13,38557,52,54909
201316,11,11,2019,11,7,4,3,5,3,0,1,1,0,0,0,0,0,807228,229,5824304,402,13,52523,52,4822
201317,11,5,2019,11,7,2,3,5,2,0,0,1,0,0,0,1,1,785632,9421,5828030,249,13,21132,52,52734
201318,11,10,2019,11,6,4,2,5,2,2,0,1,0,1,0,0,0,811165,8587,5828366,984,13,58683,52,51638
201319,11,7,2019,11,6,2,3,6,2,1,0,1,1,0,0,0,1,796809,666,5821977,858,13,37019,52,46711
201320,11,11,2019,11,6,2,3,6,4,2,0,0,1,1,0,0,1,803811,5301,5826269,52,13,47687,52,50173
201321,11,1,2019,11,8,4,3,2,3,0,1,0,0,0,0,0,0,795155,563,5827075,522,13,35044,52,51371
201322,11,3,2019,11,16,4,3,5,2,2,1,0,0,0,0,1,0,801884,7892,5829850,555,13,45182,52,5349