OBJECTID,LAND,BEZ,UJAHR,UMONAT,USTUNDE,UWOCHENTAG,UKATEGORIE,UART,UTYP1,ULICHTVERH,IstRad,IstPKW,IstFuss,IstKrad,IstGkfz,IstSonstige,USTRZUSTAND,LINREFX,LINREFY,XGCSWGS84,YGCSWGS84,,,,
202236,11,2,2019,12,5,2,3,0,6,2,0,1,0,1,0,0,1,802215,6652,5827742,66,13,45477,52,51581
202237,11,3,2019,12,18,4,3,5,3,2,1,1,0,0,0,0,0,799723,33,5830079,385,13,42025,52,53814
202238,11,7,2019,12,18,2,3,6,2,2,0,1,1,0,0,0,1,797292,8614,5817293,395,13,37312,52,42486
202239,11,12,2019,12,18,2,2,6,2,2,0,0,1,0,0,1,1,793384,2665,5833150,17,13,32977,52,56912
202240,11,6,2019,12,17,4,3,5,2,2,0,1,0,0,0,0,0,795329,8552,5819980,902,13,34671,52,45001
202241,11,8,2019,12,17,4,3,5,2,2,1,1,0,0,0,0,0,800912,8102,5824454,712,13,43265,52,48707
202242,11,12,2019,12,18,2,2,6,2,2,0,1,1,0,0,0,1,793947,428,5836638,71,13,34115,52,60009
202243,11,8,2019,12,18,2,3,6,4,2,0,1,1,0,0,0,1,800788,5364,5824329,815,13,43072,52,48602
202244,11,3,2019,12,17,4,2,9,1,2,0,1,0,0,0,0,0,799221,843,5829275,631,13,41215,52,53121
202245,11,7,2019,12,17,4,3,5,2,2,1,1,0,0,0,0,0,794664,6966,5821802,186,13,33856,52,4667
202246,11,6,2019,12,17,2,3,5,2,2,0,1,0,0,0,0,1,793834,7012,5817555,716,13,32264,52,42908
202247,11,4,2019,12,13,4,3,2,6,0,1,1,0,0,0,1,0,794393,8737,5825715,429,13,33804,52,50192
202248,11,8,2019,12,17,2,3,5,2,2,0,1,0,0,0,1,1,802367,667,5817759,78,13,44794,52,42626
202249,11,4,2019,12,11,4,3,2,6,0,0,1,0,0,0,0,0,789033,737,5827002,942,13,26041,52,51633
202250,11,9,2019,12,10,4,3,5,3,0,0,1,0,0,0,0,0,808171,4997,5815764,214,13,5312,52,40514
202251,11,7,2019,12,17,2,2,2,2,2,0,1,0,0,1,0,1,798664,895,5816173,758,13,39223,52,41407
202252,11,7,2019,12,17,2,3,5,3,2,0,1,0,0,0,1,1,794975,77,5825092,64,13,34603,52,49602
202253,11,9,2019,12,10,4,3,6,7,0,0,1,1,0,0,0,1,811007,6184,5821782,102,13,57836,52,45746
202254,11,5,2019,12,9,4,3,0,1,0,0,0,0,1,0,0,0,781822,2934,5828434,944,13,15564,52,53295
202255,11,6,2019,12,17,2,3,2,6,2,0,1,0,0,0,0,1,794058,7438,5818770,204,13,327,52,43984
202256,11,1,2019,12,23,3,3,2,6,2,0,1,0,0,0,0,0,795255,9593,5826623,408,13,35151,52,5096
202257,11,8,2019,12,23,3,2,6,4,2,0,1,1,0,0,0,0,800972,5976,5824759,314,13,43381,52,48977
202258,11,3,2019,12,16,2,2,5,2,2,0,1,0,1,0,0,1,803000,61,5832007,154,13,47019,52,55361
202259,11,3,2019,12,16,2,3,5,3,2,0,1,0,0,0,1,1,799473,9816,5837476,866,13,42327,52,60458
202260,11,9,2019,12,20,3,3,5,2,2,1,1,0,0,0,0,0,806271,103,5820979,265,13,50813,52,45294
202261,11,6,2019,12,19,3,3,2,2,2,0,1,0,0,0,0,0,790146,4542,5819658,216,13,27037,52,4499
202262,11,5,2019,12,19,3,3,5,2,2,1,1,0,0,0,0,0,782383,2309,5827031,24,13,16269,52,52007
202263,11,10,2019,12,17,3,3,2,6,2,1,1,0,0,0,0,0,811181,1966,5829153,71,13,58779,52,52342
202264,11,4,2019,12,16,3,3,2,6,2,0,1,0,0,0,0,0,791660,1125,5823712,92,13,29613,52,48544
202265,11,4,2019,12,15,2,3,1,5,1,1,1,0,0,0,0,1,791927,2357,5827194,875,13,3031,52,51651
202266,11,8,2019,12,16,2,3,6,2,2,0,1,1,0,0,0,1,804868,9026,5817569,233,13,48445,52,42316
202267,11,1,2019,12,16,3,3,5,3,2,1,1,0,0,0,0,0,799131,1392,5827129,4,13,40889,52,51202
202268,11,10,2019,12,16,2,3,2,6,2,0,1,0,0,0,0,1,811203,6465,5828909,677,13,58789,52,52122
202269,11,6,2019,12,16,3,3,5,3,2,0,1,0,0,0,0,1,796880,8037,5817491,449,13,36726,52,42686
202270,11,4,2019,12,15,2,3,5,3,1,1,1,0,0,0,0,1,791761,8948,5826439,524,13,30001,52,50983
202271,11,4,2019,12,15,2,3,5,3,0,0,1,0,0,0,0,0,793289,235,5824602,429,13,32083,52,49254
202272,11,5,2019,12,16,3,2,6,4,2,0,1,1,0,0,0,0,784009,3788,5830505,634,13,18956,52,55038
202273,11,2,2019,12,13,2,3,5,2,0,0,1,0,1,0,0,0,803426,9667,5826923,135,13,47182,52,5078
202274,11,1,2019,12,13,2,3,1,5,0,1,0,0,0,1,0,0,798951,1119,5828949,217,13,40789,52,52843
202275,11,1,2019,12,12,2,3,2,6,0,0,1,0,0,0,1,0,793505,6406,5829361,697,13,32821,52,53509
202276,11,10,2019,12,10,3,2,0,7,1,1,0,0,0,0,0,0,806554,6955,5830221,92,13,5208,52,53561
202277,11,12,2019,12,5,3,3,6,2,2,0,1,1,0,0,0,0,794947,1876,5833094,492,13,35272,52,56777
202278,11,8,2019,12,11,2,3,0,3,0,0,1,0,1,0,0,1,803350,5371,5817401,44,13,46204,52,4225
202279,11,4,2019,12,11,2,3,2,6,0,0,1,0,1,0,0,0,793349,4737,5823003,373,13,32031,52,47817
202280,11,7,2019,12,15,3,3,5,2,0,1,1,0,0,0,0,0,794934,4837,5824320,312,13,34475,52,48913
202281,11,10,2019,12,11,2,2,5,3,0,0,1,0,0,0,0,0,812270,629,5827748,525,13,60247,52,51021
202282,11,3,2019,12,9,2,2,4,6,0,0,1,0,0,0,0,0,795926,107,5836461,342,13,37012,52,59742
202283,11,7,2019,12,15,3,3,5,2,0,1,1,0,0,0,0,0,799931,2509,5814007,693,13,40887,52,39397
202284,11,7,2019,12,13,3,3,5,3,0,1,1,0,0,0,0,1,799251,7202,5812641,973,13,39769,52,3821
202285,11,2,2019,12,9,2,3,5,2,0,1,1,0,0,0,0,0,798401,5808,5826418,732,13,39754,52,50605
202286,11,9,2019,12,9,2,3,1,5,0,0,1,0,0,0,0,0,812153,7452,5817822,522,13,59147,52,42133
202287,11,6,2019,12,13,3,3,0,1,0,1,0,0,0,0,0,1,786768,943,5817058,25,13,21857,52,42837
202288,11,10,2019,12,13,3,3,5,3,0,1,1,0,0,0,0,0,811113,234,5831265,985,13,58877,52,54239
202289,11,3,2019,12,7,2,2,5,3,1,1,0,0,0,0,1,1,800812,6694,5833502,985,13,43937,52,56823
202290,11,4,2019,12,7,2,3,5,3,2,1,1,0,0,0,0,0,793378,2099,5821960,191,13,31982,52,46881
202291,11,8,2019,12,6,2,3,5,3,1,1,0,0,0,0,1,0,801396,7215,5824766,876,13,44004,52,4896
202292,11,4,2019,12,13,3,3,5,3,0,1,0,0,0,0,0,0,793018,4882,5824224,464,13,31653,52,4893
202293,11,8,2019,12,6,2,3,5,3,2,1,1,0,0,0,0,0,802116,7599,5823637,627,13,44959,52,47908
202294,11,4,2019,12,12,3,3,5,2,0,0,1,0,0,0,0,0,790960,3925,5824830,286,13,28683,52,49583
202295,11,9,2019,12,6,2,3,5,2,2,1,0,0,0,0,1,1,809660,8491,5821507,81,13,55835,52,45577
202296,11,11,2019,12,6,2,3,5,3,2,0,1,0,0,0,0,0,805619,8521,5831775,87,13,50849,52,55007
202297,11,2,2019,12,12,3,3,0,2,0,1,1,0,0,0,0,0,797766,186,5826038,61,13,38786,52,50299
202298,11,3,2019,12,15,2,3,5,3,1,0,1,0,0,0,1,1,801612,6072,5836130,641,13,45353,52,59133
202299,11,1,2019,12,20,1,3,2,6,2,0,1,0,0,0,1,1,795356,2155,5831471,996,13,35729,52,55301
202300,11,1,2019,12,18,1,3,3,6,2,0,1,0,0,0,0,1,795685,2011,5830919,635,13,36164,52,54788
202301,11,5,2019,12,11,3,2,6,7,0,0,1,1,0,0,0,0,789557,4838,5829274,423,13,27009,52,53642
202302,11,11,2019,12,11,3,3,5,3,0,1,1,0,0,0,0,0,806133,5019,5826708,193,13,51137,52,50436
202303,11,7,2019,12,18,1,3,2,6,2,0,1,0,0,0,0,1,794982,5379,5825666,213,13,34664,52,50117
202304,11,8,2019,12,18,1,3,5,7,2,0,1,0,0,0,1,0,800427,9307,5823790,276,13,42494,52,48138
202305,11,4,2019,12,9,3,3,5,3,0,0,1,0,0,0,0,1,789790,5298,5827130,704,13,27165,52,51708
202306,11,8,2019,12,9,3,3,5,2,0,0,1,0,0,0,0,1,801025,6085,5817070,168,13,42765,52,42082
202307,11,3,2019,12,17,1,3,6,4,2,0,1,1,0,0,0,1,798075,79,5833617,85,13,3992,52,57076
202308,11,1,2019,12,16,1,3,5,3,2,0,1,0,0,0,0,1,796361,2234,5826128,432,13,36731,52,50456
202309,11,9,2019,12,9,3,3,5,3,0,1,1,0,0,0,0,1,807475,517,5817763,674,13,52284,52,42345
202310,11,5,2019,12,16,1,3,3,6,2,0,1,0,0,0,0,1,784965,468,5829420,677,13,20269,52,54015
202311,11,6,2019,12,16,1,3,1,5,2,0,1,0,0,0,0,1,787545,1608,5817948,633,13,23073,52,43594
202312,11,4,2019,12,8,3,3,0,2,0,0,1,0,1,0,0,1,792628,7063,5825452,597,13,31188,52,50052
202313,11,8,2019,12,7,3,3,6,2,2,0,1,1,0,0,0,1,802575,2636,5823075,119,13,45581,52,47378
202314,11,3,2019,12,15,1,3,5,3,1,0,1,0,0,0,0,1,802746,143,5839064,296,13,47289,52,617
202315,11,6,2019,12,15,1,3,3,6,0,0,1,0,0,0,0,1,787136,364,5817205,235,13,2241,52,42949
202316,11,4,2019,12,13,1,3,5,5,0,0,1,0,0,0,0,1,790894,4118,5827398,827,13,2881,52,51889
202317,11,8,2019,12,8,3,3,6,4,0,0,1,1,0,0,0,1,801399,6034,5816472,148,13,4326,52,41525
202318,11,7,2019,12,14,1,3,3,6,0,0,1,0,0,0,0,1,799941,1212,5821288,483,13,41554,52,45922
202319,11,12,2019,12,7,3,3,2,2,0,0,1,0,1,0,0,1,795748,4464,5837039,458,13,36803,52,6027
202320,11,5,2019,12,3,1,2,9,1,2,0,1,0,0,0,0,1,783343,6931,5827676,568,13,17736,52,52536
202321,11,8,2019,12,3,1,3,9,1,2,0,1,0,0,0,0,0,800986,1042,5822152,949,13,43165,52,4664
202322,11,10,2019,12,7,3,3,5,2,0,0,1,0,0,0,1,1,812367,8,5823889,438,13,60027,52,47557
202323,11,9,2019,12,7,3,3,6,4,2,0,1,1,0,0,0,1,806310,3664,5819359,833,13,50722,52,43841
202324,11,3,2019,12,7,1,3,0,7,0,0,0,0,1,0,1,1,799927,4026,5829773,176,13,42298,52,53528
202325,11,10,2019,12,6,3,3,4,6,2,1,1,0,0,0,0,1,810803,1,5827999,807,13,58115,52,5133
202326,11,12,2019,12,0,1,2,6,4,2,0,1,1,0,0,0,1,791323,9478,5838650,71,13,3043,52,61953
202327,11,7,2019,12,17,7,2,5,2,2,0,1,0,0,0,0,0,796580,896,5815865,638,13,36141,52,41245
202328,11,7,2019,12,9,3,2,6,3,0,0,0,1,0,0,1,0,797669,2802,5823706,617,13,38436,52,48214
202329,11,11,2019,12,16,3,1,6,4,2,0,1,1,0,0,0,0,803670,861,5829760,393,13,47798,52,5331
202330,11,5,2019,12,17,7,2,1,5,2,0,1,0,0,0,0,1,786573,5141,5829238,387,13,22618,52,53767
202331,11,7,2019,12,17,7,3,6,4,2,0,1,1,0,0,0,1,799785,6457,5813184,283,13,406,52,38666
202332,11,12,2019,12,11,3,1,9,1,0,0,1,0,0,0,0,0,785293,5202,5837213,182,13,21423,52,60985
202333,11,3,2019,12,17,2,3,4,5,0,0,1,0,0,0,1,0,798159,104,5833059,991,13,39993,52,56571
202334,11,10,2019,12,17,7,3,6,4,2,0,0,1,0,0,1,1,807573,7186,5830747,262,13,53626,52,53975
202335,11,12,2019,12,17,7,2,5,2,2,0,1,0,1,0,0,1,791746,104,5839573,717,13,31133,52,62758
202336,11,3,2019,12,6,2,3,2,6,2,0,1,0,0,0,0,0,801679,1148,5835903,412,13,4543,52,58926
202337,11,5,2019,12,16,7,3,2,6,2,0,1,0,0,0,0,0,785679,5196,5829271,477,13,21307,52,53844
202338,11,1,2019,12,23,2,3,2,6,2,0,1,0,0,0,0,1,793556,3558,5828903,393,13,32855,52,53095
202339,11,7,2019,12,15,7,3,5,3,0,0,1,0,0,0,0,0,799283,2933,5814284,552,13,39962,52,3968
202340,11,10,2019,12,21,7,3,2,6,2,0,1,0,0,0,0,1,809546,6322,5826922,748,13,5617,52,50436
202341,11,4,2019,12,21,2,2,0,1,2,1,0,0,0,0,0,1,788237,1276,5827767,504,13,24937,52,52361
202342,11,1,2019,12,21,2,3,5,3,2,0,1,0,0,0,0,1,795610,5665,5830517,203,13,36018,52,54431
202343,11,4,2019,12,20,7,2,6,4,2,0,1,1,0,0,0,1,794032,5483,5823103,229,13,33043,52,4787
202344,11,3,2019,12,12,7,3,0,5,0,0,1,0,0,0,1,1,798611,5759,5835825,711,13,40908,52,59026
202345,11,12,2019,12,21,2,3,6,2,2,0,1,1,0,0,0,1,791659,69,5834473,814,13,30556,52,58191
202346,11,2,2019,12,20,2,3,0,1,2,1,0,0,0,0,0,1,798763,1928,5824008,528,13,40069,52,48425
202347,11,4,2019,12,11,7,3,6,4,0,0,1,1,0,0,0,1,794317,8454,5825929,701,13,33711,52,50389
202348,11,12,2019,12,11,7,3,5,2,0,0,1,0,0,0,0,0,790132,7849,5835779,824,13,28424,52,59443
202349,11,4,2019,12,19,2,3,5,7,2,1,1,0,0,0,0,1,794367,2447,5825669,281,13,33761,52,50153
202350,11,1,2019,12,19,2,3,6,2,2,0,1,1,0,0,0,1,797906,4966,5830317,153,13,39376,52,54127
202351,11,4,2019,12,11,7,3,2,6,0,0,1,0,0,0,0,1,793923,3475,5825761,264,13,33117,52,50259
202352,11,8,2019,12,6,7,3,6,2,2,0,1,1,0,0,0,1,802023,5427,5823481,873,13,44808,52,47774
202353,11,5,2019,12,4,7,3,5,3,2,0,1,0,0,0,0,1,783046,96,5826061,55,13,17161,52,51103
202354,11,4,2019,12,16,2,3,3,6,2,1,1,0,0,0,0,0,793650,796,5826067,466,13,32743,52,50548
202355,11,6,2019,12,7,2,3,5,2,1,0,1,0,0,0,1,0,792007,6047,5818957,345,13,29707,52,44262
202356,11,4,2019,12,9,7,3,5,2,0,1,1,0,0,0,0,1,792667,5784,5823054,809,13,31035,52,479
202357,11,1,2019,12,1,7,3,8,1,2,0,1,0,0,0,0,1,796974,6614,5826705,424,13,37683,52,5094
202358,11,1,2019,12,9,2,3,0,3,0,0,1,0,1,0,0,0,796336,7568,5831650,34,13,37187,52,55407
202359,11,2,2019,12,6,2,3,5,3,2,0,1,0,0,0,1,0,798346,9798,5825549,214,13,39596,52,49829
202360,11,11,2019,12,19,7,2,6,4,2,0,1,1,0,0,0,1,806840,3518,5827740,414,13,5227,52,51322
202361,11,8,2019,12,19,7,3,5,3,2,0,1,0,0,0,1,1,801090,3293,5821972,964,13,43302,52,46473
202362,11,9,2019,12,5,2,3,5,3,2,1,1,0,0,0,0,1,807641,3515,5819358,644,13,52674,52,43765
202363,11,1,2019,12,19,7,3,5,2,2,0,1,0,0,0,0,1,796693,4257,5831634,478,13,3771,52,55374
202364,11,1,2019,12,18,2,3,3,6,2,1,1,0,0,0,0,1,794889,2155,5831280,14,13,35025,52,55154
202365,11,2,2019,12,18,7,3,2,6,2,0,1,0,1,0,0,1,798201,1233,5826382,696,13,39456,52,50584
202366,11,8,2019,12,18,7,3,1,5,2,1,1,0,0,0,0,1,802070,3494,5823442,89,13,44873,52,47735
202367,11,6,2019,12,18,2,3,2,6,2,0,1,0,1,0,0,0,795411,998,5817614,535,13,34583,52,42876
202368,11,12,2019,12,17,2,3,5,3,2,1,1,0,0,0,0,1,792559,8661,5832822,93,13,31736,52,56662
202369,11,11,2019,12,18,7,3,2,6,2,0,1,0,0,0,0,1,806340,8124,5826853,462,13,51455,52,50555
202370,11,8,2019,12,18,7,3,2,6,2,0,1,0,0,0,0,0,800897,2038,5823846,951,13,43188,52,48163
202371,11,1,2019,12,17,2,3,5,7,2,0,1,0,1,0,0,1,795310,281,5832243,637,13,3573,52,55995
202372,11,11,2019,12,17,2,3,2,6,2,0,1,0,0,0,0,1,805745,3024,5833555,975,13,51197,52,56595
202373,11,5,2019,12,18,7,3,5,2,2,1,1,0,0,0,0,1,787938,6055,5827887,629,13,24509,52,52484
202374,11,2,2019,12,20,6,3,6,4,2,0,0,1,0,0,1,0,797505,209,5824003,44,13,38221,52,48489
202375,11,10,2019,12,16,2,3,2,6,2,0,1,0,0,0,0,2,810356,8533,5831816,3,13,57816,52,54775
202376,11,9,2019,12,20,6,3,6,4,2,0,0,1,0,0,1,1,807701,3701,5817727,85,13,52612,52,423
202377,11,8,2019,12,14,2,2,0,3,0,0,0,0,1,0,1,1,805256,4531,5817385,557,13,48996,52,4213
202378,11,2,2019,12,13,2,3,2,6,0,0,1,0,0,0,0,0,798322,6994,5825114,179,13,39521,52,4944
202379,11,12,2019,12,20,6,2,4,6,2,1,0,0,0,0,0,0,787228,2787,5836084,627,13,24174,52,59871
202380,11,3,2019,12,12,2,3,9,1,0,0,1,0,0,0,1,1,800914,6622,5829196,318,13,43697,52,52957
202381,11,7,2019,12,16,6,3,6,4,2,1,0,1,0,0,0,1,795079,1756,5825806,797,13,34819,52,50237
202382,11,4,2019,12,9,2,3,2,6,0,0,1,0,0,0,0,0,793311,5968,5823898,701,13,32054,52,48622
202383,11,10,2019,12,18,1,3,5,3,2,0,1,0,0,0,1,1,806330,9182,5830178,569,13,51747,52,53535
202384,11,6,2019,12,17,6,3,6,2,2,0,1,1,0,0,0,1,793263,586,5819084,45,13,31561,52,44309
202385,11,12,2019,12,17,6,3,6,4,2,0,1,1,0,0,0,1,793386,13,5837768,309,13,33389,52,61051
202386,11,4,2019,12,2,1,3,5,3,2,0,1,0,0,0,0,1,793075,724,5825004,254,13,31805,52,49626
202387,11,9,2019,12,17,6,3,6,4,2,0,1,1,0,0,0,1,811039,3435,5821968,707,13,579,52,45912
202388,11,1,2019,12,17,6,3,0,2,2,0,1,1,0,0,0,1,798310,1139,5829387,754,13,39886,52,53272
202389,11,12,2019,12,17,6,3,6,2,2,0,1,1,0,0,0,1,795612,3387,5833076,894,13,36249,52,56725
202390,11,3,2019,12,17,6,3,6,4,2,0,1,1,0,0,0,1,801392,584,5831509,618,13,44609,52,55004
202391,11,4,2019,12,15,6,3,5,2,1,1,1,0,0,0,0,1,793334,31,5823067,532,13,32015,52,47876
202392,11,8,2019,12,17,1,2,1,5,2,0,1,0,0,1,0,1,805892,7135,5816925,332,13,49887,52,41682
202393,11,4,2019,12,19,1,3,5,3,2,1,1,0,0,0,0,1,792819,727,5821879,15,13,31154,52,46838
202394,11,10,2019,12,16,6,3,5,3,2,1,1,0,0,0,0,1,809874,8432,5831436,647,13,57072,52,54463
202395,11,8,2019,12,16,6,3,2,6,2,0,1,0,0,0,0,1,801212,7906,5817164,724,13,43048,52,42156
202396,11,6,2019,12,16,6,3,8,1,2,0,1,0,0,0,0,1,793030,9625,5818150,574,13,31138,52,43484
202397,11,12,2019,12,19,1,3,2,6,2,0,1,0,0,0,0,0,791176,3407,5830884,699,13,2953,52,54999
202398,11,1,2019,12,16,6,3,2,6,2,0,1,0,0,0,1,1,796461,561,5831649,509,13,3737,52,554
202399,11,6,2019,12,17,1,3,5,3,2,0,1,0,0,0,0,1,789719,2386,5818444,227,13,26305,52,43924
202400,11,6,2019,12,12,6,2,2,7,0,0,1,0,0,0,0,1,791014,188,5818627,909,13,28221,52,4402
202401,11,9,2019,12,22,6,3,6,2,2,0,1,1,0,0,0,1,812066,9852,5821206,835,13,59336,52,4517
202402,11,6,2019,12,17,1,3,6,7,2,1,0,1,0,0,0,1,787629,3641,5818129,555,13,23212,52,43752
202403,11,2,2019,12,21,6,3,6,2,2,0,1,1,0,0,0,1,799032,7271,5826075,67,13,4065,52,50263
202404,11,4,2019,12,20,6,3,5,7,2,0,1,0,0,0,1,1,792357,4517,5828664,444,13,31072,52,52946
202405,11,10,2019,12,19,6,3,2,6,2,0,1,0,0,0,0,1,809496,3944,5831430,625,13,56515,52,54479
202406,11,4,2019,12,16,1,3,5,3,2,0,1,0,0,0,0,0,791209,4445,5829731,7,13,29478,52,53963
202407,11,9,2019,12,19,6,3,5,3,2,0,1,0,0,0,0,1,807709,5473,5818115,241,13,5266,52,42647
202408,11,6,2019,12,19,6,3,5,3,2,0,1,0,0,0,0,1,793470,5239,5820167,247,13,31959,52,45268
202409,11,8,2019,12,14,1,3,5,3,0,1,1,0,0,0,0,1,800548,8694,5824778,16,13,4276,52,49017
202410,11,8,2019,12,19,6,3,2,6,2,0,1,0,0,0,0,1,801757,9517,5822043,234,13,44288,52,46499
202411,11,8,2019,12,14,1,2,5,2,0,0,1,0,0,0,0,1,806239,8661,5816367,322,13,50345,52,41162
202412,11,7,2019,12,19,6,3,0,4,2,1,0,1,0,0,0,1,795024,2116,5823837,194,13,34564,52,48475
202413,11,4,2019,12,18,6,3,2,6,2,0,1,0,0,0,0,1,790570,5711,5827354,22,13,28331,52,51867
202414,11,4,2019,12,13,1,3,2,6,0,0,1,0,0,0,0,1,790385,3998,5829032,4,13,28205,52,53381
202415,11,12,2019,12,11,1,3,5,2,0,0,1,0,0,0,0,1,791167,2519,5834028,102,13,29793,52,57818
202416,11,12,2019,12,18,6,3,6,4,2,0,1,1,0,0,0,1,791262,756,5836437,614,13,30145,52,59973
202417,11,4,2019,12,18,6,3,0,7,2,0,1,0,0,0,0,1,791588,2801,5825300,547,13,29646,52,49971
202418,11,9,2019,12,6,1,3,8,1,2,0,1,0,0,0,0,2,805509,3872,5821509,585,13,49744,52,45812
202419,11,4,2019,12,5,1,3,9,1,2,0,1,0,0,0,0,1,793516,7098,5826486,229,13,32584,52,50931
202420,11,4,2019,12,18,6,2,6,4,2,1,0,1,0,0,0,1,791528,3914,5822489,752,13,29312,52,47455
202421,11,5,2019,12,16,6,2,6,2,2,0,1,1,0,0,0,1,789210,131,5829267,959,13,26498,52,53655
202422,11,4,2019,12,16,6,2,0,7,2,1,0,0,0,0,0,1,792660,2197,5825767,23,13,31262,52,50332
202423,11,9,2019,12,5,1,3,9,1,2,0,1,0,0,0,0,1,813786,8915,5818810,987,13,61634,52,42925
202424,11,2,2019,12,14,6,3,5,3,0,0,1,0,0,0,0,1,802556,1195,5827390,821,13,45945,52,51248
202425,11,1,2019,12,1,1,2,5,3,2,1,1,0,0,0,0,1,799730,1518,5827539,762,13,41807,52,51537
202426,11,9,2019,12,14,6,3,5,2,0,1,1,0,0,0,0,1,807990,7561,5815469,408,13,52828,52,40259
202427,11,4,2019,12,10,6,3,5,3,0,1,1,0,0,0,0,1,790282,5033,5824205,667,13,27633,52,49059
202428,11,3,2019,12,12,1,3,2,6,0,0,1,0,0,0,0,0,801100,5334,5834663,613,13,44466,52,57847
202429,11,11,2019,12,9,6,3,5,3,0,0,1,0,0,0,0,1,804690,2383,5826668,96,13,49014,52,50482
202430,11,4,2019,12,9,6,3,6,4,0,0,1,1,0,0,0,1,790695,9009,5822714,865,13,2811,52,47701
202431,11,8,2019,12,8,6,3,5,7,0,1,1,0,0,0,0,0,801172,7026,5822731,32,13,43491,52,47148
202432,11,11,2019,12,0,1,1,6,4,2,0,1,1,0,0,0,1,806129,6254,5830144,447,13,51448,52,53516
202433,11,8,2019,12,14,7,2,5,7,0,0,1,0,1,0,0,1,801545,281,5824656,689,13,44212,52,48853
202434,11,2,2019,12,8,6,3,0,1,0,1,0,0,0,0,0,0,800154,1611,5824656,594,13,4217,52,4893
202435,11,8,2019,12,14,2,3,5,3,0,0,1,0,0,0,0,0,805259,2708,5817236,945,13,48987,52,41997
202436,11,8,2019,12,13,2,3,1,5,0,1,1,0,0,0,0,0,800712,8859,5823798,449,13,42913,52,4813
202437,11,12,2019,12,11,2,3,5,3,0,0,1,0,0,0,0,0,796698,9583,5833013,311,13,37842,52,56609
202438,11,8,2019,12,10,2,3,5,2,0,0,1,0,1,0,0,0,801020,6419,5823900,756,13,43374,52,48204
202439,11,4,2019,12,8,2,3,6,4,0,0,0,1,1,0,0,0,792767,3422,5830589,59,13,31844,52,54649
202440,11,6,2019,12,21,2,2,5,3,2,0,1,0,0,1,0,0,794482,9597,5816586,98,13,3313,52,42004
202441,11,9,2019,12,6,2,2,0,1,2,1,0,0,0,0,0,0,806522,6645,5822605,728,13,51332,52,46738
202442,11,8,2019,12,16,1,3,6,7,2,0,1,1,0,0,0,0,803392,594,5817533,829,13,46277,52,42367
202443,11,11,2019,12,15,1,3,5,3,0,0,1,0,0,0,0,0,803410,3577,5826620,938,13,4713,52,5051
202444,11,4,2019,12,14,1,3,2,6,0,0,1,0,0,0,0,0,791685,308,5823702,264,13,29649,52,48533
202445,11,6,2019,12,4,1,3,5,3,2,0,1,0,0,0,0,0,795662,8328,5818244,407,13,35006,52,43427
202446,11,4,2019,12,2,1,3,1,5,2,0,1,0,0,0,0,0,792139,7349,5826114,513,13,30528,52,50671
202447,11,11,2019,12,21,7,2,6,4,2,0,1,1,0,0,0,0,806882,673,5832599,53,13,5278,52,55674
202448,11,1,2019,12,21,7,3,1,5,2,0,1,0,0,0,1,0,798641,4761,5828885,229,13,40328,52,52803
202449,11,8,2019,12,20,7,3,2,2,2,0,1,0,0,0,0,1,803172,2454,5821961,847,13,46356,52,46348
202450,11,1,2019,12,17,7,3,6,7,2,0,1,1,0,0,0,0,796836,9495,5831562,889,13,37915,52,55302
202451,11,1,2019,12,16,7,3,0,1,2,1,0,0,0,0,0,0,795998,1443,5828687,65,13,36425,52,5277
202452,11,7,2019,12,17,7,3,6,4,2,0,1,1,0,0,0,0,798020,347,5821181,453,13,38725,52,45931
202453,11,2,2019,12,15,7,3,6,3,0,1,0,1,0,0,0,0,800734,159,5828488,312,13,43367,52,52332
202454,11,6,2019,12,14,7,3,6,4,0,0,1,1,0,0,0,0,795879,6559,5819859,13,13,35467,52,44862
202455,11,8,2019,12,13,7,3,5,3,0,0,1,0,0,0,1,0,803003,7524,5819891,92,13,45921,52,44502
202456,11,1,2019,12,12,7,3,5,3,0,0,0,0,0,0,1,0,798668,3023,5828150,346,13,40301,52,52143
202457,11,4,2019,12,12,7,3,5,7,0,0,1,0,1,0,0,0,791745,9242,5827246,31,13,30048,52,51707
202458,11,8,2019,12,12,7,3,6,4,0,0,1,1,0,0,0,0,800887,1957,5824280,219,13,43212,52,48552
202459,11,2,2019,12,7,7,3,5,3,2,1,1,0,0,0,0,0,801155,9098,5825955,241,13,43758,52,50038
202460,11,8,2019,12,23,7,2,0,1,2,1,0,0,0,0,0,0,800848,2109,5824514,695,13,43176,52,48764
202461,11,1,2019,12,0,7,2,5,3,2,0,1,0,0,0,1,0,799648,7025,5827039,634,13,41642,52,51093
202462,11,4,2019,12,0,6,2,8,1,2,0,1,0,0,0,0,1,792747,344,5827036,616,13,31502,52,51465
202463,11,1,2019,12,16,6,3,5,3,2,1,1,0,0,0,0,0,795130,1952,5829614,96,13,35232,52,53648
202464,11,2,2019,12,13,6,3,0,7,0,0,1,0,0,0,0,0,799506,9887,5824517,295,13,41207,52,4884