OBJECTID,LAND,BEZ,UJAHR,UMONAT,USTUNDE,UWOCHENTAG,UKATEGORIE,UART,UTYP1,ULICHTVERH,IstRad,IstPKW,IstFuss,IstKrad,IstGkfz,IstSonstige,USTRZUSTAND,LINREFX,LINREFY,XGCSWGS84,YGCSWGS84,,,,
202465,11,9,2019,12,10,6,3,3,6,0,1,1,0,0,0,0,1,810798,3568,5822472,423,13,57593,52,46377
202466,11,7,2019,12,10,6,3,0,3,0,0,0,0,1,0,1,1,795069,6735,5821620,117,13,34434,52,46485
202467,11,2,2019,12,9,6,3,8,1,0,0,1,0,0,0,0,1,798706,7547,5824670,25,13,40045,52,49021
202468,11,4,2019,12,7,6,3,5,3,1,1,0,0,0,0,1,0,790853,404,5823648,413,13,28422,52,48529
202469,11,1,2019,12,21,6,3,2,6,2,0,1,0,0,0,0,1,795841,8159,5826022,823,13,35958,52,5039
202470,11,5,2019,12,20,6,3,6,2,2,0,1,1,0,0,0,1,785200,787,5830989,67,13,2075,52,55409
202471,11,4,2019,12,19,6,3,1,5,2,1,1,0,0,0,0,0,792983,1748,5822335,656,13,31435,52,47239
202472,11,8,2019,12,17,6,3,2,6,2,0,1,0,0,0,0,1,801367,4298,5819295,65,13,43467,52,44057
202473,11,7,2019,12,17,6,3,5,3,2,1,1,0,0,0,0,1,796273,1528,5823229,24,13,36344,52,47862
202474,11,11,2019,12,16,6,3,5,3,2,0,1,0,0,0,0,1,805141,3927,5829994,533,13,49982,52,53437
202475,11,9,2019,12,19,6,2,6,4,2,0,1,1,0,0,0,1,814202,1797,5821282,295,13,62475,52,45116
202476,11,3,2019,12,14,6,2,0,1,0,1,0,0,0,0,0,1,798043,3684,5833591,8,13,39871,52,57054
202477,11,6,2019,12,9,6,2,5,3,0,1,1,0,0,0,0,1,789992,8808,5819150,955,13,26768,52,44543
202478,11,12,2019,12,17,5,3,2,2,2,1,1,0,0,0,0,1,795892,684,5833185,194,13,3667,52,56807
202479,11,8,2019,12,20,5,3,5,3,2,0,1,0,0,0,0,1,802483,9387,5823139,997,13,45453,52,47442
202480,11,10,2019,12,17,5,3,5,2,2,0,1,0,0,0,0,1,811142,72,5829166,158,13,58723,52,52356
202481,11,11,2019,12,17,5,3,5,3,2,0,1,0,0,0,0,1,804684,909,5830729,188,13,49377,52,54121
202482,11,11,2019,12,17,5,3,2,6,2,0,1,0,1,0,0,1,803731,8712,5826229,116,13,47566,52,50141
202483,11,8,2019,12,16,5,3,5,3,2,0,1,0,0,0,0,1,800670,1395,5824245,421,13,4289,52,48533
202484,11,1,2019,12,11,5,3,0,1,0,0,1,0,1,0,0,1,798304,308,5830113,415,13,39942,52,53922
202485,11,9,2019,12,9,5,3,0,1,0,1,0,0,0,0,0,1,814202,7415,5821334,285,13,62481,52,45162
202486,11,5,2019,12,2,5,3,8,1,2,0,1,0,0,0,0,1,784570,7211,5828185,6,13,19583,52,52928
202487,11,4,2019,12,0,5,3,0,1,2,0,0,0,0,0,1,1,791718,4076,5828239,882,13,30095,52,52599
202488,11,11,2019,12,15,5,2,5,1,0,0,1,0,0,0,0,1,806107,755,5830140,718,13,51415,52,53514
202489,11,9,2019,12,14,5,2,5,2,0,0,1,0,0,0,0,1,805016,5854,5822703,432,13,4913,52,4691
202490,11,1,2019,12,6,5,2,3,6,2,1,1,0,0,0,0,1,796971,2726,5831449,963,13,38102,52,55193
202491,11,4,2019,12,12,4,3,5,2,0,0,1,0,0,0,0,1,793891,2195,5823091,498,13,32834,52,47867
202492,11,1,2019,12,23,4,3,5,7,2,0,1,0,1,0,0,1,798024,2269,5830081,595,13,39528,52,53909
202493,11,4,2019,12,19,4,3,2,7,2,0,1,0,0,0,0,1,792340,1211,5825392,822,13,30759,52,50014
202494,11,7,2019,12,16,4,3,1,1,2,0,1,0,0,0,1,1,795440,3527,5820986,3,13,34922,52,45897
202495,11,8,2019,12,13,4,3,5,3,0,0,1,0,0,0,1,1,801895,1904,5816959,605,13,4403,52,41935
202496,11,4,2019,12,23,3,3,6,2,2,0,1,1,0,0,0,1,788803,6302,5825929,404,13,2561,52,50683
202497,11,9,2019,12,21,3,3,5,2,2,0,1,0,0,0,0,1,805015,8246,5822702,247,13,49129,52,46909
202498,11,5,2019,12,20,3,3,6,2,2,0,1,1,0,0,0,1,785231,4041,5831827,239,13,20867,52,56159
202499,11,10,2019,12,19,3,3,5,3,2,0,1,0,0,0,0,1,813483,5662,5829447,401,13,62189,52,52474
202500,11,11,2019,12,18,3,3,1,5,2,0,1,0,0,0,0,1,805221,9394,5833906,13,50459,52,56938,
202501,11,6,2019,12,18,3,3,8,1,2,0,1,0,0,0,0,1,794540,3614,5817690,445,13,33311,52,42991
202502,11,1,2019,12,14,3,3,0,1,0,0,1,0,1,0,0,0,795150,2521,5829394,983,13,35242,52,5345
202503,11,5,2019,12,13,3,3,0,6,0,0,1,0,0,0,1,1,787566,1842,5828029,729,13,23973,52,52631
202504,11,8,2019,12,13,3,3,6,4,0,0,1,1,0,0,0,0,801395,2479,5823748,119,13,4391,52,48047
202505,11,3,2019,12,11,3,3,5,2,0,1,1,0,0,0,0,0,799011,1789,5833158,611,13,41256,52,56613
202506,11,2,2019,12,10,3,3,5,3,0,1,0,0,0,0,0,0,801001,8472,5828043,538,13,4372,52,51919
202507,11,10,2019,12,9,3,3,2,2,0,0,1,0,0,0,0,0,810050,6804,5832619,397,13,57441,52,55512
202508,11,3,2019,12,20,2,3,6,4,2,0,1,1,0,0,0,0,801224,9799,5831966,173,13,44404,52,55422
202509,11,2,2019,12,17,2,3,2,2,1,0,1,0,1,0,0,0,799878,64,5825706,142,13,41859,52,49886
202510,11,10,2019,12,7,2,3,6,7,2,1,0,1,0,0,0,0,809823,105,5831966,78,13,57045,52,5494
202511,11,10,2019,12,13,2,3,2,6,0,0,1,0,0,0,1,1,809598,9592,5828501,584,13,56393,52,51848
202512,11,4,2019,12,12,2,3,6,7,0,0,1,1,0,0,0,1,788511,841,5827506,54,13,25318,52,52112
202513,11,9,2019,12,12,2,3,1,5,0,0,1,0,0,0,0,0,811341,7761,5822688,556,13,58411,52,46539
202514,11,2,2019,12,19,2,3,1,5,2,1,1,0,0,0,0,0,801337,2438,5826132,526,13,4404,52,50187
202515,11,4,2019,12,20,2,3,6,4,2,0,1,1,0,0,0,0,793929,439,5826192,219,13,33164,52,50645
202516,11,2,2019,12,18,2,3,5,7,2,0,1,0,0,0,0,0,803046,3058,5825837,441,13,46524,52,49828
202517,11,11,2019,12,12,2,2,6,4,0,0,1,1,0,0,0,1,804577,4705,5831044,969,13,49249,52,5441
202518,11,9,2019,12,17,2,3,2,6,2,0,1,0,0,0,0,0,804359,5413,5819755,693,13,47897,52,44304
202519,11,6,2019,12,16,2,2,9,1,2,0,1,0,0,0,0,0,795695,3719,5816868,965,13,34932,52,42192
202520,11,12,2019,12,16,2,3,2,6,1,0,1,0,0,0,0,0,790284,504,5835028,245,13,28581,52,58762
202521,11,6,2019,12,16,2,3,5,3,2,0,1,0,0,0,0,1,796232,1508,5818607,697,13,35873,52,43721
202522,11,8,2019,12,16,2,3,0,5,1,1,1,0,0,0,0,1,804713,2176,5817702,841,13,48229,52,42445
202523,11,12,2019,12,15,2,2,5,2,0,1,1,0,0,0,0,0,791159,7564,5833450,469,13,29731,52,573
202524,11,4,2019,12,11,2,2,9,7,0,0,1,0,0,0,0,1,790669,5364,5822718,619,13,28071,52,47705
202525,11,8,2019,12,11,2,3,5,3,0,1,1,0,0,0,0,1,801398,334,5820277,6,13,43601,52,44936
202526,11,6,2019,12,9,2,3,6,4,0,1,0,1,0,0,0,1,795146,1467,5821243,49,13,34513,52,46143
202527,11,4,2019,12,9,2,2,6,2,0,0,1,1,0,0,0,1,793991,4962,5826149,26,13,33251,52,50603
202528,11,2,2019,12,8,2,3,1,5,0,1,0,0,0,0,1,1,801242,7675,5825903,778,13,43881,52,49988
202529,11,1,2019,12,7,2,3,5,3,1,0,1,0,0,0,0,1,793761,8788,5831852,412,13,33418,52,55728
202530,11,8,2019,12,7,2,3,6,2,2,0,1,1,0,0,0,1,802031,1427,5823470,226,13,44818,52,47763
202531,11,5,2019,12,18,2,3,5,3,2,0,1,0,0,0,1,0,784712,728,5828600,636,13,19827,52,53293
202532,11,2,2019,12,14,1,3,0,1,0,1,0,0,0,0,0,1,798297,5239,5824513,238,13,3943,52,48903
202533,11,3,2019,12,14,1,3,0,5,0,0,1,0,0,0,0,0,800646,7225,5829381,82,13,4332,52,53137
202534,11,12,2019,12,12,1,2,5,2,0,1,1,0,0,0,0,0,794852,9766,5833077,829,13,35132,52,56768
202535,11,8,2019,12,12,1,3,5,2,0,0,1,0,0,0,0,1,801546,2909,5820647,214,13,43851,52,45259
202536,11,12,2019,12,9,1,3,2,2,0,0,1,0,1,0,0,1,791876,4015,5833393,416,13,3078,52,57211
202537,11,4,2019,12,8,1,3,5,3,0,0,1,0,0,0,0,1,793518,3704,5825716,438,13,32518,52,50241
202538,11,2,2019,12,7,1,3,5,3,2,0,1,0,0,0,0,1,799206,6449,5824557,178,13,40769,52,48893
202539,11,11,2019,12,18,1,3,1,5,2,0,1,0,0,0,0,1,806964,104,5825765,942,13,5227,52,49545
202540,11,12,2019,12,21,1,3,2,6,2,0,1,0,0,0,0,0,792879,1337,5832146,888,13,32146,52,5604
202541,11,4,2019,12,18,1,3,5,3,2,0,1,0,1,0,0,0,793133,7691,5825598,992,13,31943,52,50156
202542,11,1,2019,12,16,1,3,3,6,2,1,0,0,0,0,0,1,798798,6482,5829226,53,13,40589,52,531
202543,11,8,2019,12,14,1,3,1,5,0,0,1,0,0,0,0,0,804644,1134,5817817,277,13,48138,52,42551
202544,11,6,2019,12,13,1,3,5,3,0,0,1,0,0,0,0,0,785895,658,5816551,608,13,20534,52,42428
202545,11,7,2019,12,21,7,3,2,2,2,0,1,0,0,0,0,0,796892,9932,5822307,718,13,37172,52,47002
202546,11,2,2019,12,20,7,2,0,3,2,0,1,0,0,0,0,1,800637,657,5825688,154,13,42973,52,49828
202547,11,5,2019,12,19,7,3,2,6,2,0,1,0,0,0,1,1,781059,6923,5828357,43,13,14436,52,53264
202548,11,12,2019,12,17,7,2,0,4,2,0,0,1,0,0,1,0,796689,1357,5832921,149,13,37819,52,56527
202549,11,8,2019,12,16,7,3,0,1,2,0,0,0,1,0,0,1,801380,9501,5823760,684,13,4389,52,48059
202550,11,6,2019,12,14,7,3,2,2,0,0,1,0,0,0,0,1,790008,4255,5819157,343,13,26791,52,44548
202551,11,5,2019,12,13,7,3,2,7,0,0,1,0,0,0,0,0,784679,6554,5828253,279,13,19749,52,52983
202552,11,9,2019,12,13,7,3,6,4,0,0,1,1,0,0,0,0,814202,3817,5821303,64,13,62477,52,45134
202553,11,8,2019,12,13,7,2,5,2,0,0,1,0,0,0,0,0,805266,59,5817242,529,13,48998,52,42001
202554,11,6,2019,12,12,7,3,1,1,0,0,1,0,0,0,1,1,791698,5181,5816269,301,13,29019,52,41869
202555,11,7,2019,12,12,7,3,0,3,0,1,1,0,0,0,0,1,796513,9714,5816378,545,13,36089,52,41708
202556,11,7,2019,12,11,7,2,8,1,0,0,1,0,0,0,0,1,797597,6635,5815556,259,13,37605,52,40912
202557,11,12,2019,12,11,7,3,5,7,0,0,1,0,0,0,0,1,791744,3498,5832948,39,13,30547,52,56819
202558,11,12,2019,12,10,7,3,2,6,0,0,1,0,0,0,0,1,790131,67,5835996,25,13,2844,52,59637
202559,11,1,2019,12,10,7,3,2,6,0,0,1,0,0,0,0,0,797469,77,5828832,257,13,38601,52,5282
202560,11,2,2019,12,9,7,3,2,6,0,0,1,0,0,0,1,1,803653,2134,5827411,32,13,47558,52,51205
202561,11,8,2019,12,8,7,3,0,3,0,0,1,0,0,0,1,1,801459,2692,5823878,319,13,44016,52,4816
202562,11,2,2019,12,3,7,3,5,2,2,0,1,0,0,0,0,1,798586,5209,5825563,989,13,39949,52,49829
202563,11,10,2019,12,16,6,3,2,6,1,0,1,0,0,0,0,1,809183,9225,5833279,12,13,56228,52,56153
202564,11,1,2019,12,15,6,3,0,3,0,1,1,0,0,0,0,1,797415,29,5831909,822,13,38796,52,55581
202565,11,6,2019,12,17,6,3,0,7,2,0,1,1,0,0,0,1,793422,8659,5821329,349,13,31992,52,46313
202566,11,4,2019,12,16,6,3,5,3,2,0,1,0,0,0,0,0,791182,2225,5827451,83,13,29238,52,51921
202567,11,8,2019,12,16,6,3,1,5,2,1,1,0,0,0,0,1,801496,5233,5823944,778,13,44076,52,48218
202568,11,7,2019,12,20,6,3,5,2,2,0,1,0,0,0,0,1,797234,7,5820691,627,13,37528,52,45535
202569,11,3,2019,12,19,6,2,5,2,2,0,1,0,1,0,0,1,802803,8578,5838577,183,13,4733,52,6126
202570,11,4,2019,12,19,6,3,2,6,2,0,1,0,0,0,0,0,792721,2796,5825952,552,13,31368,52,50495
202571,11,11,2019,12,19,6,3,6,2,2,0,1,1,0,0,0,0,804494,162,5826390,566,13,487,52,50243
202572,11,12,2019,12,18,6,3,5,3,2,0,1,0,0,0,0,1,789631,4625,5839732,353,13,28032,52,63014
202573,11,1,2019,12,18,6,3,5,3,2,0,1,0,0,0,0,0,795163,6964,5827238,424,13,3507,52,51516
202574,11,7,2019,12,17,6,2,6,4,2,0,1,1,0,0,0,1,796543,958,5822753,464,13,36698,52,47421
202575,11,10,2019,12,10,6,2,6,4,0,0,1,1,0,0,0,1,809709,2047,5829684,884,13,56666,52,52902
202576,11,1,2019,12,16,6,3,6,2,2,0,1,1,0,0,0,1,795523,6547,5828187,929,13,35683,52,52348
202577,11,5,2019,12,17,6,3,6,4,2,0,1,1,0,0,0,0,781316,8346,5830754,249,13,15017,52,55401
202578,11,12,2019,12,10,6,3,0,5,0,1,1,0,0,0,0,1,790265,5247,5833690,775,13,28436,52,57564
202579,11,4,2019,12,9,6,3,5,3,0,1,1,0,0,0,0,1,792707,3579,5825893,924,13,31342,52,50443
202580,11,4,2019,12,9,6,3,5,3,0,0,1,0,0,0,0,0,792078,3737,5828571,927,13,30653,52,52878
202581,11,10,2019,12,8,6,2,6,4,0,0,1,1,0,0,0,1,811315,4022,5831727,134,13,59217,52,54641
202582,11,1,2019,12,7,6,3,2,2,1,1,1,0,0,0,0,0,798562,174,5826812,285,13,40025,52,50949
202583,11,11,2019,12,7,6,3,6,4,2,0,1,1,0,0,0,1,807525,8117,5827573,555,13,53262,52,51134
202586,11,2,2019,12,6,6,3,1,5,2,1,1,0,0,0,0,1,797727,5887,5826432,594,13,38765,52,50654
202587,11,11,2019,12,6,6,3,6,2,2,0,1,1,0,0,0,0,804850,8573,5827939,154,13,49366,52,51611
202590,11,12,2019,12,16,6,3,5,2,1,1,1,0,0,0,0,0,794864,7235,5833056,278,13,35147,52,56748
202591,11,2,2019,12,15,6,3,0,3,1,1,1,0,0,0,0,1,801323,7911,5826142,315,13,44021,52,50197
202593,11,6,2019,12,15,6,3,6,4,1,0,1,1,0,0,0,1,788737,633,5820190,241,13,25016,52,45541
202595,11,8,2019,12,14,6,2,6,4,0,0,1,1,0,0,0,1,805264,64,5817256,129,13,48996,52,42014
202596,11,7,2019,12,14,6,3,5,3,0,1,0,0,0,1,0,0,797737,4511,5819125,384,13,38127,52,44104
202599,11,4,2019,12,14,6,3,0,6,0,0,1,0,0,0,1,0,793514,6942,5825734,58,13,32514,52,50257
202600,11,2,2019,12,23,6,3,5,3,2,0,1,0,0,0,0,1,802542,7287,5826734,524,13,45866,52,5066
202602,11,10,2019,12,22,6,2,0,1,2,1,0,0,0,0,0,1,810571,4618,5831924,11,13,58142,52,5486
202603,11,3,2019,12,22,6,3,0,5,2,0,1,1,0,0,0,0,799528,5415,5831576,537,13,41874,52,55167
202606,11,4,2019,12,21,6,3,5,3,2,0,1,0,0,0,1,0,791443,2581,5827203,24,13,296,52,51685
202607,11,10,2019,12,14,6,3,5,2,0,1,0,0,0,0,1,0,809937,9325,5827049,218,13,56756,52,50527
202608,11,7,2019,12,14,6,3,3,6,0,1,0,0,0,0,0,0,794681,6155,5825212,528,13,34182,52,49726
202609,11,10,2019,12,17,6,2,5,2,2,1,1,0,0,0,0,1,812466,383,5830966,552,13,60837,52,53893
202610,11,10,2019,12,16,6,3,5,2,2,1,1,0,0,0,0,0,809778,769,5830711,3,13,56862,52,53818
202613,11,6,2019,12,14,6,3,3,6,0,0,1,0,0,0,0,0,787683,527,5818215,425,13,23298,52,43826
202615,11,6,2019,12,16,6,2,6,2,2,0,1,1,0,0,0,0,796475,5125,5818331,595,13,36206,52,43461
202618,11,8,2019,12,13,6,3,5,7,0,0,1,0,0,0,0,0,800359,6322,5824203,507,13,4243,52,48512
202622,11,6,2019,12,7,6,3,5,2,0,1,1,0,0,0,0,0,793169,8212,5818223,831,13,31348,52,43542
202623,11,1,2019,12,21,6,3,5,2,2,1,1,0,0,0,0,1,798080,9829,5830001,892,13,39604,52,53835
202626,11,5,2019,12,20,6,3,6,2,2,0,1,1,0,0,0,1,789209,6786,5829269,7,13,26497,52,53656
202629,11,1,2019,12,13,6,3,5,3,0,1,1,0,0,0,0,1,795617,6085,5829351,107,13,35925,52,53385
202630,11,3,2019,12,20,6,3,6,2,2,0,1,1,0,0,0,0,799700,1862,5837335,777,13,42647,52,60319
202633,11,5,2019,12,13,6,3,5,7,0,0,1,0,1,0,0,1,785405,5361,5830528,228,13,21012,52,54985
202634,11,6,2019,12,13,6,3,3,6,0,1,1,0,0,0,0,0,793726,7381,5821058,62,13,32414,52,46053
202638,11,5,2019,12,12,6,3,6,4,0,0,1,1,0,0,0,0,785254,7249,5832225,929,13,20936,52,56515
202640,11,7,2019,12,12,6,3,6,7,0,0,1,1,0,0,0,0,799124,5191,5823861,678,13,40586,52,48274
202643,11,1,2019,12,12,6,3,0,7,0,1,1,0,0,0,0,1,794906,6495,5826168,799,13,34598,52,50571
202647,11,11,2019,12,10,6,3,6,4,0,0,1,1,0,0,0,0,806412,4054,5825656,288,13,5145,52,49478
202648,11,1,2019,12,12,5,3,0,2,0,1,1,0,0,0,0,0,795446,5216,5831606,442,13,35874,52,55416
202651,11,7,2019,12,18,5,3,6,2,2,0,1,1,0,0,0,0,799752,6487,5814503,761,13,40669,52,39851
202652,11,8,2019,12,17,5,3,0,7,2,0,0,1,0,0,1,0,800679,2286,5824383,816,13,42916,52,48656
202655,11,7,2019,12,17,5,2,6,4,2,0,1,1,0,0,0,0,798008,9772,5820465,225,13,38645,52,4529
202658,11,7,2019,12,17,5,2,6,4,2,0,1,1,0,0,0,1,799805,2749,5813185,601,13,40628,52,38667
202659,11,4,2019,12,17,5,3,5,2,2,1,1,0,0,0,0,0,794019,3743,5823818,355,13,33087,52,48512
202663,11,3,2019,12,17,5,2,6,2,2,0,1,1,0,0,0,1,799228,1698,5837643,901,13,4198,52,60622
202665,11,5,2019,12,16,5,3,3,6,2,0,1,0,0,0,0,0,785196,9627,5829358,546,13,20605,52,53947
202668,11,10,2019,12,16,5,3,0,3,2,0,1,0,1,0,0,1,813775,5459,5830050,202,13,62675,52,52997
202669,11,4,2019,12,22,5,3,5,2,2,0,1,0,0,0,0,0,791791,9324,5827049,89,13,30099,52,51529
202671,11,6,2019,12,21,5,3,5,3,2,0,1,0,1,0,0,1,789359,2079,5815364,944,13,25511,52,41182
202674,11,7,2019,12,22,5,3,5,3,2,1,1,0,0,0,0,0,795698,2392,5825435,54,13,35695,52,49871
202675,11,2,2019,12,20,5,3,5,3,2,0,1,0,0,0,1,0,796877,9557,5823982,643,13,37299,52,48505
202678,11,2,2019,12,18,5,3,5,3,2,1,0,0,0,0,0,1,800385,6397,5826384,876,13,42665,52,50466
202679,11,7,2019,12,18,5,3,2,6,2,0,1,0,0,0,1,1,795226,4046,5823507,114,13,34831,52,48168
202682,11,6,2019,12,17,5,3,0,2,2,1,1,0,0,0,0,1,789088,9412,5816841,247,13,25242,52,4252
202684,11,4,2019,12,15,5,3,6,4,0,0,1,1,0,0,0,0,794480,2203,5825879,665,13,33945,52,50335
202687,11,8,2019,12,13,5,3,5,3,0,0,1,0,0,0,0,0,806729,1754,5817710,246,13,51185,52,42339
202688,11,11,2019,12,12,5,3,5,3,0,1,0,0,0,0,0,0,806201,2823,5827036,765,13,51267,52,50727
202691,11,4,2019,12,12,5,3,5,2,0,1,1,0,0,0,0,0,791508,965,5826852,59,13,29666,52,51366
202692,11,11,2019,12,9,5,3,2,7,0,0,1,0,0,0,1,0,805812,8724,5832288,34,13,5118,52,55455
202695,11,7,2019,12,8,5,3,2,6,0,0,1,0,0,0,1,1,798470,6582,5818152,322,13,39116,52,43192
202696,11,1,2019,12,8,5,3,5,7,0,1,1,0,0,0,0,0,799403,3193,5826428,732,13,41226,52,50559
202700,11,12,2019,12,8,5,3,0,2,0,0,1,0,0,0,1,0,790508,5159,5835338,454,13,28938,52,59028
202701,11,6,2019,12,8,5,3,2,6,0,0,1,0,0,0,0,0,789533,7319,5817451,424,13,25947,52,43044
202704,11,12,2019,12,16,5,3,5,3,2,1,1,0,0,0,0,0,788036,1204,5831023,949,13,24924,52,55291
202705,11,11,2019,12,6,5,3,5,3,2,0,1,0,0,0,0,0,805179,1149,5831384,162,13,50165,52,54681
202708,11,2,2019,12,14,5,3,2,6,0,0,1,0,0,0,0,0,799337,2537,5826210,177,13,4111,52,50367
202710,11,8,2019,12,14,5,3,1,5,0,1,1,0,0,0,0,0,802726,605,5822557,634,13,45756,52,46906
202713,11,9,2019,12,15,5,3,2,6,0,0,1,0,0,0,0,0,805719,7929,5818813,548,13,49806,52,43384
202714,11,1,2019,12,15,5,3,6,2,0,0,1,1,0,0,0,0,799494,9735,5828789,439,13,41573,52,5267
202717,11,11,2019,12,15,5,3,5,3,0,1,1,0,0,0,0,1,804587,2354,5829994,485,13,49167,52,53468
202718,11,7,2019,12,13,5,3,2,2,0,0,1,0,0,0,1,0,799141,2534,5816519,639,13,39953,52,41691
202721,11,5,2019,12,12,4,3,2,6,0,0,1,0,0,0,0,0,784788,5711,5828836,941,13,19959,52,53501
202723,11,10,2019,12,18,4,3,1,6,2,1,1,0,0,0,0,0,812159,8255,5831065,612,13,60396,52,54
202724,11,10,2019,12,4,4,3,0,6,2,0,1,0,1,0,0,1,809601,7489,5831209,999,13,5665,52,54275
202726,11,7,2019,12,18,4,3,1,7,2,0,1,0,0,0,0,0,795566,8185,5825474,4,13,35506,52,49913
202728,11,4,2019,12,6,4,3,5,7,2,0,1,0,0,1,0,0,792252,3099,5830683,95,13,31095,52,54761
202729,11,12,2019,12,9,4,3,5,3,0,0,1,0,0,0,0,0,792211,8279,5833720,763,13,31303,52,57486
202732,11,6,2019,12,8,4,2,5,2,0,1,1,0,0,0,0,0,792236,7665,5816667,465,13,29843,52,42197
202738,11,3,2019,12,8,4,3,5,3,0,1,1,0,0,0,0,0,800906,2398,5832083,89,13,43946,52,55545
202739,11,8,2019,12,7,4,3,6,4,2,0,1,1,0,0,0,0,805535,56,5818566,533,13,49513,52,43173
202743,11,3,2019,12,23,4,3,8,1,2,0,1,0,0,0,0,0,802339,397,5840967,591,13,46864,52,63428
202744,11,2,2019,12,21,3,3,6,4,2,0,1,1,0,0,0,0,802613,923,5826990,27,13,45992,52,50885
202745,11,12,2019,12,21,4,3,1,5,2,1,1,0,0,0,0,0,793100,8011,5837640,864,13,32958,52,60953
202746,11,4,2019,12,15,3,3,5,5,0,0,1,0,0,0,0,0,791330,2241,5826067,202,13,29334,52,50672
202747,11,12,2019,12,15,3,3,1,7,1,0,1,0,0,0,0,0,792685,3585,5835983,58,13,32199,52,59489
202748,11,9,2019,12,17,4,3,5,3,2,1,1,0,0,0,0,0,801690,4766,5824865,363,13,44444,52,49032
202749,11,1,2019,12,13,3,3,5,3,0,1,1,0,0,0,0,0,793850,568,5830086,21,13,33392,52,5414
202750,11,6,2019,12,12,3,3,0,6,0,0,1,0,0,0,1,0,793889,28,5820480,458,13,32602,52,45527
202751,11,4,2019,12,12,3,3,1,5,0,1,1,0,0,0,0,0,794383,7469,5825697,879,13,33788,52,50177
202752,11,8,2019,12,21,4,3,3,6,2,1,1,0,0,0,0,0,801007,621,5819751,59,13,4298,52,44486
202753,11,1,2019,12,2,3,3,2,7,2,1,1,0,0,0,0,1,799673,3953,5827039,882,13,41678,52,51092
202754,11,8,2019,12,18,3,2,5,2,2,0,1,0,0,0,0,0,802025,9825,5824301,472,13,44886,52,48508
202755,11,1,2019,12,21,4,3,5,2,2,0,1,0,0,0,0,0,796164,1226,5832274,726,13,36989,52,55976
202756,11,3,2019,12,15,3,2,5,2,0,0,1,0,0,0,0,0,800201,7114,5832140,317,13,42915,52,55635
202757,11,7,2019,12,14,4,3,3,6,0,0,1,0,0,0,0,0,794951,6046,5825651,56,13,34618,52,50105
202758,11,11,2019,12,11,3,2,6,4,0,0,1,1,0,0,0,0,809013,4431,5834371,29,13,56079,52,57141
202759,11,2,2019,12,19,2,3,6,7,2,1,0,1,0,0,0,0,797271,938,5824653,506,13,37937,52,49085
202760,11,4,2019,12,8,4,3,2,6,0,1,1,0,0,0,0,0,791908,7878,5826103,953,13,30188,52,50674
202761,11,10,2019,12,16,4,3,5,3,2,0,1,0,0,0,0,0,811967,2765,5829297,116,13,59947,52,52426
202762,11,6,2019,12,22,2,3,0,3,2,0,0,0,0,0,1,0,793994,109,5815486,816,13,32316,52,41044
202763,11,4,2019,12,19,2,3,2,2,2,0,1,0,0,0,0,0,794097,2636,5826438,565,13,33432,52,50857
202764,11,6,2019,12,18,4,3,0,7,2,0,1,0,0,0,0,0,794784,898,5818004,459,13,33697,52,43259
202765,11,11,2019,12,15,4,3,2,6,1,0,1,0,0,0,0,0,804847,4075,5827901,212,13,49358,52,51578
202766,11,1,2019,12,18,2,3,5,2,2,0,1,0,0,0,0,0,795898,1436,5831931,162,13,36567,52,55683
202767,11,1,2019,12,18,2,3,6,7,2,1,1,1,0,0,0,0,799730,6024,5827747,763,13,41826,52,51724
202768,11,1,2019,12,17,2,3,5,3,2,0,1,0,1,0,0,0,795718,4454,5828196,983,13,3597,52,52345
202769,11,1,2019,12,15,4,3,5,2,0,0,1,0,0,0,0,0,794907,6025,5830231,589,13,34959,52,54213
202770,11,3,2019,12,17,2,3,2,6,2,0,1,0,0,0,0,0,802278,935,5829275,946,13,45708,52,52953
202771,11,7,2019,12,18,4,3,0,7,2,1,0,0,0,0,0,1,798433,8284,5821074,703,13,39323,52,45813
202772,11,11,2019,12,16,2,3,5,3,2,1,1,0,0,0,0,0,805846,8473,5830095,538,13,51028,52,53488
202773,11,10,2019,12,16,2,3,2,6,1,0,1,0,1,0,0,0,809642,6371,5825781,83,13,56205,52,49408
202774,11,2,2019,12,18,4,3,1,5,2,1,1,0,0,0,0,1,798351,9431,5825293,431,13,3958,52,49599
202775,11,1,2019,12,15,2,3,3,6,0,0,1,1,0,0,0,0,799498,19,5828344,449,13,41538,52,52271
202776,11,1,2019,12,14,2,3,1,5,0,1,1,0,0,0,0,0,797455,1835,5827060,276,13,38421,52,51232
202777,11,1,2019,12,14,2,3,2,2,0,0,1,0,0,0,1,0,799730,882,5827547,138,13,41808,52,51544
202778,11,11,2019,12,18,4,2,5,2,2,0,1,0,1,0,0,0,805189,971,5827912,648,13,49862,52,51569
202779,11,1,2019,12,14,4,3,2,2,0,1,1,0,0,0,0,0,797197,6797,5827499,898,13,38082,52,5164